target_month,y,B_zero,B_histmean,B_histmean_CT,B_AR1,sigma2,Ridge_CTRL,ENet_CTRL,PCR_CTRL,XGB_CTRL,Ridge_CTRL_PLACEBO,ENet_CTRL_PLACEBO,PCR_CTRL_PLACEBO,XGB_CTRL_PLACEBO,Ridge_CTRL_GPRlevel,ENet_CTRL_GPRlevel,PCR_CTRL_GPRlevel,XGB_CTRL_GPRlevel,Ridge_CTRL_GPRdlag,ENet_CTRL_GPRdlag,PCR_CTRL_GPRdlag,XGB_CTRL_GPRdlag,Ridge_CTRL_GPRsurprise,ENet_CTRL_GPRsurprise,PCR_CTRL_GPRsurprise,XGB_CTRL_GPRsurprise,Ridge_CTRL_GPRasym,ENet_CTRL_GPRasym,PCR_CTRL_GPRasym,XGB_CTRL_GPRasym,Ridge_CTRL_GPRfull,ENet_CTRL_GPRfull,PCR_CTRL_GPRfull,XGB_CTRL_GPRfull,Ridge_CTRL_GPRexpo,ENet_CTRL_GPRexpo,PCR_CTRL_GPRexpo,XGB_CTRL_GPRexpo,Q5_CTRL,Q10_CTRL,Q25_CTRL,Q50_CTRL,Q75_CTRL,Q90_CTRL,Q95_CTRL,Q5_CTRL_GPRfull,Q10_CTRL_GPRfull,Q25_CTRL_GPRfull,Q50_CTRL_GPRfull,Q75_CTRL_GPRfull,Q90_CTRL_GPRfull,Q95_CTRL_GPRfull,COMB_equal_GPR,COMB_dmsfe_GPR,COMB_equal_CTRL,gpr_state_level,gpr_state_crisis
2018-11-23,0.0498845127504683,0.0,0.005474326058421602,0.005474326058421602,0.010245375602093036,0.0036189864238568175,0.0028484126006506952,0.003059761487626868,-0.001239961949949405,0.014519265852868557,0.003075298757962668,0.003059761487626868,0.009038591350922802,0.017996439710259438,0.0010187220444136894,0.003059761487626868,-0.0002732050535198217,0.007284821942448616,0.0007784549978613817,0.003059761487626868,0.005454620707693725,-0.0054602292366325855,0.0033227387491107483,0.003059761487626868,0.0001959278615045858,0.008291197009384632,0.003232773346393812,0.003059761487626868,0.00959664745581167,0.01756158098578453,0.003039971444260321,0.003059761487626868,0.009662078370291663,0.00565745122730732,-0.0008568954363608302,0.003059761487626868,0.006983311974688182,0.008063048124313354,-0.11832713335752487,-0.09874771535396576,-0.05494144931435585,0.016805175691843033,0.0585089735686779,0.08211815357208252,0.11619183421134949,-0.1172720193862915,-0.10642024129629135,-0.025931844487786293,0.014305872842669487,0.051627516746520996,0.08247338235378265,0.10296513140201569,0.004246316060021509,0.004246316060021508,0.004796869497799179,4.1178791848196665,0.0
2018-11-30,0.0133039656263629,0.0,0.005695272260869595,0.005695272260869595,0.0046887319757623145,0.0036324984791085376,0.008881852695657728,0.0065057467299071735,0.013294970509478515,0.021815959364175797,0.01425424672258747,0.0065057467299071735,0.01154277382141377,0.023887204006314278,0.007890018693448329,0.0065057467299071735,0.014338313947237311,0.010808800347149372,0.006680172102923732,0.0065057467299071735,0.0061191570717799145,0.0205336082726717,0.01094733121470719,0.0065057467299071735,0.015253048620544047,0.038515765219926834,0.00899431168310648,0.0065057467299071735,0.010281004816122047,0.011236680671572685,0.013135784990167324,0.0065057467299071735,0.013636937501875286,0.02900748886168003,0.008936338524506812,0.0065057467299071735,0.008137249953050832,0.01947816275060177,-0.08172205835580826,-0.07943259924650192,-0.04881034791469574,0.010761077515780926,0.03381812945008278,0.07158339023590088,0.11460226029157639,-0.08408132940530777,-0.08026924729347229,-0.004065202549099922,0.02031117118895054,0.029024336487054825,0.09969081729650497,0.10081657767295837,0.012206860650938114,0.012446156518087542,0.012624632324804803,4.212081473289939,0.0
2018-12-07,-0.0044150182091167,0.0,0.005732939059708671,0.005732939059708671,0.00723644262276892,0.0036167148993896383,0.0024026432417672263,0.003518549388235766,0.002032656547138888,-0.0009430153877474368,0.01066403960971576,0.003518549388235766,0.012126965116570673,0.024610668420791626,0.0024624031039602555,0.003518549388235766,0.002110999768630416,0.0005239632446318865,-0.0023831881217333366,0.003518549388235766,0.008572503497908598,0.0007048386614769697,0.0021520511471151906,0.003518549388235766,0.006411689894898542,0.005016864277422428,0.00533651413722122,0.003518549388235766,0.006164534575993719,0.013095670379698277,0.002271777407421403,0.003518549388235766,0.012712850036612058,0.007286483887583017,0.0009373170895880349,0.003518549388235766,0.008519422593316627,0.0005061774863861501,-0.11377314478158951,-0.08502683788537979,-0.039903707802295685,0.014440605416893959,0.024618003517389297,0.07102789729833603,0.11290781199932098,-0.09112199395895004,-0.08435429632663727,-0.025605300441384315,0.01419347058981657,0.023005541414022446,0.08227384090423584,0.11021102219820023,0.004313090391564419,0.004910957721315268,0.0017527084473486108,4.608760746494739,0.0
2018-12-14,0.1308729949579126,0.0,0.005682949122423817,0.005682949122423817,0.005991730031136444,0.003471291287680031,-0.0008584150793128622,0.0064964344427493005,0.018095435694851957,0.009647366590797901,0.003886665550142763,0.0064964344427493005,0.007265503533769367,0.025125274434685707,-0.001149629691853794,0.0064964344427493005,0.017910210768078846,0.006814511027187109,-0.005956660780525341,0.0064964344427493005,0.007036436422063879,-0.004902860149741173,-0.003117620588073941,0.0064964344427493005,0.010021543072029758,0.011155897751450539,-0.0014751198577326397,0.0064964344427493005,0.0021851064572418065,0.014418353326618671,-0.0038520330310684078,0.0064964344427493005,0.009471126404904663,0.015048143453896046,-0.00027439666099421996,0.0064964344427493005,0.003554270420917208,0.03477858006954193,-0.07868751138448715,-0.07527146488428116,-0.03205306455492973,0.008886021561920643,0.0444013886153698,0.07890401780605316,0.11263841390609741,-0.07635002583265305,-0.05966845527291298,-0.022964701056480408,0.006637743674218655,0.04182940721511841,0.0774279460310936,0.10507597029209137,0.006276852711268197,0.006833879379956897,0.008345205412271574,4.539024058821239,0.0
2018-12-21,0.0459022359154857,0.0,0.006296625817695821,0.006296625817695821,0.0053164812759068205,0.003695250502796318,0.007556873659820794,0.0040728576693811035,0.004527007242131483,-0.01648561842739582,0.011959331468784834,0.0040728576693811035,0.016038195787815478,0.026234757155179977,0.007390745183460777,0.0040728576693811035,0.005390355284628357,-0.019351685419678688,0.00749873276745377,0.0040728576693811035,0.010435211229709692,-0.01738029159605503,0.007843998348365348,0.0040728576693811035,0.005231804533053972,-0.024116935208439827,0.007115706189843518,0.0040728576693811035,0.01024829717722182,0.00040934470598585904,0.009011354470957111,0.004391252814394179,0.01693704055197997,4.7899291530484334e-05,0.014301740697998763,0.0040728576693811035,0.009306330296477521,0.02461465261876583,-0.11133992671966553,-0.0817677304148674,-0.020878804847598076,-0.014243974350392818,0.01763647235929966,0.07069399207830429,0.1171802505850792,-0.08123797178268433,-0.07646320015192032,-0.018512161448597908,-0.009734055958688259,0.022453567013144493,0.08297688513994217,0.11977802962064743,0.00415374342852329,0.004579664805216685,-8.221996401561009e-05,4.510738273239433,0.0
2018-12-28,0.001852195380414,0.0,0.00648982391573382,0.00648982391573382,0.010473281666986724,0.003525690729295813,-0.004478128394705312,-0.0013745410651983666,-0.020323997658343335,-0.004509287886321545,-0.005713133345133322,-0.0013745410651983666,0.014168049146213803,-0.027616843581199646,-0.004505175393759309,-0.0013745410651983666,-0.02048834333464271,-0.005979292560368776,-0.00505657583685326,-0.0013745410651983666,0.0071137394130971416,-0.007875671610236168,-0.004304105302663065,-0.0013745410651983666,-0.010779139348516795,-0.0018697703490033746,-0.0047115855310840326,-0.0013745410651983666,0.005189714971221679,0.00844216626137495,-0.0030498179703557556,-0.0008402470362272553,0.014194898091960895,0.005745203234255314,0.002950827558352879,-0.0013745410651983666,0.00999372256941955,0.02408573590219021,-0.11264321953058243,-0.07465174794197083,-0.045437540858983994,0.02536802925169468,0.056681495159864426,0.06752512603998184,0.11302546411752701,-0.10585550218820572,-0.1037953719496727,-0.025264983996748924,0.014650002121925354,0.058585572987794876,0.07275813072919846,0.11446056514978409,5.7649100090428604e-05,0.0009662424078976461,-0.0076714887511421396,4.600047408947206,0.0
2019-01-04,-0.0516439733445621,0.0,0.006467311155853627,0.006467311155853627,0.008031925868950194,0.0035221241099478526,-0.007965397270918722,-0.003564786789968192,-0.008366690570345498,0.003995873034000397,-0.012882007805158462,-0.003564786789968192,0.012700585108226768,-0.025297513231635094,-0.008577334332292557,-0.003564786789968192,-0.008062355995749074,-0.002730170963332057,-0.008852339162432317,-0.003564786789968192,-0.007657584256328769,0.0069807651452720165,-0.008067800169485025,-0.003564786789968192,-0.00847228438755002,0.0017835680628195405,-0.0078096573917378065,-0.003564786789968192,0.009250506934389582,0.016813628375530243,-0.012420003781967434,-0.0035502634106674945,0.013791322169838967,0.011411291547119617,-0.0020204206381292476,-0.003564786789968192,0.011002773782236429,0.021324150264263153,-0.11244715005159378,-0.07280538976192474,-0.04172859340906143,0.0031588496640324593,0.039167050272226334,0.061551790684461594,0.10855906456708908,-0.10376089066267014,-0.07514284551143646,-0.02975109964609146,0.0044443500228226185,0.05346718803048134,0.07852098345756531,0.10512422025203705,-0.00015358925658513376,0.0006676904632634971,-0.003975250399308004,4.3040726931127,0.0
2019-01-11,-0.0454442481194798,0.0,0.00618658031285645,0.00618658031285645,0.0062767509045559035,0.0035298912210436043,-0.010030841861074412,-0.00553068462572823,-0.006854537158192157,-0.031969428062438965,-0.015942747673174353,-0.00553068462572823,0.008656818105377126,-0.036268770694732666,-0.010624803748630188,-0.00553068462572823,-0.0070445325397389055,-0.036086417734622955,-0.01062195010781116,-0.00553068462572823,-0.007664712157326789,-0.04314049705862999,-0.008644083505367524,-0.00553068462572823,-0.00021048867720102182,-0.020935744047164917,-0.011098705512533849,-0.00553068462572823,0.004729040097682553,-0.04048709571361542,-0.010146241010358166,-0.005206224317095709,0.009822174947072085,-0.04341227561235428,-0.008280634522737928,-0.00553068462572823,0.006965736761265439,-0.03176484256982803,-0.14144977927207947,-0.09420745819807053,-0.051431652158498764,-0.0058671762235462666,0.023981165140867233,0.05824873223900795,0.10798068344593048,-0.12983019649982452,-0.08343187719583511,-0.02878134325146675,-0.008188262581825256,0.017679130658507347,0.05461512878537178,0.09290581941604614,-0.012562738339901578,-0.012272618102442786,-0.013596372926858441,4.381230105059551,0.0
2019-01-18,0.0825492887578303,0.0,0.005938355176162525,0.005938355176162525,0.003895302031536533,0.003612711831541666,0.001711511722928812,0.0035391897277766214,0.00371724202346362,-0.01746591366827488,-0.0009982956066148536,0.0035391897277766214,0.007978870130649234,-0.016066430136561394,0.0008950187034545585,0.0035391897277766214,0.003543947781620491,-0.0194089412689209,-0.0008331938991345171,0.0035391897277766214,0.004544210041292691,-0.026930764317512512,0.0015885839450362378,0.0035391897277766214,0.004656642589584184,-0.022055303677916527,0.0008999812868630032,0.0035391897277766214,0.010119219700332383,-0.029034381732344627,0.002828987819625665,0.004007424768538614,0.009433937505152425,-0.035674020648002625,0.0015055989479077839,0.0035391897277766214,0.006676714575352106,-0.03645941615104675,-0.13254006206989288,-0.09968901425600052,-0.03375641629099846,0.008021681569516659,0.027161305770277977,0.0767459124326706,0.10414709895849228,-0.12508420646190643,-0.09757083654403687,-0.05052295699715614,0.006383772473782301,0.009195721708238125,0.05204379931092262,0.08088728040456772,-0.004249991891301467,-0.004747385006502581,-0.0021244925485264564,4.30120809362404,0.0
2019-01-25,-0.0363259210040802,0.0,0.006304914666983901,0.006304914666983901,0.0037080170370334276,0.0035216533945974814,0.009970396903843357,0.0073804435754176514,0.016208080997619712,0.0010368800722062588,0.013053649362185666,0.0073804435754176514,0.009373481245180991,0.014777309261262417,0.00987828620543447,0.0073804435754176514,0.01608523637504641,0.002134476788341999,0.008623381909192197,0.0073804435754176514,0.013038810773923437,0.008088699541985989,0.010316410656208128,0.0073804435754176514,0.0165423263471453,-0.0034011011011898518,0.01079311522504594,0.0073804435754176514,0.012315004780028442,-0.0051723141223192215,0.012411259730540115,0.008181049355145388,0.010790174796741736,-0.008017407730221748,0.01291886786933751,0.0073804435754176514,0.006980615037498753,0.004335328005254269,-0.10491421818733215,-0.07253798097372055,-0.019915781915187836,-0.0035944399423897266,0.031120561063289642,0.05783122405409813,0.10340527445077896,-0.09572039544582367,-0.06442388147115707,-0.02971094660460949,-0.014026852324604988,0.03005947731435299,0.0496598519384861,0.10340435057878494,0.007656018263342813,0.008123434842957484,0.008648950387271745,4.527260646768963,0.0
2019-02-01,-0.0865866583593337,0.0,0.006101910687597882,0.006101910687597882,0.009183486419410553,0.003569840996374544,0.0010456463170672595,0.003949919075094388,-0.003050338523529761,0.008939312770962715,0.002668344998358452,0.003949919075094388,0.0077899929887971665,0.01902536116540432,0.000524400560031702,0.003949919075094388,-0.0029845957176093075,0.002669348381459713,-0.0010152211129074579,0.003949919075094388,5.400712023133879e-05,0.0002238671004306525,0.0005850991132998473,0.003949919075094388,-0.0020134410037225244,0.0019413225818425417,0.00047355365116959463,0.003949919075094388,0.00794982942831063,-0.0070869168266654015,0.0014765605253836255,0.004494728188466936,0.008570244718876586,-0.01362309604883194,0.0009306645886243605,0.003949919075094388,0.0070471868037273976,-0.007930170744657516,-0.11286545544862747,-0.07739146798849106,-0.011678818613290787,0.017263270914554596,0.02832474559545517,0.07067781686782837,0.0989043116569519,-0.1018528938293457,-0.08911413699388504,-0.044205840677022934,0.01000076625496149,0.01719360053539276,0.07028529047966003,0.08792901039123535,0.0009182069451221965,0.0010991868742896368,0.0027211349098986504,4.320090322937111,0.0
2019-02-08,0.0151709610078065,0.0,0.005662628369839912,0.005662628369839912,0.004675610016533591,0.0037600265060752733,0.020060973326047147,0.010165395051192877,0.012361882125442472,0.006692416034638882,0.017873332843446537,0.010165395051192877,0.008449539640710012,0.01586301438510418,0.020442947363833897,0.010165395051192877,0.012903914980806902,0.011435383930802345,0.019748809476853087,0.010165395051192877,0.018978385185610774,0.002785715041682124,0.020939660480389324,0.010165395051192877,0.016845825854836266,0.012817301787436008,0.022143950859618115,0.010165395051192877,0.014230063138933949,0.025493454188108444,0.02976762780719007,0.01031196046088792,0.008841412418193672,0.021202053874731064,0.02539505214614467,0.010165395051192877,0.0058543161824147726,0.025632409378886223,-0.0927528589963913,-0.07896377146244049,-0.027860619127750397,0.005607447121292353,0.05238451436161995,0.0895814523100853,0.11846734583377838,-0.08748754113912582,-0.07612457871437073,-0.014160510152578354,0.012865593656897545,0.043815936893224716,0.08995421230792999,0.11845231801271439,0.015691550825555168,0.01579453201696409,0.012320166634330344,4.679172335565437,0.0
2019-02-15,-0.0814377971855195,0.0,0.005707478995490698,0.005707478995490698,0.0021070171152508814,0.003758328303047684,0.010873724881845473,0.006767437368125993,0.0023934145025459232,0.02339116483926773,0.003134074558004224,0.006767437368125993,0.006095642912422821,0.010416951030492783,0.010968686331822575,0.006767437368125993,0.0025330877828698495,0.024478565901517868,0.008929958747796068,0.006767437368125993,0.005573101892768216,0.01974620670080185,0.00953756593937143,0.006767437368125993,-0.00074291551750192,0.031814269721508026,0.010175385805848838,0.006767437368125993,0.007225497323253053,0.030894890427589417,0.0167876335534319,0.00680707897201153,0.01073309866369664,0.041349031031131744,0.011401170522806703,0.006767437368125993,0.005737946075100541,0.03957045450806618,-0.0734810009598732,-0.07222097367048264,-0.018211977556347847,0.014684220775961876,0.042603056877851486,0.08004804700613022,0.10583488643169403,-0.07123014330863953,-0.059577323496341705,-0.017607953399419785,0.01615854911506176,0.04041697829961777,0.07944382727146149,0.11300774663686752,0.013639912551021685,0.013274557017976144,0.01085643539794628,4.6086105512911955,0.0
2019-02-22,-0.0758545754551831,0.0,0.005298346243467175,0.005298346243467175,0.006047090937041224,0.003934848626826067,0.017565993678110462,0.009623682494708366,0.017781833014637455,0.01814495213329792,0.009550054390011536,0.009623682494708366,0.0053084654454589476,0.006883087567985058,0.016982213187401157,0.009623682494708366,0.017419606919249653,0.01743529923260212,0.01815498305467928,0.009623682494708366,0.015954948046644823,0.024913383647799492,0.0178554786875902,0.009623682494708366,0.010831229844173198,0.026961669325828552,0.017691395301613694,0.009623682494708366,0.01187990806156364,0.028119366616010666,0.019847727760891734,0.008478405922093394,0.00634609096998204,0.025191694498062134,0.018951560527269016,0.009623682494708366,0.004305962230956517,0.020633336156606674,-0.09399300068616867,-0.0727040097117424,-0.03998810425400734,0.021364742890000343,0.04420851171016693,0.09477691352367401,0.10455190390348434,-0.09620483964681625,-0.0849834457039833,-0.043839529156684875,0.013475500047206879,0.05037211254239082,0.09471652656793594,0.09707142412662506,0.015669694686023323,0.015252160172670629,0.01577911533018855,4.356008829332231,0.0
2019-03-01,0.1497356616181413,0.0,0.004919126983193109,0.004919126983193109,0.0021782090923999015,0.004085434918870469,0.0084179665016926,0.00580237352562103,0.004026136242142515,0.005680514965206385,0.00012761368735006093,0.00580237352562103,0.004428498332832539,-0.01740201748907566,0.008462788656413067,0.00580237352562103,0.004244962763418061,0.005651654209941626,0.008691549602921143,0.00580237352562103,0.005885745536937983,0.002788158832117915,0.00998164209869944,0.00580237352562103,0.010639328254376232,0.02525947242975235,0.009208680473887725,0.00580237352562103,0.006687783747486124,-0.004824628122150898,0.013190150814051659,0.00560267103245346,0.0061104631042799475,0.007057578768581152,0.01043472212445045,0.00580237352562103,0.004468613073033079,-0.00599826080724597,-0.09328129142522812,-0.08393903076648712,-0.0693698301911354,0.0077672675251960754,0.04741189628839493,0.087495356798172,0.12103556096553802,-0.09140131622552872,-0.07727339118719101,-0.04991111904382706,0.002461225027218461,0.04467640072107315,0.08855573832988739,0.11162981390953064,0.006773122675896237,0.006798824863853053,0.005981747808665632,4.589227117604597,0.0
2019-03-08,0.0327490406203385,0.0,0.005592692260564961,0.005592692260564961,0.0013181998983897198,0.00443318698192298,0.02575815693809536,0.009525833177420442,0.0097652428123563,-0.008737037889659405,0.023663697061804906,0.009525833177420442,0.010207187028045888,-0.008201463147997856,0.026974437605073724,0.009525833177420442,0.00977819470623009,-0.006264910567551851,0.024177572242154093,0.009525833177420442,0.015442647694103868,-0.00536484457552433,0.024748468289361347,0.009525833177420442,0.008306442962794439,-0.009088831953704357,0.028547550674988126,0.009525833177420442,0.010257536943054929,0.0029894299805164337,0.028024574683994906,0.008399317846345674,0.011453839121892571,-0.0002704150974750519,0.02012681535082684,0.009525833177420442,0.006975200968251266,0.004246934317052364,-0.08094966411590576,-0.06621931493282318,-0.03525680676102638,-0.016607029363512993,0.03807080164551735,0.06461553275585175,0.10929208248853683,-0.07702435553073883,-0.06682316958904266,-0.024061864241957664,-0.004616872873157263,0.029909301549196243,0.07266169786453247,0.1199498102068901,0.010712046961645303,0.011061313003985137,0.009078048759553174,4.849249108895048,0.0
2019-03-15,-0.0247741819855793,0.0,0.005718416095563914,0.005718416095563914,0.009819256480307903,0.004328855265372537,0.011998095889686108,0.0066531418799364184,0.006135562271537516,0.027902694419026375,0.01348308316077944,0.0066531418799364184,0.011502797253887864,0.01949865184724331,0.011465112662525407,0.0066531418799364184,0.006065569307720241,0.028637997806072235,0.01102255215191792,0.0066531418799364184,0.012830384160338257,0.02407769486308098,0.009459198258664456,0.0066531418799364184,-0.0002265999927307345,0.01974097266793251,0.01092255601512251,0.0066531418799364184,0.010807889469419043,0.027503058314323425,0.009351326623917374,0.006458322322386727,0.011068424772669784,0.02769758179783821,0.0005774512040947772,0.0066531418799364184,0.006371647045447736,0.019164083525538445,-0.0800359919667244,-0.07034312188625336,-0.025698689743876457,0.021200675517320633,0.045379526913166046,0.09151586890220642,0.11812236905097961,-0.07596515119075775,-0.07229306548833847,-0.028221942484378815,0.017854969948530197,0.05052793398499489,0.08920659869909286,0.10656427592039108,0.011927538848998392,0.011412796936393809,0.013172373615046605,4.455457630973488,0.0
2019-03-22,-0.0841271245157613,0.0,0.005577897210397355,0.005577897210397355,0.006612802454854995,0.004350668971828611,0.01575664603435826,0.00950831150292062,0.020354336887705462,0.013954986818134785,0.011214157929963118,0.00950831150292062,0.009660023856981191,0.025025244802236557,0.014426039742665897,0.00950831150292062,0.019861628791060845,0.004226501565426588,0.01724875128330173,0.00950831150292062,0.016631361970631614,0.011782275512814522,0.017563741313144643,0.00950831150292062,0.018872116566964272,0.02381913736462593,0.015589302140669035,0.00950831150292062,0.013240020805361857,0.00940972100943327,0.016349659370190638,0.008385230604110618,0.009384859403990194,0.01940760761499405,0.009093654989006177,0.00950831150292062,0.006642091248794871,0.024873124435544014,-0.07936618477106094,-0.0685407966375351,-0.022583968937397003,0.011942736804485321,0.03903178498148918,0.08952945470809937,0.1181686669588089,-0.08074824512004852,-0.06707625091075897,-0.03341636806726456,0.011863975785672665,0.04354039952158928,0.0986660048365593,0.1065402701497078,0.01351451596863891,0.013445572975147285,0.014893570310779782,4.256789390523653,0.0
2019-03-29,0.0370495398672594,0.0,0.005166406285048003,0.005166406285048003,0.004587052482764688,0.004300591529369123,0.007951594394424466,0.005952388891633498,0.0035911152679340367,0.008991214446723461,0.0015869482266248945,0.005952388891633498,0.008045696089065727,-0.0028993519954383373,0.006952524563797476,0.005952388891633498,0.0035234467890963893,0.005124151241034269,0.0066320217403664835,0.005952388891633498,0.004900484743182792,0.006040272302925587,0.009541637628125342,0.005952388891633498,0.010014939039739533,0.015414511784911156,0.009243098706596368,0.005952388891633498,0.007964854412277808,0.007739098742604256,0.005302949328221475,0.005767152816368361,0.008791262102687457,0.009289951995015144,-0.0005646431089210676,0.005952388891633498,0.006928621071197738,-0.00026602018624544144,-0.08400005847215652,-0.07658736407756805,-0.029596569016575813,0.014038363471627235,0.03798127546906471,0.0886070653796196,0.13797150552272797,-0.08347662538290024,-0.07448268681764603,-0.02080005221068859,0.006189813371747732,0.03918146714568138,0.07966785132884979,0.12107767164707184,0.006587594173797859,0.00657644664373904,0.006621578250178865,4.405956402376154,0.0
2019-04-05,0.1266056242715625,0.0,0.005311991369898283,0.005311991369898283,0.0019711639974880563,0.00426730569731348,0.015352664900620278,0.00869270064543662,0.019871524678786598,0.002464344259351492,0.00929158721862229,0.00869270064543662,0.008035764662020065,-0.004011877812445164,0.013988361261215105,0.00869270064543662,0.019554187745356805,-0.004926426336169243,0.012108959456187469,0.00869270064543662,0.013487874002006439,-0.004190815147012472,0.014283497636694526,0.00869270064543662,0.014288597120867554,0.0032184692099690437,0.015308903710102472,0.00869270064543662,0.01307583983335644,0.015815332531929016,0.010776143679425136,0.007592980717245004,0.008470424434620046,0.003590401727706194,0.004870894640487766,0.00869270064543662,0.005735606701002415,-0.005741529166698456,-0.09189952164888382,-0.08207065612077713,-0.036795131862163544,0.012388891540467739,0.03743762895464897,0.08863089978694916,0.11565516144037247,-0.09359264373779297,-0.0932852104306221,-0.02053750492632389,0.009020524099469185,0.03858397901058197,0.08084822446107864,0.10251082479953766,0.008532133624394764,0.008772747441868052,0.011595308621048748,4.317420979877112,0.0
2019-04-12,0.0715122177898051,0.0,0.005863326064905848,0.005863326064905848,0.00631613055503773,0.004507064841880969,0.016624880732452062,0.006754986382880138,0.0021611348605977956,0.027095042169094086,0.015800042236406374,0.006754986382880138,0.009476124492605919,0.03200690448284149,0.015019847358293268,0.006754986382880138,0.0020554959490965115,0.02301125042140484,0.014609898132791531,0.006754986382880138,0.00979732674987085,0.023790281265974045,0.016345650270912282,0.006754986382880138,0.005343824073349572,0.006941580679267645,0.015862801960033673,0.006754986382880138,0.010351767747453524,-0.001263007870875299,0.019016864071156568,0.006572198032025749,0.0140834661283442,0.0008395213517360389,0.010132379989065122,0.006754986382880138,0.008652378802375502,-0.011333299800753593,-0.08369455486536026,-0.07450107485055923,-0.014835551381111145,0.022310931235551834,0.04740340635180473,0.0879979357123375,0.12221332639455795,-0.0827634409070015,-0.076470285654068,-0.05978246033191681,0.01964947208762169,0.04346633329987526,0.08268611878156662,0.1230049729347229,0.009316881551080113,0.009412134205001744,0.01315901103625602,4.148540832396911,0.0
2019-04-19,0.0114368651909462,0.0,0.0061603798736158,0.0061603798736158,0.010255927734243442,0.004497502989733735,0.015904909684354443,0.010133673855398602,0.018327375644026,0.02591608092188835,0.017232612336437053,0.010133673855398602,0.011614123172852667,0.030061492696404457,0.015773397696139696,0.010133673855398602,0.018208193743196474,0.021526169031858444,0.01555082952206997,0.010133673855398602,0.013053506028495124,0.027552133426070213,0.017885018161838177,0.010133673855398602,0.021306242335155937,0.027477402240037918,0.01845342621880952,0.010133673855398602,0.014981582664941935,0.007166633382439613,0.02054446158413256,0.009016593284154406,0.015236457826645053,0.009565182961523533,0.014520167785577342,0.010133673855398602,0.012207443181444861,0.0027815429493784904,-0.08317286521196365,-0.07510956376791,-0.03430910408496857,0.015304823406040668,0.04751663655042648,0.09068294614553452,0.1250476837158203,-0.07941602170467377,-0.07233329862356186,-0.03510273993015289,0.005252899136394262,0.0368063785135746,0.08478407561779022,0.12368975579738617,0.014728114720870928,0.014777218073054097,0.01757051002641685,4.488099017427182,0.0
2019-04-26,-0.0380273955892396,0.0,0.006184147825495667,0.006184147825495667,0.009102845664433621,0.004404424177954841,0.0028609839291817273,0.004034556022702548,-0.007612665583600649,-0.0001256580144399777,-3.135472111732117e-06,0.004034556022702548,0.008499022051183793,-0.010413856245577335,0.001951399962783507,0.004034556022702548,-0.007313374460876717,-0.006792893633246422,-7.676463284761025e-05,0.004034556022702548,-0.00665584824529381,-0.008334923535585403,0.0007479713440279824,0.004034556022702548,-0.00951925240439886,-0.013284005224704742,0.0004546903313006768,0.004034556022702548,0.0037915004922430945,-0.035368166863918304,-0.0008796349803697678,0.0047909755022671465,0.012015445863729386,-0.0414813868701458,-0.006519628418993903,0.004034556022702548,0.009151387391223727,-0.036683667451143265,-0.10198258608579636,-0.08198267221450806,-0.024849778041243553,0.008514981716871262,0.046046558767557144,0.09015966951847076,0.11668696999549866,-0.10357257723808289,-0.08588964492082596,-0.06657489389181137,0.003553234040737152,0.0355154313147068,0.07981306314468384,0.1076137125492096,-0.0049930581550181805,-0.004201424848978232,-0.0002106959115390878,4.243834139872177,0.0
2019-05-03,-0.0299760173552137,0.0,0.005985889783277122,0.005985889783277122,0.0064113850295056075,0.004440309377999057,0.007140481805108283,0.006887351809235202,0.014174694437724927,0.01671094074845314,0.008670545295500768,0.006887351809235202,0.0079329233277136,0.011602234095335007,0.007376767917236754,0.006887351809235202,0.014214131506912185,0.019050035625696182,0.007777400900538608,0.006887351809235202,0.014237542344471065,0.02267078310251236,0.009686812890149377,0.006887351809235202,0.02075766882123463,0.029682176187634468,0.010741705303150592,0.006887351809235202,0.014324417660213097,0.02773233689367771,0.010188164220912175,0.006705996245722398,0.00960992152185431,0.03728587552905083,0.007132465474642707,0.006887351809235202,0.011658607998065344,0.03826833888888359,-0.10225733369588852,-0.0756830945611,-0.023490728810429573,0.0026382843498140574,0.04446311667561531,0.0903792455792427,0.11299886554479599,-0.07972867786884308,-0.06824326515197754,-0.008729388937354088,0.006572126876562834,0.04166443273425102,0.10256167501211166,0.11487767845392227,0.014730746169947266,0.014256161592161472,0.011228367200130387,4.609590573087116,0.0
2019-05-10,0.0124741742251757,0.0,0.005825345554980287,0.005825345554980287,0.0039894328194488675,0.004426618342436361,0.012324048741003974,0.006706023439407543,0.00032387326434501606,0.032862480729818344,0.0157901370778393,0.006706023439407543,0.01011879309367465,0.023534052073955536,0.01153089986206032,0.006706023439407543,0.00045206351907129804,0.024943124502897263,0.009769353672211918,0.006706023439407543,0.010547831823540663,0.028419801965355873,0.010053467256991057,0.006706023439407543,-0.0018421441526955858,0.03602566942572594,0.01046114289843919,0.006706023439407543,0.012255284689686025,0.027209755033254623,0.009401872487572353,0.006525467115953609,0.008928323730424906,0.022931890562176704,0.007552796378202103,0.006706023439407543,0.0034993922944622047,0.03704562783241272,-0.08247226476669312,-0.07413488626480103,-0.010984615422785282,0.017060332000255585,0.0410224124789238,0.11222317069768906,0.12002123147249222,-0.08179440349340439,-0.07076011598110199,-0.01894558221101761,0.020693698897957802,0.040551699697971344,0.1060682013630867,0.12035775184631348,0.012885072420615871,0.012204908524614245,0.01305410654364372,4.3071632579502275,0.0
2019-05-17,-0.0251059211310762,0.0,0.005854895904625601,0.005854895904625601,0.004135683922297451,0.004236819048451703,0.010583935027903647,0.006730155939027691,0.012818617226970447,0.029493406414985657,0.014292739105723973,0.006730155939027691,0.005709924089565806,0.04437940940260887,0.011035789520717314,0.006730155939027691,0.013090778641674263,0.034035488963127136,0.011797735911239832,0.006730155939027691,0.014552653452018494,0.03713889420032501,0.013137838203821776,0.006730155939027691,0.019932196357448848,0.032651886343955994,0.002697148225198751,0.006730155939027691,0.015108438367757665,0.036155831068754196,0.009663815272195439,0.006550189674283838,0.011565556191012355,0.04356677457690239,0.0028641155795982335,0.006730155939027691,0.008587678220649469,0.044726382941007614,-0.10712719708681107,-0.07696230709552765,-0.02782534435391426,0.007593004032969475,0.04113997519016266,0.09805849939584732,0.1134011521935463,-0.0889212042093277,-0.0759684219956398,-0.017041439190506935,0.012691933661699295,0.04263390973210335,0.11403347551822662,0.11409804224967957,0.016771248808617797,0.015856238586719744,0.01490652865222186,4.69062443299501,0.0
2019-05-24,0.0183211231475963,0.0,0.005717901138980902,0.005717901138980902,0.006151547925246254,0.004237434038163646,0.010787073876756401,0.009002744541693374,0.00821433023595869,0.006882932502776384,0.00993154180326417,0.006574586566976109,0.003419828671676578,0.007302857935428619,0.011904010256097101,0.009002744541693374,0.008917180465458963,0.012710987590253353,0.009896618237946244,0.009002744541693374,0.012492814360537265,0.00934695266187191,0.009791467054693373,0.009002744541693374,0.008299264021467998,0.017964020371437073,0.014485142393362552,0.009002744541693374,0.009614144623781077,0.01605416275560856,0.013127426045602682,0.00870115602973423,0.007377696502358285,0.00451193330809474,0.010965656746748783,0.006574586566976109,0.005545774377832713,0.016763141378760338,-0.10451303422451019,-0.08461116254329681,-0.03546544164419174,0.005345770623534918,0.04045980051159859,0.09475765377283096,0.10892456769943237,-0.09276137501001358,-0.07386567443609238,-0.030312471091747284,0.009864662773907185,0.038908202201128006,0.09153309464454651,0.10936515778303146,0.010460629746474869,0.010347530466930828,0.008721770289296212,4.912046915903222,0.0
2019-05-31,-0.0381622719869541,0.0,0.00577342194078097,0.00577342194078097,0.004279928362818266,0.0042107193889586204,0.01610269252498973,0.015450659128479916,0.01857687573400629,0.029819633811712265,0.019338839633110012,0.009642769973650048,0.004962858854086385,0.02141042985022068,0.01630073292359431,0.015450659128479916,0.0184858867468529,0.029887305572628975,0.016339533940284992,0.015450659128479916,0.01979833995963808,0.029733167961239815,0.014396592034002537,0.015450659128479916,0.010209683699828798,0.01895911619067192,0.016745972635794665,0.015450659128479916,0.011947819006300119,0.016904113814234734,0.019659852211142477,0.01663543368847082,0.007286179175044084,0.016953973099589348,0.014373668538816688,0.009642769973650048,0.003931513806967201,0.015664689242839813,-0.07397857308387756,-0.06391610205173492,-0.02661791443824768,0.014046627096831799,0.03938614949584007,0.0937773808836937,0.1170426681637764,-0.07287472486495972,-0.06397733837366104,-0.0405941866338253,0.011851553805172443,0.041334908455610275,0.08856508135795593,0.11715278029441833,0.016069124197313,0.015860838129807577,0.01998746529979705,4.629722790717334,0.0
2019-06-07,0.0082176161909588,0.0,0.00558072152881722,0.00558072152881722,0.006336766747599129,0.004213156395485865,-0.006412867079819315,-0.010026117175003076,-0.028168822268346314,-0.01701340265572071,-0.004716509355110154,-0.0019939283762319716,0.003908860335999196,-0.013172147795557976,-0.007353570315973831,-0.010026117175003076,-0.027449882646408366,-0.016238674521446228,-0.005325108167872433,-0.010026117175003076,-0.01526635481925821,-0.030442846938967705,-0.005867223853963642,-0.010026117175003076,-0.017329876936325764,-0.010798841714859009,-0.008372142569584552,-0.010026117175003076,-0.004764187683647775,-0.022455845028162003,0.001197651591865508,-0.005676929007549624,0.008494875294577075,-0.023621054366230965,-0.010007726549713056,-0.0019939283762319716,0.0031407736247071986,-0.020398592576384544,-0.1030745729804039,-0.08069304376840591,-0.0416453592479229,0.011012605391442776,0.02388767898082733,0.0700848251581192,0.09841439872980118,-0.11128392815589905,-0.08513278514146805,-0.03217857703566551,0.01824878714978695,0.019442522898316383,0.07684658467769623,0.09649667143821716,-0.010859748094226759,-0.010276094492586456,-0.015405302294722353,4.286416314409988,0.0
2019-06-14,0.0189158313234414,0.0,0.005592236352669367,0.005592236352669367,0.003595621592373894,0.004195222108920783,0.018252813747139465,0.013428894159237877,0.03515309927933405,0.02436346374452114,0.01628984371596694,0.008941224983920424,0.0009084927340937158,0.033612556755542755,0.0180585119877962,0.013428894159237877,0.03455067859727114,0.025349805131554604,0.0188711560360701,0.013428894159237877,0.03341172384271582,0.02201831340789795,0.020188815656418214,0.013428894159237877,0.03338122503189575,0.027307437732815742,0.0215394062194006,0.013428894159237877,0.019012370321250874,0.02134496346116066,0.02552420836240938,0.01450287301578554,0.0063760228833032164,0.023473942652344704,0.018354037516154657,0.008941224983920424,0.006062066276357872,0.018332891166210175,-0.08507703989744186,-0.06723211705684662,0.005809619091451168,0.012951902113854885,0.040526024997234344,0.08838630467653275,0.12028561532497406,-0.08613822609186172,-0.06782753020524979,0.0065740603022277355,0.013480832800269127,0.042094044387340546,0.09836120903491974,0.12086433917284012,0.019596552121653548,0.019337078633810047,0.022799567732558132,4.5046075217892305,0.0
2019-06-21,0.0102721085832473,0.0,0.005650165026455332,0.005650165026455332,0.0056993412128675276,0.0040674833962790966,0.003031082014146666,0.001618030156160728,-0.0026486692253531296,0.016784533858299255,-0.004141879557260028,0.0038391775786693343,0.00669060004158245,0.00945297535508871,0.0027972610788098654,0.001618030156160728,-0.002214813731150905,0.020655667409300804,0.0012439354250007723,0.001618030156160728,0.0005041686696727558,0.010872798971831799,0.002257608310275044,0.001618030156160728,3.8002697748132364e-05,0.011110221035778522,0.0034265405612663256,0.001618030156160728,0.00515771862936741,0.028352394700050354,0.003893335963781202,0.003334466162488512,0.009118784028042184,0.02339831553399563,-0.003178770570884,0.0038391775786693343,0.006400591998021233,0.019725728780031204,-0.07316728681325912,-0.044238850474357605,-0.02253369241952896,0.010189197957515717,0.03773152828216553,0.08053691685199738,0.11030152440071106,-0.07579062879085541,-0.04372931271791458,-0.01462512370198965,0.010513578541576862,0.03798265382647514,0.08007704466581345,0.10669881105422974,0.006550218910697463,0.005863950244902203,0.00469624420081338,4.51299464766719,0.0
2019-06-28,0.0400647055783465,0.0,0.005670173440121099,0.005670173440121099,0.006235482045759379,0.004050805553718417,0.013150072030247387,0.013450517924470091,0.023469787235951788,0.014893497340381145,0.0079063337958394,0.008969358086936864,0.007855881927672441,0.014541002921760082,0.013523790226113483,0.013450517924470091,0.02394037962520054,0.015411848202347755,0.013182910542038056,0.013450517924470091,0.023683747484631732,0.014419140294194221,0.013612841938182452,0.013450517924470091,0.022367393254712223,0.015074538998305798,0.01605089721045012,0.013450517924470091,0.0162057357092332,0.028268465772271156,0.023454466154017993,0.018597299281139214,0.012125506083759608,0.02558552846312523,0.010899764568314972,0.008969358086936864,0.00837894037277259,0.019081484526395798,-0.0722680389881134,-0.040874041616916656,-0.02281983569264412,0.0132650351151824,0.03528214618563652,0.08551084250211716,0.11427702009677887,-0.07597187906503677,-0.04270065575838089,-0.020665433257818222,0.013998039066791534,0.0386466458439827,0.08115861564874649,0.11500214785337448,0.016526504520500973,0.016285795407773845,0.016240968632762604,4.7248342648417205,0.0
2019-07-05,0.0061627891263089,0.0,0.005818425733820346,0.005818425733820346,0.0058665434838634485,0.004064360660153426,0.0022671198162561128,0.0017510740460835537,-0.0028694346144959807,0.007047449238598347,-0.006126075785274268,0.003973617849621943,0.0056686012054521714,0.010697640478610992,0.0031235569115659226,0.0017510740460835537,-0.0016603298807939268,0.014438644051551819,0.002254853367580631,0.0017510740460835537,0.0017580298374253638,0.013296687975525856,0.0019184029662588139,0.0017510740460835537,0.0001515418515510075,0.01151401549577713,0.004414882813317778,0.0017510740460835537,0.0022305657753007905,0.023607417941093445,0.010720353648980017,0.007190107877177903,0.010845928357428963,0.020803354680538177,-0.000594179705466171,0.003973617849621943,0.007421362760220408,0.015143891796469688,-0.07297233492136002,-0.05024747550487518,-0.022127989679574966,0.009156529791653156,0.0367729514837265,0.06122434884309769,0.12173741310834885,-0.07555282860994339,-0.045389898121356964,-0.01618148386478424,0.012288329191505909,0.040506087243556976,0.06315867602825165,0.11891479790210724,0.006648208439810823,0.006142806552840191,0.002049052121610508,4.892110122599232,0.0
2019-07-12,0.0894779145613751,0.0,0.005819903688294546,0.005819903688294546,0.007354494973242468,0.004039434221907301,0.023611461552581273,0.014613822986797923,0.020842610971285643,0.015367422252893448,0.015480467199076345,0.009185256328442127,0.011007301527088231,0.01923063024878502,0.023302936378405067,0.014613822986797923,0.020356688104370052,0.018589980900287628,0.023255734600490897,0.014613822986797923,0.03202990475223678,0.023769812658429146,0.021641305049647744,0.014613822986797923,0.012595094380190049,0.012873087078332901,0.021453689734143057,0.014613822986797923,0.021655505581882693,0.016694314777851105,0.02820925941329308,0.019793140752398793,0.008775113339286128,0.01590084657073021,0.017757096069544835,0.009185256328442127,0.004797146351675111,0.008759629912674427,-0.07152300328016281,-0.04724559560418129,0.002979276468977332,0.01534064020961523,0.03483903408050537,0.09765712916851044,0.12490449100732803,-0.07587823271751404,-0.048119332641363144,-0.0019015083089470863,0.016046656295657158,0.034929968416690826,0.09021264314651489,0.12228531390428543,0.01749378477839598,0.01758216009131912,0.01860882944088957,4.497720784115665,0.0
2019-07-19,0.0039577888074169,0.0,0.006177416555273523,0.006177416555273523,0.005824789887339876,0.004158221733251504,0.011333303913178964,0.009395451577779577,0.005413972296768498,0.026837671175599098,0.005661551378619403,0.007009106414303464,0.011764133181278755,0.015566815622150898,0.010818478898585192,0.009395451577779577,0.0049599592909235855,0.021960947662591934,0.01285797196485114,0.009395451577779577,0.004806464723029379,0.020619260147213936,0.012885239670731071,0.009395451577779577,0.005520128189898966,0.030410446226596832,0.010717861820237111,0.009395451577779577,0.0038210788660301776,0.03500469774007797,0.019647648013198907,0.014410327841196321,0.014709128008443817,0.043334219604730606,0.009537192289046838,0.007009106414303464,0.008476745197097426,0.0326673686504364,-0.06818448007106781,-0.04771663248538971,-0.020936958491802216,0.01825842447578907,0.0472651906311512,0.0847160741686821,0.13088317215442657,-0.07498978823423386,-0.046133436262607574,-0.016380716115236282,0.022746510803699493,0.04623113200068474,0.08744130283594131,0.12811784446239471,0.015073169897097475,0.014359369523649298,0.013245099740831535,4.420615315322213,0.0
2019-07-26,-0.0209553651759879,0.0,0.006167971330814558,0.006167971330814558,0.009925956061027905,0.0041118160397639455,0.015748708445806264,0.015504765539803705,0.021969745554480648,0.015046922490000725,0.009567006555667178,0.009837007893923189,0.017446469629203338,0.005456540267914534,0.014905788578846568,0.015504765539803705,0.02136747570262174,0.011282666586339474,0.014807773679434245,0.015504765539803705,0.016834183451057888,0.011455916799604893,0.015841740474885044,0.015504765539803705,0.018275448520698657,0.022927088662981987,0.01592729550016024,0.015504765539803705,0.01666988754321406,0.021457606926560402,0.017511529336016726,0.016620933682465193,0.011724250561182006,0.026710283011198044,0.013066031494099607,0.009837007893923189,0.008400881799319887,0.01929115131497383,-0.06730420887470245,-0.04855098947882652,-0.026247423142194748,0.010795129463076591,0.03918745368719101,0.08805439621210098,0.11710613965988159,-0.07466776669025421,-0.044014137238264084,-0.023573115468025208,0.012057330459356308,0.03760330006480217,0.08285639435052872,0.11634354293346405,0.01612225015328327,0.01599498477520761,0.017067535507522838,4.29854762255915,0.0
2019-08-02,0.0284976209656822,0.0,0.006053041938836582,0.006053041938836582,0.0060592088948662375,0.004127719252732375,0.009047234500611427,0.00893453378615079,0.005372247716103302,0.014982625842094421,0.002970184779715038,0.006827109754026125,0.012974725362489774,-0.0038647542241960764,0.009476078914683888,0.00893453378615079,0.005613822116575526,0.016666684299707413,0.00886277894545509,0.00893453378615079,0.005348600050984089,0.019352061673998833,0.010747877296988059,0.00893453378615079,0.01018308883532485,0.014592346735298634,0.0002440955417915211,0.00893453378615079,0.00848336908817907,0.01580720767378807,0.00466599393120205,0.011994272971513469,0.011677685738121904,0.01820475608110428,-0.002916734624186834,0.006827109754026125,0.01038609133412785,0.01042108703404665,-0.0672907829284668,-0.046112485229969025,-0.019964495673775673,0.006308926735073328,0.038394562900066376,0.08154510706663132,0.09284060448408127,-0.07050610333681107,-0.042518697679042816,-0.011134874075651169,0.008164463564753532,0.031640008091926575,0.07603378593921661,0.09253958612680435,0.009682350355722237,0.009345359576673769,0.009584160461239985,4.728320041369495,0.0
2019-08-09,-0.0416935492110064,0.0,0.006147744803928758,0.006147744803928758,0.00483745746204456,0.004131465228065749,0.013513587559754228,0.014933833745096749,0.01799293264627317,0.012674467638134956,0.007312004296117186,0.009609693883513544,0.013862608873142517,-0.0024081377778202295,0.01346586086720583,0.014933833745096749,0.018000710376622583,0.011839618906378746,0.011486438827169876,0.014933833745096749,0.01121302323447346,0.008206105791032314,0.011472284912192664,0.014933833745096749,0.007899696344898592,0.019321905449032784,0.013678351073673427,0.014933833745096749,0.008844545415538672,0.021907461807131767,0.012500360130675155,0.015790443569079597,0.009849739440262597,0.022421326488256454,0.01938465489419435,0.009609693883513544,0.0066483831287690014,0.030447348952293396,-0.06650799512863159,-0.0535537451505661,-0.023122195154428482,0.008501381613314152,0.03805239498615265,0.08674877136945724,0.11975852400064468,-0.07000302523374557,-0.041929397732019424,-0.023040898144245148,0.013068431057035923,0.03632571920752525,0.08694146573543549,0.11617812514305115,0.014321803686365908,0.014000725632213915,0.014778705397314776,4.595020558488772,0.0
2019-08-16,-0.0782561573663702,0.0,0.00594673096352987,0.00594673096352987,0.0071183996553064,0.00417914778884799,0.009831539302854315,0.0083901547793119,-0.0031568567875137786,0.021834569051861763,0.0001551391070197224,0.006655706116572128,0.008791420728681689,-0.0075142537243664265,0.010922269742890237,0.0083901547793119,-0.0027728799972314014,0.02236204966902733,0.011660208884786818,0.0083901547793119,0.000816371434388799,0.021563218906521797,0.011518953217080487,0.0083901547793119,0.0006618185080123854,0.018298182636499405,0.013428156093180117,0.0083901547793119,-0.0011719698981023634,0.020965686067938805,0.014173881134349958,0.00694571952074334,0.0069193737864277766,0.020840222015976906,0.020732775208037492,0.006655706116572128,0.007841089303428956,0.019081709906458855,-0.07386228442192078,-0.06884193420410156,-0.01827402040362358,0.012158726342022419,0.03237967565655708,0.07589972019195557,0.08893692493438721,-0.0761299580335617,-0.07308721542358398,-0.012434588745236397,0.010331724770367146,0.03555648401379585,0.06850302219390869,0.08955684304237366,0.011041798390593141,0.010598989407090646,0.00922485158662855,4.919450172149239,0.0
2019-08-23,-0.0340920823040562,0.0,0.005594417623237401,0.005594417623237401,0.0039060192437108347,0.004316577582499749,0.014341615147294703,0.00866439838476479,0.01856729766379864,0.003296211361885071,-0.0018083028050161088,0.00866439838476479,0.010934204961779631,-0.007942622527480125,0.014239667646798482,0.00866439838476479,0.018720315931145044,0.010452712886035442,0.013679476953387198,0.00866439838476479,0.018634972590513166,0.009706689976155758,0.012168894607225311,0.00866439838476479,0.011950195423473808,0.006853833328932524,0.014043623583928154,0.00866439838476479,0.015862078814580682,-0.0041585336439311504,0.014597686481917711,0.00866439838476479,0.00495008964985516,0.008752654306590557,0.016469578641660782,0.00866439838476479,0.004844462512120853,0.0005420880625024438,-0.08920668810606003,-0.08074820786714554,-0.034464843571186066,0.008036130107939243,0.035675786435604095,0.08396834880113602,0.09767928719520569,-0.09012530744075775,-0.07487767934799194,-0.03993283212184906,0.008532402105629444,0.039581798017024994,0.08688186854124069,0.09936957061290741,0.010179036585895028,0.010504029762910316,0.011217380639435802,4.555783574371696,0.0
2019-08-30,0.0421625589766998,0.0,0.005429057206873677,0.005429057206873677,0.0016287049886915604,0.004039131957910046,0.008130981951113078,0.006051864809531073,0.003803117936105811,0.00034713055356405675,-0.006241947614164046,0.006051864809531073,0.008800629108340074,-0.02038327418267727,0.008299060971568283,0.006051864809531073,0.004082483328559942,0.0013836048310622573,0.010451247528111149,0.006051864809531073,0.00771782356469171,0.0016068601980805397,0.01020654532399237,0.006051864809531073,0.008493773944871661,0.007178217172622681,0.009387590392125361,0.006051864809531073,0.004453976589911519,0.01091750618070364,0.018325731385985665,0.006051864809531073,0.007575586107220831,0.022000793367624283,0.014595411813021465,0.006051864809531073,0.0068110512263541215,0.016079813241958618,-0.08874178677797318,-0.08327712118625641,-0.04697000980377197,0.006772701162844896,0.03201144561171532,0.07454949617385864,0.09431388974189758,-0.08942926675081253,-0.0768820196390152,-0.026625962927937508,0.007707871031016111,0.03753871098160744,0.07166436314582825,0.09676124900579453,0.008578261084402189,0.008387210162156288,0.004583273812578505,4.676835447812439,0.0
2019-09-06,-0.0494297548532118,0.0,0.00558147837604308,0.00558147837604308,0.003417657108868607,0.00406541008940747,0.010595363292390914,0.006209292514293373,0.012971903500167067,0.0018671221332624555,-0.002656256684716596,0.006209292514293373,0.012431038968289733,-0.002931783674284816,0.010444959238261633,0.006209292514293373,0.013123297786130878,0.00912388227880001,0.009997349997300873,0.006209292514293373,0.014082671492935312,0.004647619090974331,0.00962988664104387,0.006209292514293373,0.011714921557940915,0.007957653142511845,0.009750128678280512,0.006209292514293373,0.012192542351438657,0.010291961021721363,0.009198573580941683,0.006209292514293373,0.007112334990203994,0.010126123204827309,0.01284249055155451,0.006209292514293373,0.006418409544865082,0.00962141714990139,-0.08845837414264679,-0.07606903463602066,-0.03132046386599541,0.010111267678439617,0.037615515291690826,0.08354616910219193,0.11844246089458466,-0.08897565305233002,-0.07536870241165161,-0.03479425236582756,0.004549877252429724,0.041028887033462524,0.08080543577671051,0.11874845623970032,0.008980499057724767,0.008991153255366178,0.007910920360028453,4.537169373389808,0.0
2019-09-13,0.0497950516609266,0.0,0.005354159230467647,0.005354159230467647,0.007357014646210336,0.003973838073083399,0.008955219648318316,0.00380776952853138,0.01014554082468124,0.012316145934164524,-0.005825475189521783,0.00380776952853138,0.011863071765798249,-0.004681464284658432,0.008235911428300222,0.00380776952853138,0.009892566794179783,0.0032027973793447018,0.009199298183712797,0.00380776952853138,0.01931576370129181,0.009356068447232246,0.009499462233485816,0.00380776952853138,0.012193857357415988,0.00855359248816967,0.007821313841481606,0.00380776952853138,0.018835975528799606,0.016166677698493004,0.009855659769013704,0.00380776952853138,0.00487869679911373,0.010140631347894669,0.00939188354966496,0.00380776952853138,0.006068396945812604,0.008240718394517899,-0.09267120808362961,-0.07534509897232056,-0.019897406920790672,0.0029807265382260084,0.043445684015750885,0.08981865644454956,0.09338875859975815,-0.09124446660280228,-0.07647049427032471,-0.026046553626656532,0.0104843033477664,0.057258352637290955,0.08710259944200516,0.08848736435174942,0.008487328710796379,0.00845945077384633,0.008806168983923866,4.322463443603576,0.0
2019-09-20,0.0076405683688918,0.0,0.00553704356145719,0.00553704356145719,0.00279684055110348,0.0037206401567054406,0.01262384304612239,0.008138334928894523,0.02667876695782576,0.026371173560619354,0.0022690444379419427,0.008138334928894523,0.01778601026572047,-0.0040551223792135715,0.011931416896431367,0.008138334928894523,0.026873851981981826,0.02527482435107231,0.012573358689432268,0.008138334928894523,0.02215127429605875,0.021864132955670357,0.013906235832282702,0.008138334928894523,0.027204752471686376,0.03369438275694847,0.013291745493438895,0.008138334928894523,0.020583338514823725,0.019608931615948677,0.015789566936506835,0.008138334928894523,0.01074410003497262,0.017645690590143204,0.0158616010119779,0.008138334928894523,0.008947120071210637,0.02416304498910904,-0.06989680975675583,-0.03939189016819,-0.01511005125939846,0.012892896309494972,0.04194795340299606,0.08278857171535492,0.10870150476694107,-0.06866210699081421,-0.040016964077949524,-0.01976991631090641,0.01585335098206997,0.04101032391190529,0.08026956766843796,0.10982036590576172,0.016289140794294294,0.016078868572536605,0.018453029623365508,4.289399252000102,0.0
2019-09-27,-0.0463646919140594,0.0,0.005545664564766349,0.005545664564766349,0.007454569740568668,0.003524138139784863,0.006434643343840454,0.0061251291980312225,0.0076965195881980135,0.02137869782745838,-0.0031801099836840435,0.0061251291980312225,0.016419227111435297,-0.0025752317160367966,0.007121273288169836,0.0061251291980312225,0.007635102774588211,0.02384844981133938,0.006072849557247823,0.0061251291980312225,0.008372256377181524,0.018864896148443222,0.008240472497112468,0.0061251291980312225,0.013580072745609989,0.01772347465157509,0.0016555352157740944,0.0061251291980312225,0.012120852424203542,0.019649187102913857,0.0016472011383219286,0.0061251291980312225,0.011915416220062572,0.014903031289577484,0.0014751664474783313,0.0061251291980312225,0.011394873009558725,0.009737920947372913,-0.0703195109963417,-0.049251582473516464,-0.022726790979504585,0.011680136434733868,0.03977556899189949,0.07956152409315109,0.1076946035027504,-0.06984665989875793,-0.04069172963500023,-0.014629971235990524,0.008137380704283714,0.031051788479089737,0.07442349940538406,0.1105661615729332,0.00969620028477993,0.009496363447852426,0.010408747489382017,4.913204624014518,0.0
2019-10-04,-0.0967919148449016,0.0,0.005333785558730325,0.005333785558730325,0.005627104827638377,0.003565803754434403,0.011047282308478524,0.007817957223235812,0.022122971660149253,0.006386923603713512,-8.048290840794847e-05,0.007817957223235812,0.014552396801751574,-0.0070477016270160675,0.01087665102560445,0.007817957223235812,0.022338259148213774,0.008953556418418884,0.007897121095857702,0.007817957223235812,0.021537227436029018,0.005014233756810427,0.006868710302502221,0.007817957223235812,0.01589894332325176,0.014039640314877033,0.010858296144629465,0.007817957223235812,0.02195241289586281,0.0015887117478996515,0.006681774322745983,0.007817957223235812,0.008510176026723177,0.0045636966824531555,0.006590889588634682,0.007817957223235812,0.006160059015089264,0.004202898591756821,-0.08277132362127304,-0.07872188836336136,-0.031002430245280266,0.008588233962655067,0.038983095437288284,0.08122505992650986,0.08936890959739685,-0.08193289488554001,-0.07788541913032532,-0.03660877048969269,0.0066085271537303925,0.035034406930208206,0.07826360315084457,0.09074471890926361,0.009643375049032298,0.009780906683459371,0.011843783698894276,4.495901363508274,0.0
2019-10-11,0.0588763480987917,0.0,0.004918640435138325,0.004918640435138325,0.0030779018594853224,0.003680170779317498,0.00685867625547564,0.005380229553895735,0.007995308409053433,-0.019130200147628784,0.0017508488677604375,0.005380229553895735,0.009784089192932256,-0.0008160083089023829,0.006219399712681765,0.005380229553895735,0.008612617700236243,-0.011672253720462322,0.009861582374078564,0.005380229553895735,0.016162282354712395,-0.008424458093941212,0.009888088635324102,0.005380229553895735,0.013240423439442168,-0.011048126965761185,0.00644037401315908,0.005380229553895735,0.016309487809178916,-0.020840231329202652,0.014594618547805988,0.005380229553895735,0.007882249183692808,-0.0052369870245456696,0.01767779510541023,0.005380229553895735,0.002501134536273231,0.014486164785921574,-0.1046278178691864,-0.09862612932920456,-0.008369769901037216,0.0014349321136251092,0.03603144735097885,0.07330965995788574,0.0790754109621048,-0.09672099351882935,-0.09351992607116699,-0.005740201100707054,0.0025557070039212704,0.04094313457608223,0.07654181867837906,0.07990774512290955,0.004955647432807435,0.005150712955445906,0.00027600351769900555,4.294333675941167,0.0
2019-10-18,0.0552287579477859,0.0,0.0051370926928859095,0.0051370926928859095,-0.00010742275616132998,0.003640214049812874,0.014369400815188305,0.007123626784386218,0.020542972061553182,0.0034016252029687166,0.011373408877831108,0.007123626784386218,0.010510801087573548,0.008893650956451893,0.014448976003231145,0.007123626784386218,0.020441180109453953,0.005947811063379049,0.014961642476178393,0.007123626784386218,0.016911016086539082,0.005598719697445631,0.016915555336001125,0.007123626784386218,0.023216177157264872,0.012365413829684258,0.018089097956242906,0.007123626784386218,0.01391774930130275,0.0026890237350016832,0.01746032826493161,0.007123626784386218,0.008659624364387756,0.0032235421240329742,0.028385762348046444,0.007123626784386218,0.004580506266496526,0.027665890753269196,-0.0908891037106514,-0.07681640237569809,-0.040747564285993576,0.012825497426092625,0.04664535075426102,0.08044604957103729,0.10856065154075623,-0.08979121595621109,-0.0779949352145195,-0.025448264554142952,0.009534213691949844,0.03866275027394295,0.07869318127632141,0.1094900444149971,0.012425824065800277,0.012537171672553745,0.011359406216024106,4.628911324763344,0.0
2019-10-25,-0.0380273955892391,0.0,0.005339075214075025,0.005339075214075025,0.007416253322791461,0.003602696102686996,0.008287465707196066,0.005833939757803951,0.006597720276627125,0.015826785936951637,0.009827080322528207,0.005833939757803951,0.011023317763348982,0.01321918424218893,0.00859945583366497,0.005833939757803951,0.006602718873228597,0.020527254790067673,0.005426596785984043,0.005833939757803951,0.008342656310596904,0.010524180717766285,0.005764462140000816,0.005833939757803951,0.0068296840266709215,0.014183355495333672,0.011286087646756551,0.005833939757803951,0.008043481272169216,0.011834079399704933,0.008795368149873115,0.005833939757803951,0.008808167086662811,0.0035656967666000128,0.01660599528598156,0.005833939757803951,0.003534321542507531,0.027050266042351723,-0.07970474660396576,-0.07931622117757797,-0.024905527010560036,0.014824127778410912,0.03927340358495712,0.07390216737985611,0.10406815260648727,-0.08403060585260391,-0.07909806817770004,-0.027509890496730804,0.006149801891297102,0.03563627228140831,0.07342608273029327,0.10506750643253326,0.00922197777969771,0.009117457287787567,0.009136477919644694,4.786695861955548,0.0
2019-11-01,0.0084909811567874,0.0,0.005164912680728381,0.005164912680728381,0.0075958200219909365,0.0034489723316506343,0.010704144213347746,0.007263571867065258,0.018889890004603345,0.005114114843308926,0.009750100436000216,0.007263571867065258,0.008488886644273318,0.0013024972286075354,0.010665234320073545,0.007263571867065258,0.01899338795427765,0.010470638051629066,0.010177010634220907,0.007263571867065258,0.01957743743834477,0.008562770672142506,0.008564736479437993,0.007263571867065258,0.01621244364868732,8.507737220497802e-05,0.010467219256169183,0.007263571867065258,0.017170390963238455,-0.003532593371346593,0.01264158231842389,0.007263571867065258,0.0072687874734014245,0.0009989049285650253,0.016660930797951307,0.007263571867065258,0.0027493135326510957,0.005542597733438015,-0.06838742643594742,-0.045670364052057266,-0.03198322653770447,0.008390816859900951,0.03890388831496239,0.0782623291015625,0.0820983424782753,-0.07083021104335785,-0.03617004677653313,-0.03599044308066368,0.005308168474584818,0.04063503071665764,0.07697752863168716,0.08215408772230148,0.009035720891912586,0.009208226031325008,0.010492930232081319,4.533612622762243,0.0
2019-11-08,-0.0178368435750253,0.0,0.005178216954632617,0.005178216954632617,0.0033015408814350863,0.003338002150452453,-0.0006043231689476158,0.0056445615834303745,0.004064377431907037,0.00859246775507927,-0.001211317600798234,0.0056445615834303745,0.009716567303415805,0.00014899462985340506,-0.0009028552045594355,0.0056445615834303745,0.004435867608928575,0.005845240317285061,0.0017805064353183095,0.0056445615834303745,0.0017827384131908278,0.01562193501740694,0.001532523280643986,0.0056445615834303745,0.004647540389253525,0.006450067739933729,-0.0013626003410875474,0.0056445615834303745,0.004194916043906288,0.008753868751227856,0.0028173812743553153,0.0056445615834303745,0.008743554390330581,0.012529375962913036,0.002699079766080148,0.0056445615834303745,0.006362718072028714,0.008980688638985157,-0.06949928402900696,-0.05222895368933678,-0.02126777172088623,0.009195567108690739,0.03866683691740036,0.08142545074224472,0.08319684863090515,-0.07385563850402832,-0.04475952684879303,-0.027549417689442635,0.011508353054523468,0.04194096475839615,0.08265991508960724,0.08340618759393692,0.005365829835696805,0.005213749993595146,0.004424270900367266,4.3208390785063155,0.0
2019-11-15,-0.039502442976246,0.0,0.005086523486386968,0.005086523486386968,0.005310132369706271,0.0030861315301643705,0.010958404535781813,0.007106432275477461,0.019411803882211538,0.003969260957092047,0.016911403275875866,0.007106432275477461,0.008715414479926045,0.007611534558236599,0.010564529146288321,0.007106432275477461,0.019638669484186584,0.007673534099012613,0.011556599605014145,0.007106432275477461,0.01582467737971045,0.01171817909926176,0.013123667461012707,0.007106432275477461,0.020258520045850558,0.016835374757647514,0.011487639271260501,0.007106432275477461,0.015477658704639043,0.017829403281211853,0.012800283934827173,0.007106432275477461,0.008905869844952242,0.021519312635064125,0.014872436399946235,0.007106432275477461,0.0066527156906117865,0.013525417074561119,-0.06770185381174088,-0.04419304430484772,-0.030177226290106773,0.00826347153633833,0.03836647793650627,0.07473195344209671,0.07998725026845932,-0.07291888445615768,-0.04108472540974617,-0.022099731490015984,0.009691295213997364,0.03974730893969536,0.0751492828130722,0.07908210903406143,0.012204295065330146,0.012102579002074976,0.010361475412640715,4.269995866168788,0.0
2019-11-22,0.0296733880239448,0.0,0.004909583143281281,0.004909583143281281,0.004100811052421022,0.003114021430999268,0.005529752415230655,0.005122049086419795,0.0067750109935529705,0.0016504372470080853,0.01302197377366889,0.005122049086419795,0.0073310542586263825,0.01772233098745346,0.005140791989651753,0.005122049086419795,0.007151880990185945,-0.003765141125768423,0.004017396046080413,0.005122049086419795,0.006020308099277557,-0.006468995939940214,0.006697422846081642,0.005122049086419795,0.009996263770261313,-0.00028754171216860414,0.006774753929073499,0.005122049086419795,0.008345271398914444,0.00994724128395319,0.006677536493694587,0.005122049086419795,0.008357325876204583,0.0011594054521992803,0.007486634602852815,0.005122049086419795,0.006195980661030557,-0.008406005799770355,-0.0912884995341301,-0.07977364212274551,-0.0311268363147974,0.008659478276968002,0.03849261626601219,0.0709812343120575,0.0781707838177681,-0.09323108196258545,-0.08320796489715576,-0.0337289422750473,0.008396805264055729,0.03166864439845085,0.06980906426906586,0.07860957831144333,0.004407200974180531,0.0045746599459721565,0.004769312435552876,4.379305727498664,0.0
2019-11-29,0.0245866043312652,0.0,0.005007463794983509,0.005007463794983509,0.002958827181304546,0.0030850761518079065,0.012604441437636029,0.0052235009002112205,0.020225224529889677,0.0032331342808902264,0.01928757538643657,0.0052235009002112205,0.008439560997636814,0.02814197540283203,0.012227228844746108,0.0052235009002112205,0.02038215305442484,0.002278157277032733,0.0101865162549904,0.0052235009002112205,0.015648019808031835,0.0010333488462492824,0.011881412603573005,0.0052235009002112205,0.01875384945613641,0.00476878834888339,0.013087692843819936,0.0052235009002112205,0.015458075610366218,0.015065385028719902,0.01340114076732198,0.0052235009002112205,0.011749998323770296,0.013188100419938564,0.012876522807104971,0.0052235009002112205,0.006578607723679506,0.001739838276989758,-0.06806091219186783,-0.04497876763343811,-0.03333413973450661,0.007977908477187157,0.03837069496512413,0.07618391513824463,0.1009903997182846,-0.07295522093772888,-0.04108208790421486,-0.023197831586003304,0.010063549503684044,0.03320665657520294,0.0776226595044136,0.10199078172445297,0.009651910070710269,0.009715212294236789,0.010321575287156787,4.350420121288527,0.0
2019-12-06,-0.0100737000665374,0.0,0.005084547025441311,0.005084547025441311,0.006043730183057115,0.003092231071222948,0.0067037532644241005,0.005303184453425434,0.00782435977528846,0.01017830241471529,0.01917293269840611,0.005303184453425434,0.008434191621102925,0.03499609977006912,0.006006059786860341,0.005303184453425434,0.008540411552708765,0.008227230980992317,0.005353361602562806,0.005303184453425434,0.006489639045484719,0.010206514969468117,0.006895290188314401,0.005303184453425434,0.008396138113260015,0.00202224962413311,0.004715161891504114,0.005303184453425434,0.01187974282344664,-0.017279453575611115,0.003340113213608971,0.005303184453425434,0.010768588189832683,-0.022137224674224854,0.0063071156237408214,0.005303184453425434,0.006417651659057263,-0.0214791689068079,-0.06813506782054901,-0.04318960756063461,-0.025498943403363228,0.009847600013017654,0.037637874484062195,0.07016430795192719,0.09955714643001556,-0.0717310681939125,-0.04562174528837204,-0.043575771152973175,0.0028583179228007793,0.030519619584083557,0.06214272603392601,0.09996993839740753,0.0031870220345368255,0.0035298396643494564,0.007502399976963321,4.132724035897397,0.0
2019-12-13,-0.0385044588212419,0.0,0.0050251029191982575,0.0050251029191982575,0.005911610668731322,0.003094354326637022,-0.011882991288653595,0.005240164434900997,0.01288161156837542,0.011348607949912548,0.0014849539780870686,0.005240164434900997,0.010528962100795024,0.026962609961628914,-0.012416739375522845,0.005240164434900997,0.013707475583773963,0.010649173520505428,-0.011107193719880256,0.005240164434900997,-0.00364824454062789,0.012098339386284351,-0.00837369313577356,0.005240164434900997,0.014375931254362453,0.02077614888548851,-0.010258567236179064,0.005240164434900997,-0.00038920440328132477,0.002783245174214244,-0.007201639584675703,0.005240164434900997,0.013791880566974578,0.002259010449051857,-0.006703823734150135,0.005240164434900997,0.008281192187652985,-0.000608941656537354,-0.06814390420913696,-0.04245990514755249,-0.01747335121035576,0.008000939153134823,0.034961212426424026,0.08668643981218338,0.10067472606897354,-0.07253246009349823,-0.040912043303251266,-0.025825966149568558,0.007651546970009804,0.02971743419766426,0.07823446393013,0.10097452253103256,0.0028939723429619256,0.0025353908728404937,0.004396848166133843,4.336580983817624,0.0
2019-12-20,0.0963765327946362,0.0,0.004855065568649662,0.004855065568649662,0.004373424696969128,0.0027988823623898147,0.003693029751195813,0.005061614952222862,0.007345228307831276,0.014958886429667473,0.016011439308370276,0.005061614952222862,0.007468142149073036,0.02078820951282978,0.0030386579261574777,0.005061614952222862,0.00773947917789161,0.01167337130755186,-0.0002523781669141866,0.005061614952222862,0.00399689131952569,0.004334944766014814,0.0022998672504958816,0.005061614952222862,0.008421470142826668,0.00880513433367014,0.0022359330127638545,0.005061614952222862,0.009311176913141372,0.0012310356833040714,-0.0023647183077709884,0.005061614952222862,0.008922854909118335,-0.015163218602538109,0.0007315423065264648,0.005061614952222862,0.00621251493417855,-0.010896841995418072,-0.07320152968168259,-0.044438596814870834,-0.025524359196424484,0.004599788226187229,0.03315073624253273,0.0748208686709404,0.08378393203020096,-0.07691405713558197,-0.04148080572485924,-0.037635210901498795,-0.0017119832336902618,0.026708494871854782,0.06702614575624466,0.07577701658010483,0.0033603086093276086,0.003289410318043128,0.007764689860229356,4.2758154298513995,0.0
2019-12-27,0.0014689683140982,0.0,0.005211180227116534,0.005211180227116534,0.002969412941343076,0.0029375980396425497,-0.004498331750033732,0.005432813805240803,-0.01208655514570264,-0.0028648171573877335,0.012486546717728975,0.005432813805240803,0.011972600040076995,0.018042027950286865,-0.004791531120330553,0.005432813805240803,-0.0114247595604231,-0.0017439569346606731,-0.005258124114820351,0.005432813805240803,-0.012120841713103465,0.0025966011453419924,-0.0034001986108967716,0.005432813805240803,-0.0066838051738189325,-0.0065472908318042755,-0.005094184645375132,0.005432813805240803,-0.002918965864185002,-0.0019670575857162476,-0.008425160923691475,0.005432813805240803,0.013680153804132685,-0.0031719361431896687,-0.0031779665879848405,0.005432813805240803,0.008745981780963117,-0.007106555625796318,-0.07451213896274567,-0.047194238752126694,-0.041156817227602005,0.01352185383439064,0.0280789602547884,0.07358741015195847,0.09818734973669052,-0.08072970807552338,-0.04957449436187744,-0.03646771237254143,0.011939930729568005,0.013602180406451225,0.07401426136493683,0.0969943180680275,-0.0010921964947464247,-0.001004592515976027,-0.0035042225619708253,4.291577388270076,0.0
2020-01-03,-0.0663750689448727,0.0,0.005196675529779255,0.005196675529779255,0.008739113709516055,0.002937576020397779,-0.008930300444488455,0.005416765847786784,-0.0019243509198501466,0.0006757500232197344,0.001237816127527912,0.005416765847786784,0.012133283206506335,-0.0038699384313076735,-0.009489433003601194,0.005416765847786784,-0.001275447541399687,-0.002595972502604127,-0.010538667654507852,0.005416765847786784,-0.004305105959418409,0.0025099003687500954,-0.009186830408230547,0.005416765847786784,0.000513131288036186,-0.00819426216185093,-0.01178041645872236,0.005416765847786784,0.007662788152639471,-0.006481955759227276,-0.014528047837759345,0.005416765847786784,0.012288614236402092,-0.005459096282720566,-0.009690398986004486,0.005416765847786784,0.007653455278360373,-0.009123907424509525,-0.0721236914396286,-0.04638625681400299,-0.04605884477496147,0.005107717588543892,0.024165408685803413,0.06400101631879807,0.09203209728002548,-0.07725661993026733,-0.05024169012904167,-0.04230871796607971,-0.00013298950216267258,0.018788183107972145,0.05610257014632225,0.09249404072761536,-0.0016467107320686403,-0.0015613430273074347,-0.0011905338733330208,3.9747501998296184,0.0
2020-01-10,-0.0306613706310554,0.0,0.004920336748023841,0.004920336748023841,0.005046610603532526,0.002971021771592791,-0.0026661127091715687,0.005127282642977675,-0.0026789828240754024,-0.007015262730419636,0.005961663420318146,0.005127282642977675,0.009703112620712781,-0.002220284193754196,-0.0024251924797466023,0.005127282642977675,-0.0032426121766264866,-0.0016304804012179375,-0.0022019267088189956,0.005127282642977675,-0.0004485178698031443,-0.0027449140325188637,0.0022649020271034385,0.005127282642977675,0.007207366560561795,0.002412409521639347,-0.00890726637812594,0.005127282642977675,0.008390757053953549,-0.002636674791574478,-0.008562576547651449,0.005127282642977675,0.012902227139332156,-0.002763804281130433,-0.00591047062422926,0.005127282642977675,0.009452642787596577,-0.007478557527065277,-0.07243185490369797,-0.055935975164175034,-0.0037270733155310154,0.016786154359579086,0.01838560774922371,0.047619372606277466,0.08983665704727173,-0.0743183046579361,-0.046884018927812576,0.0037195417098701,0.015027211047708988,0.015202784910798073,0.048591915518045425,0.08921937644481659,0.0010183752970643351,0.0009192917527978775,-0.001808268905172233,4.673822168894106,0.0
2020-01-17,0.0489249441413321,0.0,0.004783484027335075,0.004783484027335075,0.0021761900638883375,0.0029493735746981076,0.0006800638764667497,0.0049835531117566586,0.005870772930137586,-0.0004997463547624648,0.005528546587290227,0.0049835531117566586,0.005713371689488588,0.0014612511731684208,0.0027894641596802683,0.0049835531117566586,0.005232705256458024,-0.00046772114001214504,-0.003504643582977472,0.0049835531117566586,0.010179652312649792,-0.004947699140757322,-0.0026592680521037512,0.0049835531117566586,0.008698049368322781,-0.0034905176144093275,-0.0010650712154565735,0.0049835531117566586,0.006433219050947033,-0.003361037466675043,-0.005226148005403794,0.0049835531117566586,0.008407322637112233,-0.009370327927172184,-0.008365702418062594,0.0049835531117566586,0.006527723323208648,-0.009142734110355377,-0.06583426147699356,-0.045397158712148666,-0.029151247814297676,0.003921026363968849,0.034006692469120026,0.06712870299816132,0.07203314453363419,-0.06976588070392609,-0.03778316080570221,-0.02730689011514187,0.003490119706839323,0.023292189463973045,0.06502923369407654,0.07418183237314224,0.001107024337730548,0.0010701193480280268,0.0027586608908996323,5.570007559477493,0.0
2020-01-24,-0.0432797678593437,0.0,0.004952608395587937,0.004952608395587937,0.00332426117577881,0.002864153412972804,0.01326660791072156,0.005159318675874961,0.021950547355047235,0.00857587717473507,0.018273792460597273,0.005159318675874961,0.006148860982131642,0.016051163896918297,0.014738323361395198,0.005159318675874961,0.02156176177402261,0.006247630808502436,0.011412017265726195,0.005159318675874961,0.0321336066469715,0.002910589100793004,0.005053012714026075,0.005159318675874961,0.014117320736643693,0.0023864321410655975,0.01574630340206828,0.005159318675874961,0.021351949417721335,0.00135149119887501,0.015739928432031706,0.005159318675874961,0.009411035269530328,0.001974102109670639,0.010514096957789244,0.005159318675874961,0.004182099440436512,-0.010376437567174435,-0.09069530665874481,-0.06755381077528,-0.015777792781591415,0.007875341922044754,0.03777451068162918,0.07133589684963226,0.11383403092622757,-0.0917259156703949,-0.06788060069084167,-0.037117719650268555,0.005172211676836014,0.04085244610905647,0.07740889489650726,0.11414747685194016,0.008808798969389362,0.009153067589663891,0.012238087779094707,4.971496570466786,0.0
2020-01-31,-0.0227744694872815,0.0,0.004768515356446976,0.004768515356446976,0.006666190355799482,0.0028746519452677384,0.0065599259007974205,0.004966334267368113,0.005774744169833474,0.009969095699489117,0.004727978308999393,0.004966334267368113,0.004545589360552998,-0.0013215671060606837,0.006183671553730936,0.004966334267368113,0.005706729139340016,0.00482521764934063,0.011654052955271957,0.004966334267368113,0.014659928867171372,0.022060249000787735,0.008104598849903815,0.004966334267368113,0.007861512300131254,0.01609024405479431,0.0038723832830634426,0.004966334267368113,0.01723715825040228,0.0005121576832607388,0.021038589928566685,0.004966334267368113,0.006335003070021844,0.01803303323686123,0.00880531939762175,0.004966334267368113,0.004429978548166575,0.0001560994132887572,-0.09602838009595871,-0.08473066240549088,-0.02815633825957775,0.0073633948341012,0.03905101493000984,0.07183189690113068,0.08118799328804016,-0.0918239951133728,-0.0757564902305603,-0.024012262001633644,0.009400667622685432,0.04102449491620064,0.07741472125053406,0.08069831132888794,0.008640163866080583,0.008529332591760346,0.0068175250093720306,4.440299518146642,0.0
2020-02-07,-0.0233052578473813,0.0,0.004663789178333941,0.004663789178333941,0.0029927289675253264,0.0027404554219329037,0.010344812908507904,0.00485625171278617,0.017503263319564973,-0.004408867098391056,0.010474354778045158,0.00485625171278617,0.004408252973594228,-0.01573740318417549,0.009649359958868209,0.00485625171278617,0.01736214505195041,-0.0012206471292302012,0.012876985969837945,0.00485625171278617,0.017615874152835134,0.004125022329390049,0.013354772198264902,0.00485625171278617,0.01819011569959292,0.0150332385674119,0.010701628251333861,0.00485625171278617,0.016830433286278684,0.005977612920105457,0.02262206864736959,0.00485625171278617,0.00823512317805426,0.015361525118350983,0.01360397156474135,0.00485625171278617,0.005354621754204275,0.005683680064976215,-0.09059081226587296,-0.07591653615236282,-0.03267598897218704,0.007674291264265776,0.03818892315030098,0.07051530480384827,0.08030858635902405,-0.09134957194328308,-0.06748567521572113,-0.02786143496632576,0.009533814154565334,0.037125006318092346,0.07233506441116333,0.08079969137907028,0.01002062674421054,0.009931880947327908,0.007073865210616998,4.34031675138538,1.0
2020-02-14,0.0396254895198682,0.0,0.00455784581838805,0.00455784581838805,0.0036093060944135218,0.0027468306233673838,0.01471923646864996,0.004744941398319104,0.0031080544917120004,0.01968776434659958,0.015265952084731301,0.004744941398319104,0.0030379134364140535,0.0231479462236166,0.014403314483584286,0.004744941398319104,0.0030966499030843633,0.01608087681233883,0.014709337904912356,0.004744941398319104,0.004340536795333708,0.013912234455347061,0.016164828533028093,0.004744941398319104,0.003503756100644479,0.017207205295562744,0.01639183858265681,0.004744941398319104,0.009011580004143713,0.013742944225668907,0.015817488713201378,0.004744941398319104,0.0042733826061447065,0.013501059263944626,0.014856749756039657,0.004744941398319104,0.005168822797487818,0.007277095690369606,-0.09026948362588882,-0.07704585045576096,-0.01880948431789875,0.011713595129549503,0.042535100132226944,0.0715726912021637,0.08879244327545166,-0.09136427938938141,-0.06653774529695511,-0.006133350543677807,0.01490651722997427,0.0324845090508461,0.06452500075101852,0.09082332998514175,0.009663722929725324,0.009654542769361018,0.010564999176320162,4.4826257896991635,1.0
2020-02-21,0.0520416990059553,0.0,0.0046901765493370315,0.0046901765493370315,0.003464677932726443,0.0026446666954379108,0.010943331623462685,0.006439241287240073,0.01476949887035099,0.006925094872713089,0.01090747713777838,0.006439241287240073,0.0038116482911398518,0.02426021546125412,0.009125109951134126,0.006439241287240073,0.014559014509732187,0.006980797275900841,0.007919837029827822,0.006439241287240073,0.010004699513737893,0.00416425010189414,0.007475322303757163,0.006439241287240073,0.011517910689984305,-0.001577662187628448,0.005148145238693105,0.006439241287240073,0.01843369009307169,-0.006037901155650616,0.0011402388543648185,0.006439241287240073,0.0036023932069497127,-0.01350104808807373,0.0032895384627006537,0.006439241287240073,0.0040183461045969785,-0.013065148144960403,-0.09007889777421951,-0.07654756307601929,-0.03475361317396164,0.005025950726121664,0.03958872705698013,0.07581120729446411,0.11174263060092926,-0.09125901013612747,-0.07396727055311203,-0.03944661095738411,0.0028957573231309652,0.03298361599445343,0.06997733563184738,0.11184519529342651,0.004659707561811361,0.004677898710586699,0.009769291663441709,4.014405298641069,1.0
2020-02-28,-0.0803629023546363,0.0,0.004868189791655145,0.004868189791655145,0.00600429333834734,0.002569231357493869,0.0050652642052674505,0.005305828343188407,0.003241674641747166,0.02304486744105816,0.002707705901467245,0.005305828343188407,0.004998822976132126,0.014316235668957233,0.00468391707697822,0.005305828343188407,0.003297929080762008,0.019129805266857147,0.007424424674128433,0.005305828343188407,0.0010515751984473565,0.02163286879658699,0.009893614550669439,0.005305828343188407,0.006381010085656593,0.03150065243244171,0.008998259527810486,0.005305828343188407,0.00588530063067301,0.020721767097711563,0.01567019427782205,0.005305828343188407,0.008429238599563228,0.025731800124049187,0.012288003181078656,0.005305828343188407,0.007158359663561908,0.014081818982958794,-0.06568772345781326,-0.050645165145397186,-0.023871254175901413,0.008873122744262218,0.03945530951023102,0.07473964244127274,0.10787945240736008,-0.06652732938528061,-0.044858746230602264,-0.02033659815788269,0.010630296543240547,0.0384257547557354,0.07433490455150604,0.11028175055980682,0.010658146221120301,0.010405032580163308,0.009164408657815296,4.391718506623222,1.0
2020-03-06,-0.0079415255411867,0.0,0.004548972218073529,0.004548972218073529,0.006726201797089642,0.0022839064640103506,0.008508798765992729,0.006357447348467785,0.014677753970472919,0.00873691774904728,0.006763031536195601,0.006357447348467785,0.0028721227703943242,0.0012937765568494797,0.007858002122238803,0.006357447348467785,0.0146504178711009,0.008355285041034222,0.005704670244899393,0.006357447348467785,0.009563474290845742,0.010771378874778748,0.006611428746738314,0.006357447348467785,0.013112243848431494,0.007865170016884804,0.008565164857173534,0.006357447348467785,0.009436109772320955,0.018433263525366783,0.005735319522659242,0.006357447348467785,0.004459098912678303,0.020521223545074463,0.005844066340896346,0.006357447348467785,0.0051459675818452295,0.004863073118031025,-0.0732700303196907,-0.04674850031733513,-0.033016834408044815,0.0009768633171916008,0.03919436037540436,0.07352972775697708,0.08806391805410385,-0.07340504974126816,-0.04391246661543846,-0.027035320177674294,0.008630391210317612,0.03360908105969429,0.07877713441848755,0.08970630913972855,0.00856833509682521,0.008405346040233085,0.009570229458495179,4.333199846355858,1.0
2020-03-13,-0.0627775882268717,0.0,0.0045023658831509165,0.0045023658831509165,0.0015548737562246003,0.002264247565503237,0.005109758421797744,0.004894910413884891,-0.005178579327142909,0.00849826354533434,0.0048535084615851185,0.004894910413884891,-0.0012578023394832997,0.01158060971647501,0.005115101381120859,0.004894910413884891,-0.005456607223426385,0.010165059939026833,0.005044543302958474,0.004894910413884891,-0.0011060108995246953,0.00352372694760561,0.006199926663736639,0.004894910413884891,-0.0007701079745693002,0.009018320590257645,0.007015087615748025,0.004894910413884891,0.004637342005832736,0.011997422203421593,0.00682761621480243,0.004894910413884891,-0.003298001509042937,0.00851388182491064,0.0038307950815888807,0.004894910413884891,0.003955010008848011,0.010365074500441551,-0.07109984010457993,-0.04103172942996025,0.0014761703787371516,0.014864077791571617,0.029728438705205917,0.06998065114021301,0.07737997174263,-0.07035583257675171,-0.040834080427885056,-0.004672485403716564,0.010560603812336922,0.02849002182483673,0.07105199247598648,0.07629777491092682,0.004789485131543582,0.004677373229313699,0.0033310882634685164,4.529061858885745,1.0
2020-03-20,-0.2844106940695985,0.0,0.00425225452958206,0.00425225452958206,0.004046429146605721,0.0023268969818680606,-0.007422043641293502,0.0059020960011411175,0.007511034073855809,-0.014216280542314053,-0.008805488499459255,0.0059020960011411175,-0.003914601809867882,0.00039314557216130197,-0.008221898547930678,0.0059020960011411175,0.007442503564986732,-0.014279214665293694,-0.009276245709999607,0.0059020960011411175,0.004935306690233546,-0.012454704381525517,-0.009288146868322977,0.0059020960011411175,0.007909386650615895,-0.02076077274978161,-0.009194462881716957,0.0059020960011411175,0.007694791116858992,-0.009093951433897018,-0.007005572937311075,0.0059020960011411175,-0.003777991969187997,-0.006463153753429651,-0.014358191315250717,0.0059020960011411175,0.002838817566675516,-0.01393407303839922,-0.09817907959222794,-0.08639806509017944,-0.03264980390667915,-0.006201812531799078,0.018753286451101303,0.06532954424619675,0.08135756105184555,-0.09091789275407791,-0.08358088880777359,-0.03392796590924263,-0.0012296090135350823,0.019912412390112877,0.06488469243049622,0.07962808758020401,-0.0029947916106595556,-0.0025846562493132986,-0.0020562985271526573,4.283970784022869,1.0
2020-03-27,0.0159060790899214,0.0,0.0031831324977332426,0.0031831324977332426,0.0017688797729228456,0.003721666763853847,-0.026293211332308615,-0.0023807220308919527,-0.011550057770101443,-0.005789186805486679,-0.027280873657330992,-0.0023807220308919527,-0.015135951548113162,-0.01315334253013134,-0.02804488250017285,-0.0023807220308919527,-0.012877750155663736,-0.010094577446579933,-0.02680245366709665,-0.0023807220308919527,-0.011709193683164138,-0.007244311738759279,-0.02552099673727316,-0.0023807220308919527,-0.00370877054403208,0.005101791583001614,-0.02747233188314646,-0.0023807220308919527,-0.002289037038201579,-0.002262783469632268,-0.024681493224469817,-0.0023807220308919527,-0.011031515444111122,0.0035905276890844107,-0.03391511052566244,-0.0023807220308919527,6.181373515741972e-05,-0.024454612284898758,-0.15593795478343964,-0.1114128902554512,-0.05015239119529724,-0.0045996461994946,0.047758396714925766,0.08242924511432648,0.087305948138237,-0.1452694833278656,-0.10861841589212418,-0.03706878051161766,0.0005444505368359387,0.047546543180942535,0.08340940624475479,0.08580680191516876,-0.010735000813373856,-0.011051192667052977,-0.011503294484697172,4.2007702931561095,1.0
2020-04-03,0.090463428551895,0.0,0.0032300806401398406,0.0032300806401398406,-0.013311518855666381,0.003695796541374275,-0.013024421316907793,0.0007044948863024003,0.004567368257691369,0.0004977461067028344,-0.014043527883963246,0.0007044948863024003,-0.012308815097434752,0.0013362928293645382,-0.01307234256321712,0.0007044948863024003,0.003688526113260121,0.006768002640455961,-0.01307515513522851,0.0007044948863024003,0.0035484247691401427,-0.005382067058235407,-0.010911578959365602,0.0007044948863024003,0.003710492844910041,0.006535821594297886,-0.010250247527520025,0.0007044948863024003,0.001909184259268263,-0.0072892955504357815,-0.007111250221806477,0.0007044948863024003,-0.003983112922175175,-0.018693216145038605,-0.014759862663912255,0.0007044948863024003,0.003255728076100835,-0.026905594393610954,-0.10476112365722656,-0.07874424755573273,-0.04629844054579735,0.01641019433736801,0.0452721007168293,0.07111566513776779,0.1110929474234581,-0.10775980353355408,-0.0938745066523552,-0.032415229827165604,0.0054340120404958725,0.030909428372979164,0.07714912295341492,0.11693577468395233,-0.004074607230220761,-0.004195630248940451,-0.0018137030165527976,4.474343511319899,1.0
2020-04-10,0.1545319662923954,0.0,0.003550791478050706,0.003550791478050706,0.0038423912164217,0.0035367430590628984,-0.011650434764875713,0.0037701539983305663,-0.015268291963028015,0.027314478531479836,-0.007258067671004946,0.0037701539983305663,-0.014919671554207075,0.012932314537465572,-0.012120539425764135,0.0037701539983305663,-0.014743999581090224,0.02906028926372528,-0.014830327025213579,0.0037701539983305663,-0.017502642496924903,0.024410070851445198,-0.013007930465014859,0.0037701539983305663,-0.019087847323559996,0.019149402156472206,-0.011367150729206443,0.0037701539983305663,-0.012619300940298454,0.014940575696527958,-0.013502452077902974,0.0037701539983305663,-0.013564711403816765,0.024836763739585876,-0.02163261720380901,0.0037701539983305663,-0.000666382982085649,0.0016859433380886912,-0.10314320772886276,-0.08753199130296707,-0.029762132093310356,0.006606030743569136,0.0808502584695816,0.09152156859636307,0.10496103018522263,-0.10697337985038757,-0.09561903774738312,-0.0453278124332428,0.008073504082858562,0.08268231153488159,0.09420450031757355,0.11075770854949951,-0.0011642471924524324,-0.0010564999799408427,0.0010414764504766685,4.477585252930385,1.0
2020-04-17,0.0279675422770977,0.0,0.004103836074440247,0.004103836074440247,0.007901048136308042,0.003914983696021482,-0.010206064206438312,0.004352873496701584,0.012557893681170062,0.0023333209101110697,-0.0066459258344007625,0.004352873496701584,-0.0002094142367806192,0.008430388756096363,-0.010280556236384207,0.004352873496701584,0.011368768645022408,-0.003839349141344428,-0.010310327699540241,0.004352873496701584,0.005586440287124929,-0.0024669808335602283,-0.01067558873176465,0.004352873496701584,0.011744057528475509,-0.005841669626533985,-0.009941752502315195,0.004352873496701584,0.006399739778580665,0.0029396770987659693,-0.008229286205944177,0.004352873496701584,0.00205283841030995,0.0014853723114356399,-0.013814532873754864,0.004352873496701584,0.011474674082965028,-0.005661052651703358,-0.09193660318851471,-0.07875179499387741,-0.03306944668292999,0.0044118124060332775,0.05111495405435562,0.0789102241396904,0.11961787939071655,-0.09178748726844788,-0.07533209770917892,-0.03478474169969559,0.005779964383691549,0.042413778603076935,0.08249370008707047,0.11834923177957535,-7.884530749815539e-05,-0.00014549542329353384,0.0022595059703861007,4.454513709663477,1.0
2020-04-24,-0.0431787136492185,0.0,0.0041909298926981215,0.0041909298926981215,0.013486572795206639,0.003930357054039212,-0.015464559299794116,0.003874194514287679,0.002022644087175302,-0.0242496058344841,-0.015243991658332791,0.003874194514287679,0.0022209461687886078,-0.024918733164668083,-0.01670512453698493,0.003874194514287679,0.0023557298757383048,-0.03497697412967682,-0.016762061613581302,0.003874194514287679,-0.006340984742563998,-0.031913015991449356,-0.01720214031612483,0.003874194514287679,0.0023160017701578874,-0.05329098924994469,-0.01897987592675628,0.003874194514287679,0.00430548364010625,-0.0443345382809639,-0.014641767385718065,0.003874194514287679,0.00583723316770943,-0.038653261959552765,-0.02151725822516239,0.003874194514287679,0.008607047896920988,-0.05550780147314072,-0.14846254885196686,-0.0701681599020958,-0.02652122639119625,0.007659207098186016,0.0374520942568779,0.07869550585746765,0.09213218837976456,-0.14027069509029388,-0.07370627671480179,-0.0370962880551815,0.0009381556301377714,0.03591490909457207,0.0822596400976181,0.09585443884134293,-0.01350663043313588,-0.014068927243343578,-0.008454331633203808,4.221732730680596,1.0
2020-05-01,-0.0837653736757819,0.0,0.004018676643454788,0.004018676643454788,0.0057116374761711835,0.0039375361974245265,-0.010156715212901587,0.004930640006843429,0.01428068680485533,0.0013718120753765106,-0.008854784445521163,0.004930640006843429,0.000741051486583912,0.0056185051798820496,-0.011719311068816754,0.004930640006843429,0.014080781516937122,-0.007540594320744276,-0.01053820553391471,0.004930640006843429,0.007237836255375147,-0.0032352476846426725,-0.00951554592859519,0.004930640006843429,0.013652378362944079,0.0016226437874138355,-0.0110723854202999,0.004930640006843429,0.008510473656845955,0.0055120717734098434,-0.008614302909979592,0.004930640006843429,0.0039093977783663785,0.007150145713239908,-0.01248887987906882,0.004930640006843429,0.009149491830923083,0.0031765494495630264,-0.08759233355522156,-0.05843726173043251,-0.02903810702264309,0.007637468166649342,0.03423997014760971,0.0779571458697319,0.11500217765569687,-0.08482638746500015,-0.056251730769872665,-0.005589497275650501,0.008122103288769722,0.03106789104640484,0.08052389323711395,0.11892347037792206,0.00120254739250071,0.0011167549132423587,0.0026066059185434207,4.152823870921554,1.0
2020-05-08,0.0185144142656308,0.0,0.00370061849012422,0.00370061849012422,0.001012121453268571,0.004044982192942097,-0.002869795877666626,0.003546548559206962,0.0056254770164537995,0.005522949621081352,-0.0016605553240934606,0.003546548559206962,-0.0009605161008569593,0.007376151625066996,-0.00479495044624937,0.003546548559206962,0.003351123998427823,-0.0014330798294395208,-0.004967206400944198,0.003546548559206962,-0.0059512686731579955,-0.0011729882098734379,-0.002839752366780617,0.003546548559206962,0.005251460697265416,0.007730808109045029,-0.002844266002155237,0.003546548559206962,0.011490472938176002,0.010595410130918026,-0.00621749782668876,0.003546548559206962,0.0012249094540919235,0.00838232971727848,-0.005660255267795712,0.003546548559206962,0.006149352930365665,0.013318870216608047,-0.10603269189596176,-0.07550860941410065,-0.01127607747912407,0.0027621141634881496,0.027021687477827072,0.07808816432952881,0.08873552083969116,-0.1014622151851654,-0.07924064248800278,-0.016599325463175774,0.007855714298784733,0.029588235542178154,0.08733692020177841,0.08904256671667099,0.002203865188513889,0.0021949374498218648,0.002956294829768872,4.120478719990245,1.0
2020-05-15,-0.0104660810828027,0.0,0.0037540978972560126,0.0037540978972560126,-0.0021922722451057017,0.00404983489088254,-0.001597090548780722,0.003944144714912729,0.01287129449153317,-0.006632070057094097,0.0028881473204339253,0.003944144714912729,-0.00033053928375559923,0.007493190933018923,-0.0038674695113090846,0.003944144714912729,0.011593450762899311,-0.011767219752073288,-0.003982936195728717,0.003944144714912729,0.0036095615511482844,-0.006127560045570135,-0.00210929982332548,0.003944144714912729,0.012528504742716502,-0.013965515419840813,-0.0027365441039893796,0.003944144714912729,0.00817582571546727,-0.0039015505462884903,-0.004999061724442137,0.003944144714912729,0.001916928007168612,0.004184958525002003,-0.0050883986841982875,0.003944144714912729,0.005475558452909448,-0.012735985219478607,-0.09361433237791061,-0.0849568247795105,-0.030963309109210968,0.0044046188704669476,0.035058747977018356,0.07999304682016373,0.1163543164730072,-0.09475240111351013,-0.09351269900798798,-0.028396397829055786,0.006321677006781101,0.03723926469683647,0.0868733748793602,0.11640415340662003,-5.495207477359115e-06,-0.00031353208895872444,0.00214656965014277,4.057397966725994,1.0
2020-05-22,0.1059114660611846,0.0,0.003702946174306161,0.003702946174306161,0.0047076897745745,0.004042745337008047,0.0006630523504305786,0.003845010914522102,0.008057864021055934,-0.004569570533931255,0.007161185219725294,0.003845010914522102,-0.00033135924997494594,0.00602008355781436,-0.0026701585219028427,0.003845010914522102,0.006644546590255981,-0.012945680879056454,-0.0027878960109339263,0.003845010914522102,-0.0024803430980751945,-0.014696985483169556,-0.0007191751481483676,0.003845010914522102,0.007832769179890425,-0.02118990197777748,-0.0031864998769833572,0.003845010914522102,0.008286106882810208,-0.016399281099438667,-0.0022666658982705918,0.003845010914522102,0.0026366460813558065,-0.01833943836390972,-0.004949201728281205,0.003845010914522102,0.003969025267619888,-0.03223179280757904,-0.09291858971118927,-0.08352038264274597,-0.02542787604033947,-0.004016142804175615,0.03408749774098396,0.07986197620630264,0.1139613464474678,-0.09472043812274933,-0.08797268569469452,-0.030055129900574684,0.001798400655388832,0.0330728217959404,0.08572714030742645,0.11286904662847519,-0.0034343275585192283,-0.003844281321795362,0.00199908918801934,3.856857222986061,1.0
2020-05-29,-0.0004507550222814,0.0,0.004069284955262715,0.004069284955262715,0.0027642666716288645,0.0042661965146012695,-0.0017208278041174778,0.004225855896412633,0.0083719305604451,0.01755666173994541,0.005499490367613696,0.004225855896412633,0.003134475205405929,0.025046581402420998,-0.0012611865537155084,0.004225855896412633,0.006605227694710536,0.01829289086163044,0.0006153056953517987,0.004225855896412633,0.0015916121894165524,0.03160761669278145,0.003782791427841991,0.004225855896412633,0.007934759964757723,0.020772667601704597,-0.004496616102052841,0.004225855896412633,0.008800199960465008,0.010907434858381748,-0.001928548580101064,0.004225855896412633,0.011769538941924862,0.02324863336980343,-0.004797334437146985,0.004225855896412633,0.013915534668643896,0.009262487292289734,-0.08536496013402939,-0.07383100688457489,-0.027314236387610435,0.008736458607017994,0.04552486538887024,0.0783710777759552,0.08519473671913147,-0.08087986707687378,-0.05310468375682831,-0.026503026485443115,0.00934239849448204,0.05705804377794266,0.09035514295101166,0.09420879930257797,0.007582422955215132,0.007696327287339768,0.007108405098171417,4.562230263506425,1.0
2020-06-05,0.0796958347296166,0.0,0.004053141955342914,0.004053141955342914,0.010565936215353604,0.004242555460766347,-0.007054828961261991,0.004208470725711169,0.0038801805895243135,0.01488956343382597,-0.00422527284241853,0.004208470725711169,0.002794983021879569,0.0284226406365633,-0.0074965141865403,0.004208470725711169,0.002984137798153791,0.008692885749042034,-0.011117013673706043,0.004208470725711169,-0.0016673499658795008,0.013164560310542583,-0.012492211500883062,0.004208470725711169,0.0036561068739817664,0.0046790302731096745,-0.00946571906204539,0.004208470725711169,0.007906337679566222,-0.004830172285437584,-0.01031474746142098,0.004208470725711169,0.006042460919609467,0.004170848522335291,-0.015895279167712103,0.004208470725711169,0.00556735635964256,-0.01798178441822529,-0.08389123529195786,-0.07307718694210052,-0.027351999655365944,0.0038544388953596354,0.02208886109292507,0.07755663990974426,0.10781224071979523,-0.08267799764871597,-0.05850336700677872,-0.028147434815764427,0.001775039010681212,0.05004516988992691,0.07452809065580368,0.10782839357852936,-0.0003810934533999934,-0.00026480982752666716,0.003980846446949866,4.318412862535432,0.0
2020-06-12,-0.0530038586328016,0.0,0.004322333032831432,0.004322333032831432,0.003757260694122766,0.0043687808863254575,-0.0036945957546758784,0.004488053555355263,0.0167532089211193,0.04155968874692917,0.0027894982078011396,0.004488053555355263,0.004025453043275842,0.0207084808498621,-0.003578290391915976,0.004488053555355263,0.014496832926084276,0.03217921033501625,-0.0028430166609337837,0.004488053555355263,0.007160358007437387,0.01699971966445446,-0.0023195262530543983,0.004488053555355263,0.016485206962861626,0.033149104565382004,-0.0012687320930423029,0.004488053555355263,0.015005383131210415,0.030229581519961357,0.0026605459361348158,0.004488053555355263,0.011622473364923641,0.03202144056558609,-0.0011013633142065273,0.004488053555355263,0.00880579678754214,0.02404145896434784,-0.08142749220132828,-0.06387849152088165,-0.0002266961964778602,0.015169347636401653,0.06340488791465759,0.08101151138544083,0.11017592996358871,-0.08233828097581863,-0.06369466334581375,-0.004918663762509823,0.020699460059404373,0.046812377870082855,0.0786328911781311,0.11166082322597504,0.01086143772291337,0.010978760379146031,0.014776588867181964,4.381486866036978,0.0
2020-06-19,0.0897877359002166,0.0,0.004119048665222805,0.004119048665222805,0.009024243506381334,0.004410500813451559,-0.003064205414112374,0.00427590627790819,0.001568623735691871,0.005308833904564381,-0.004581883729839233,0.00427590627790819,0.0008884513435206695,-0.007522678002715111,-0.003656111161538582,0.00427590627790819,0.0011667523787934854,-0.0001396512525388971,-0.003721812122447591,0.00427590627790819,0.0014887604874288763,-0.007969949394464493,-0.003801325500228673,0.00427590627790819,0.0013665495888293046,0.0044545019045472145,-0.0035820709452944162,0.00427590627790819,0.004942895556257094,0.005297117866575718,-0.0006894672653623831,0.00427590627790819,0.003909769451079802,0.0020557958632707596,-0.0058238914813757035,0.00427590627790819,0.0047585955204680125,-0.0015574056887999177,-0.08406257629394531,-0.0706668421626091,-0.02323169633746147,0.008710258640348911,0.03290443494915962,0.07768511772155762,0.0912790298461914,-0.08154251426458359,-0.07193725556135178,-0.014676576480269432,0.01220712810754776,0.04344307631254196,0.0773337334394455,0.09119264781475067,0.001006437144693698,0.0010171943041722066,0.0020222896260130166,4.281841449028684,0.0
2020-06-26,0.0214378992100079,0.0,0.004421764874533737,0.004421764874533737,0.0007801825779949968,0.004569282956882191,0.004800657160456026,0.004590288004460794,0.00915517747559502,0.0014806176768615842,0.0029682581891184393,0.004590288004460794,0.0028183503558283835,0.02095116302371025,0.004672223390127371,0.004590288004460794,0.00883005745393679,0.0010554890614002943,0.005362689509837654,0.004590288004460794,0.006238144243667974,0.0013215511571615934,0.005801654324026071,0.004590288004460794,0.009254282524001543,0.0026934209745377302,0.006816362168989496,0.004590288004460794,0.005631327735223638,0.0018021499272435904,0.006517340194649494,0.004590288004460794,0.005102539523153812,-0.0034743112046271563,0.006221622559756898,0.004590288004460794,0.006513457708432097,-0.0018454217351973057,-0.08061624318361282,-0.06280336529016495,-0.030998926609754562,0.0053901225328445435,0.041003644466400146,0.08756876736879349,0.11200570315122604,-0.08116407692432404,-0.06515882164239883,-0.025012720376253128,0.005492431577295065,0.03374085575342178,0.08250853419303894,0.11184150725603104,0.004419012814295264,0.004444422472773075,0.005006685079343357,4.407271428390021,0.0
2020-07-03,0.1176957489631842,0.0,0.004481680840503716,0.004481680840503716,0.00898293419148841,0.004546318643319676,-0.00011381868126903154,0.0046520008660195745,0.0013000342648231103,0.009735573083162308,-0.00319049839736822,0.0046520008660195745,0.003082891253435435,0.01455198135226965,-0.0007019236241607536,0.0046520008660195745,0.0010154504751551186,0.007699995767325163,-0.0009833002100270985,0.0046520008660195745,0.0020716912514364247,0.0032095748465508223,-0.0014557053687372923,0.0046520008660195745,0.0009334491792441345,0.00638433126732707,-0.002034196496405608,0.0046520008660195745,0.005317253978521165,-0.0018480158178135753,0.00026109651869842595,0.0046520008660195745,0.005027412940929194,0.006181459408253431,-0.003167912156429177,0.0046520008660195745,0.005535439277466077,-0.0012139531318098307,-0.07804758101701736,-0.061597827821969986,-0.027323171496391296,0.007596194744110107,0.04007312282919884,0.08539222925901413,0.0932914987206459,-0.07896632701158524,-0.06783050298690796,-0.05173318833112717,0.009414657950401306,0.03975129872560501,0.08356544375419617,0.0930309072136879,0.0025060063875683805,0.0025758330540168947,0.00389344738318399,4.225341200702436,0.0
2020-07-10,0.0390326851634181,0.0,0.004878923184793824,0.004878923184793824,0.005395430940143709,0.004813736479480865,-0.010941411750503416,0.005064569289731854,0.009933561960394802,0.004389025736600161,-0.01120432902503147,0.005064569289731854,0.005152109351395258,0.03236943855881691,-0.011814512109915168,0.005064569289731854,0.010033317140529546,0.002152970526367426,-0.01131403620792228,0.005064569289731854,0.005609569897734208,0.004991663619875908,-0.01173223863435212,0.005064569289731854,0.010221943090740673,0.00029122602427378297,-0.013665775426669849,0.005064569289731854,0.005470701757824665,0.00011235015699639916,-0.014393740760322706,0.005064569289731854,0.006802928078787089,-0.009332441724836826,-0.012787419925873355,0.005064569289731854,0.00619536646213219,-0.004990668036043644,-0.0773196816444397,-0.061714593321084976,-0.03568637743592262,0.007578132674098015,0.028257405385375023,0.08587035536766052,0.10481736809015274,-0.07881255447864532,-0.06923863291740417,-0.047428932040929794,0.00294354441575706,0.030163422226905823,0.08711566030979156,0.10679975152015686,-0.00032339084717845565,-0.00017242592962937557,0.00211143630905585,3.9568913556209377,0.0
2020-07-17,-0.0348514944030169,0.0,0.0049983419329708316,0.0049983419329708316,0.011212862830267675,0.004689412769192667,-0.0005226048955685467,0.005188089711090713,0.0024587644111039144,-0.0031797944102436304,-0.0014067643188614932,0.005188089711090713,0.005330529694755006,0.005004757083952427,-0.0007099365983598916,0.005188089711090713,0.002586056067244406,-0.007434896659106016,0.0012763665186586457,0.005188089711090713,0.002636114908267666,-0.010664334520697594,0.0016176462292677553,0.005188089711090713,0.0027676036558068654,-0.004563689231872559,0.001662602808060981,0.005188089711090713,0.0051105235786357735,-0.001999790547415614,0.008922613698295627,0.005188089711090713,0.011068930077235743,0.0013841291656717658,0.0030443482856520694,0.005188089711090713,0.008686920640650495,-0.009019787423312664,-0.12171804904937744,-0.0668218806385994,-0.03363984450697899,0.000810639001429081,0.03805684298276901,0.0864134430885315,0.10088244825601578,-0.12615744769573212,-0.06757993251085281,-0.02726687490940094,0.005458086729049683,0.042698584496974945,0.0901695042848587,0.10286203026771545,0.001979164954967822,0.0020494666923108733,0.0009861137040956126,4.23124369390696,0.0
2020-07-24,-0.0531983359953489,0.0,0.004859492329012686,0.004859492329012686,0.006997217462645925,0.004711453744431414,-0.0001733898890874195,0.005043018754155541,0.01016553720589625,0.003190023824572563,-0.00164728912047663,0.005043018754155541,0.004069635533679901,0.022155478596687317,-0.0006091463607962528,0.005043018754155541,0.010041006218858445,0.0028742796275764704,-0.0007097685452058253,0.005043018754155541,0.006959956409570503,0.009494230151176453,-0.0016989710634753644,0.005043018754155541,0.010020379268156411,-0.005247174296528101,-0.001382548521973349,0.005043018754155541,0.007536769643281352,-0.005128527991473675,0.0002823727985081419,0.005043018754155541,0.006321522935633955,0.012495418079197407,-0.002196442596002085,0.005043018754155541,0.007467631521804741,0.0030554221011698246,-0.07649931311607361,-0.061219070106744766,-0.03235046565532684,0.00025053578428924084,0.03761754557490349,0.07265777885913849,0.09454602748155594,-0.08260390907526016,-0.05250605195760727,-0.03418351709842682,0.00044914468890056014,0.06761689484119415,0.08168850839138031,0.09218524396419525,0.0037431050793505123,0.0037969721813515345,0.004556297473884234,4.0569669733992475,0.0
2020-07-31,-0.0018351996341769,0.0,0.004657902647330875,0.004657902647330875,0.002553367933314247,0.00475574193985111,-0.0005903281593834546,0.004832761155781878,0.0033725711353052162,0.014993560500442982,-0.006246014121411759,0.004832761155781878,0.0035151196082098927,0.006288218777626753,-0.0007287461986963378,0.004832761155781878,0.002982477377472037,0.012837100774049759,0.0004833139926207772,0.004832761155781878,0.0020477867307013404,0.011629873886704445,0.001368820707247924,0.004832761155781878,0.0033056555937402837,0.01580452173948288,0.002023126104992205,0.004832761155781878,0.005478324078199199,0.01824536733329296,0.009765228685684399,0.004832761155781878,0.0073034036215252,0.01704096794128418,0.002386734241399231,0.004832761155781878,0.007309966278708173,0.012197988107800484,-0.07487338036298752,-0.0609140619635582,-0.027122143656015396,0.00909691583365202,0.03595982864499092,0.07214637845754623,0.08860518038272858,-0.07581893354654312,-0.061797402799129486,-0.02428450994193554,0.012080256827175617,0.03849305957555771,0.07615838199853897,0.08872465789318085,0.006686603247120851,0.006689946509195384,0.005652141158036655,4.374184191831452,0.0
2020-08-07,0.0036670374792691,0.0,0.0046354351653879414,0.0046354351653879414,0.001186919820561003,0.004737896026445766,0.006444394489798229,0.004808775685314401,0.00938132613036163,-0.006161781027913094,-0.0037543361869453893,0.004808775685314401,0.002934855467185478,-0.007859483361244202,0.006142624545530095,0.004808775685314401,0.008883468888018576,-0.004524514079093933,0.005473987090901505,0.004808775685314401,0.006045424409875903,0.0016453214921057224,0.004978471686707459,0.004808775685314401,0.009222053925610508,-0.004107761662453413,0.006034342488234127,0.004808775685314401,0.006579856375968761,-0.0026379881892353296,0.008192088761221543,0.004808775685314401,0.00570011807017704,0.01777372695505619,0.00453617140529851,0.004808775685314401,0.006192441727308182,-0.004617226775735617,-0.08876435458660126,-0.0705927163362503,-0.035495564341545105,0.006334857549518347,0.0355449914932251,0.07295455783605576,0.09962005913257599,-0.09243250638246536,-0.07554803043603897,-0.036005452275276184,0.0034836111590266228,0.0587834008038044,0.0787607803940773,0.10209314525127411,0.004598552551140926,0.004553663336720787,0.0036181788193902914,4.283426406917803,0.0
2020-08-14,-0.0357713250682825,0.0,0.004632095863022015,0.004632095863022015,0.004235931282929682,0.0047079018470374346,0.008147415617842912,0.00480468343367983,-0.0004443899522585566,0.007411594968289137,0.003187348817078591,0.00480468343367983,0.0035286229848812455,0.0044029331766068935,0.007036019629391074,0.00480468343367983,-0.0008262718918613304,0.00879259966313839,0.007250286295022771,0.00480468343367983,0.0016398510785996107,-0.0008256374858319759,0.006868507116977856,0.00480468343367983,-0.0002371471867885673,0.006110107991844416,0.00431476010095341,0.00480468343367983,0.006527065398751528,0.007728985510766506,0.0072168137391315,0.00480468343367983,0.006429372146611666,0.013335732743144035,0.004554361352095353,0.00480468343367983,0.005686346042379265,0.0028680998366326094,-0.08871173113584518,-0.0748695507645607,-0.026405073702335358,0.006237698718905449,0.032141368836164474,0.07305572926998138,0.09554188698530197,-0.09057644009590149,-0.07702486217021942,-0.028160173445940018,0.007898933254182339,0.04461008682847023,0.0737757682800293,0.09585050493478775,0.005137414695126546,0.005136893394319851,0.004979826016888331,3.862113854907532,0.0
2020-08-21,0.0045420214345006,0.0,0.004493252492124061,0.004493252492124061,0.004562684749842891,0.004616335004747025,0.005007254516926924,0.004659769117601392,0.009406987742404633,-0.012512997724115849,0.00497600304923852,0.004659769117601392,0.002326744813247777,-0.0009326625731773674,0.003549570684797661,0.004659769117601392,0.00879870563383155,-0.013864860869944096,0.005355654159363229,0.004659769117601392,0.004399410414267506,-0.012924091890454292,0.006602238420229214,0.004659769117601392,0.009465770354202522,-0.008590811863541603,0.0054847070099178765,0.004659769117601392,0.006052133009787658,-0.00480838306248188,0.011782040424081704,0.004659769117601392,0.005424082273202475,-0.0008751611458137631,0.006478561187242567,0.004659769117601392,0.005913689643772429,-0.0025096628814935684,-0.08811831474304199,-0.07298584282398224,-0.0345175564289093,0.005430456716567278,0.03111380524933338,0.07090090960264206,0.08452075719833374,-0.08978946506977081,-0.07809615135192871,-0.025527356192469597,0.005063844379037619,0.035073209553956985,0.06894420087337494,0.085496686398983,0.0026538419252739812,0.002603763653891915,0.001640253413204275,3.9333067055633664,0.0
2020-08-28,0.1373947660988195,0.0,0.004493419509050007,0.004493419509050007,0.00206609189561414,0.0045946722084662045,0.00276366566233095,0.0046593500867006775,0.0026653286358599357,0.006605521310120821,-0.003335288253459341,0.0046593500867006775,0.0033493261111179696,-0.004157287068665028,0.0027771900289040134,0.0046593500867006775,0.0024097327702761995,0.0060827042907476425,0.0037533422309144293,0.0046593500867006775,-5.553190760161034e-05,0.014788288623094559,0.005223832045595586,0.0046593500867006775,0.002953490626384052,0.0038573546335101128,-0.001397159453383881,0.0046593500867006775,0.0049970386797042595,0.004820473957806826,0.005821745174452138,0.0046593500867006775,0.008461817834558828,0.013240793719887733,-0.0027482199412726394,0.0046593500867006775,0.00823011263843302,0.00249269581399858,-0.08071722090244293,-0.0770447701215744,-0.032488640397787094,0.005752203520387411,0.030899962410330772,0.06995529681444168,0.08933408558368683,-0.07744255661964417,-0.07527630031108856,-0.024744002148509026,0.003025417448952794,0.039838723838329315,0.06938822567462921,0.09550808370113373,0.004736075095258914,0.004754246443826389,0.004173466423753096,4.501357626242724,0.0
2020-09-04,-0.0769478746658611,0.0,0.004947007722666969,0.004947007722666969,0.004484837133389074,0.004919516140401325,0.006696187785505021,0.0051300430512826595,0.009835580571771984,0.007231088355183601,0.007513618233773387,0.0051300430512826595,0.004555266485837158,0.0045484560541808605,0.006424677956199613,0.0051300430512826595,0.009567131328563763,0.005453217774629593,0.006117876883774994,0.0051300430512826595,0.006737050790540992,0.01576552912592888,0.004016486027263956,0.0051300430512826595,0.009579922544358625,0.0125857163220644,0.0059278211249756945,0.0051300430512826595,0.005378693135057689,0.015686526894569397,0.010673000023094056,0.0051300430512826595,0.008168277146626147,0.023340484127402306,0.004267176044449362,0.0051300430512826595,0.005507446112513027,0.012643681839108467,-0.07661916315555573,-0.06877542287111282,-0.0331328809261322,0.005240637343376875,0.03807902708649635,0.07651028037071228,0.11116074025630951,-0.07741764187812805,-0.05834946408867836,-0.022373346611857414,0.007875212468206882,0.050919950008392334,0.08187095820903778,0.11337821930646896,0.008275873896200705,0.008265627951363309,0.0072232249409358166,4.362583271853765,0.0
2020-09-11,0.0301143204317986,0.0,0.004668453700937282,0.004668453700937282,0.012867307887628784,0.004988238091152013,-0.03182055325306627,0.004840015073483565,0.0006239148431137816,0.010871975682675838,-0.037830715077554956,0.004840015073483565,0.005561431930899129,-0.0009150812402367592,-0.032220332382589575,0.004840015073483565,0.0013487928078904595,0.008515332825481892,-0.03152171038689947,0.004840015073483565,-0.005400078867049129,0.005336015019565821,-0.031096399544771107,0.004840015073483565,0.0010054129505870763,0.01654691807925701,-0.03148197006429209,0.004840015073483565,0.003308596384836961,0.013757241889834404,-0.027155688315392938,0.004840015073483565,0.004721024266515681,0.008698591031134129,-0.032093080800454955,0.004840015073483565,0.005463388267711749,0.009815147146582603,-0.08278375118970871,-0.07452281564474106,-0.029989251866936684,8.172374509740621e-05,0.03736424073576927,0.05218289792537689,0.07034877687692642,-0.0810353010892868,-0.07332339882850647,-0.0261472649872303,0.002161965472623706,0.03680328652262688,0.05912147834897041,0.06849624961614609,-0.0034755295521312532,-0.003329550969257523,-0.0038711619134482716,4.358306351771609,0.0
2020-09-18,-0.0107509272021446,0.0,0.004754710876296133,0.004754710876296133,0.0006269532639674069,0.004958969332933093,0.0012482634121768251,0.0049290091064353786,0.012939009150520556,0.009105166420340538,0.0008165978996759219,0.0049290091064353786,0.0036222064975608616,-0.014347746968269348,0.0013606697841438238,0.0049290091064353786,0.012530925938966432,0.011306210421025753,0.0020239297736801033,0.0049290091064353786,0.011141137700150825,0.004585655406117439,0.0023516430706435887,0.0049290091064353786,0.011805374921503572,0.00324211735278368,0.0035524072173970783,0.0049290091064353786,0.007036699248345621,0.0053449971601367,0.007637502564599828,0.0049290091064353786,0.008382594418517984,0.004170368425548077,0.00381485250070734,0.0049290091064353786,0.007455878661112789,0.002252296544611454,-0.07825568318367004,-0.06763601303100586,-0.03931470960378647,0.008001179434359074,0.036516763269901276,0.07717639952898026,0.11108632385730743,-0.07750468701124191,-0.0617046058177948,-0.018012886866927147,0.009944800287485123,0.03876316174864769,0.07148085534572601,0.1124829575419426,0.005815388156191849,0.005857638823815636,0.007055362022368324,4.519074409494857,0.0
2020-09-25,-0.0696655423894041,0.0,0.004702326963868969,0.004702326963868969,0.0059449461242931136,0.004960721581380673,-0.00017364560322774298,0.004873991786054396,0.0028329684475395414,0.0019263775320723653,-0.0008290537863739822,0.004873991786054396,0.003961946414570113,-0.005019710399210453,-0.00020134354150206767,0.004873991786054396,0.0020855725117458323,0.0015683267265558243,-0.0008095634635027502,0.004873991786054396,0.0031415587541069557,-0.003494370961561799,-0.0013790688744193856,0.004873991786054396,0.0028322631936872796,0.0017530845943838358,-0.0002917441633754009,0.004873991786054396,0.005168422577656447,0.004020146559923887,0.0041008532441271645,0.004873991786054396,0.005615672869703576,0.010583408176898956,-0.0015039448594592981,0.004873991786054396,0.005635808524031102,-0.002008879091590643,-0.0799255296587944,-0.06650769710540771,-0.02840368263423443,0.0023416061885654926,0.03321179375052452,0.073654405772686,0.09023795276880264,-0.08034081757068634,-0.0557241290807724,-0.025062648579478264,0.0057318368926644325,0.0387379452586174,0.07308625429868698,0.09178152680397034,0.002752506395572329,0.00281236372242661,0.00236492304060964,4.440153712886804,0.0
2020-10-02,0.0309189148871791,0.0,0.004451930097359631,0.004451930097359631,0.0039684455898570115,0.005013180935079377,0.004998193062608411,0.004613364044182164,0.008110602540889203,-0.022513745352625847,-0.0030935398379703626,0.004613364044182164,0.0025505136979740413,-0.020439008250832558,0.00408344675922874,0.004613364044182164,0.006973519737321718,-0.02379448525607586,0.0038374811840920704,0.004613364044182164,0.007723960467802235,-0.022037707269191742,0.0031135968451442586,0.004613364044182164,0.007589720175712857,-0.03147605434060097,0.0014319170213131548,0.004613364044182164,0.005278395180167747,-0.030238384380936623,0.005245744953366489,0.004613364044182164,0.002333455752973333,-0.019675375893712044,0.002166261896263445,0.004613364044182164,0.002940844217541477,-0.03017907775938511,-0.09672791510820389,-0.08517054468393326,-0.0481841005384922,-0.004998011980205774,0.029885325580835342,0.074197918176651,0.08946835249662399,-0.09675950556993484,-0.0885600596666336,-0.05364019796252251,-0.00596625404432416,0.04041212424635887,0.0752156525850296,0.09082630276679993,-0.0032084398518284103,-0.003246601665178372,-0.001197896426236517,4.122747817319625,0.0
2020-10-09,-0.0501684241533064,0.0,0.004540745482560368,0.004540745482560368,0.0008906690049638117,0.004843907485718812,-0.0007315453357487102,0.00470502101576055,0.000566960759838025,0.0048148841597139835,-0.01061937429952546,0.00470502101576055,0.004811841123518653,-0.00027884647715836763,-0.0007998036516646901,0.00470502101576055,0.00019945437603902712,-0.003816937329247594,0.0017029124623963313,0.00470502101576055,-0.003684564615981771,0.00462799658998847,0.0032416450731328093,0.00470502101576055,0.0004171446961449632,0.012487080879509449,0.0021309209882228695,0.00470502101576055,0.004638091554015471,0.005950861144810915,0.00515090311043313,0.00470502101576055,0.006630833727560317,0.001601295080035925,0.0038814106168933273,0.00470502101576055,0.007193165223229559,0.006073869299143553,-0.07546159625053406,-0.047912705689668655,-0.03279551491141319,0.005593508016318083,0.03510298952460289,0.07473719120025635,0.11178155243396759,-0.07242156565189362,-0.056942448019981384,-0.03834869712591171,0.003295734990388155,0.02973521128296852,0.08399108052253723,0.11453191190958023,0.00357735022163439,0.003585993577820975,0.002338830149890962,4.445282478170296,0.0
2020-10-16,-0.0325357900513973,0.0,0.004357771671069175,0.004357771671069175,0.0057449771608197794,0.0048327955813058186,0.001975478751619432,0.004514488220034624,0.007738663711229663,-0.02583552524447441,-0.0005416763027367537,0.004514488220034624,0.0026892391612383408,-0.01685711182653904,0.0017071383984443118,0.004514488220034624,0.006871466902678099,-0.029961086809635162,0.0010532961902219645,0.004514488220034624,0.0071396301064858446,-0.022266823798418045,2.379409112978053e-05,0.004514488220034624,0.0070218059955302736,-0.025133486837148666,0.0013041532916980296,0.004514488220034624,0.006287085754217571,-0.023600755259394646,0.005792070901087073,0.004514488220034624,0.004927790057596385,-0.01824927143752575,-0.0004502501559833349,0.004514488220034624,0.004346240296685789,-0.030664464458823204,-0.10470864921808243,-0.09711039066314697,-0.03469972684979439,-0.0008981566643342376,0.02996343933045864,0.07223456352949142,0.08888255059719086,-0.10208095610141754,-0.10116463154554367,-0.040884651243686676,-0.0021780729293823242,0.037652309983968735,0.08099480718374252,0.09105890989303589,-0.0031985307271227476,-0.0029015375858751132,-0.0029017236403976734,4.364230695454847,0.0
2020-10-23,0.0225778372179625,0.0,0.004234793131994287,0.004234793131994287,0.0019118879129903046,0.0047938606049517645,0.0015183679873395721,0.004386286565116174,0.0019444542605355523,-0.005960451904684305,-0.0024940662475278833,0.004386286565116174,0.003472772527619042,0.003651818260550499,0.0010928722524084673,0.004386286565116174,0.0009628535436711828,-0.007917806506156921,0.0015216701790269722,0.004386286565116174,0.002402465512628738,-0.0011052890913560987,0.001502461869121206,0.004386286565116174,0.0021831411775042183,-0.002589192008599639,0.0008967705958581379,0.004386286565116174,0.004885349368908132,-0.005564067047089338,0.006500984337229144,0.004386286565116174,0.0050084107433459035,-0.00042215516441501677,0.0008288561903972906,0.004386286565116174,0.004171278676494191,-0.011893370188772678,-0.10284603387117386,-0.08944860100746155,-0.03444153442978859,0.003911496605724096,0.03010314516723156,0.07192714512348175,0.08914189785718918,-0.09891389310359955,-0.09312885999679565,-0.037013810127973557,-0.001110116601921618,0.03361150249838829,0.07422194629907608,0.0899646133184433,0.0011992897429542058,0.001247425851541403,0.00047216422707674864,4.311684123796992,0.0
2020-10-30,-0.0713876866205174,0.0,0.004295733477794846,0.004295733477794846,0.002522105114732628,0.004776901072364325,0.004771029580611727,0.004449016050125989,0.007812992894681712,-0.007631054148077965,0.00017688425217958492,0.004449016050125989,0.002901286983789721,-0.029579654335975647,0.004449648626067186,0.004449016050125989,0.006947712759860119,-0.014273947104811668,0.004992932813084033,0.004449016050125989,0.006856479291976419,-0.012138022109866142,0.005050364963723113,0.004449016050125989,0.006403442729780392,-0.0035418469924479723,0.00480425066683919,0.004449016050125989,0.0052960241578000125,-0.00963350385427475,0.002605984426842521,0.004449016050125989,0.005543970179368821,-0.015231414698064327,0.005192948806276986,0.004449016050125989,0.004578226825045163,-0.010937001556158066,-0.08202008903026581,-0.07364355772733688,-0.034751974046230316,0.004537445027381182,0.03386824578046799,0.07351768761873245,0.115249402821064,-0.08092407137155533,-0.07921484112739563,-0.03729108348488808,0.0007387156365439296,0.025865891948342323,0.07198933511972427,0.11263547092676163,0.000985847759658207,0.0010572826512115978,0.0023504960943353656,4.324171610881559,0.0
2020-11-06,0.0663712763325024,0.0,0.004045126126475932,0.004045126126475932,0.005122634525229794,0.004871569554789074,0.002914929502499944,0.004188408824453676,0.0017428383008244027,0.000417353498050943,-0.003910770860283403,0.004188408824453676,0.002651334513209066,-0.031765736639499664,0.0028306282554653233,0.004188408824453676,0.0007479671293255229,-0.006822273135185242,0.0032759914755872187,0.004188408824453676,0.0018773723267827246,-0.007721311412751675,0.00347441630526291,0.004188408824453676,0.0018939988420869653,0.0010551147861406207,0.0035401643536810516,0.004188408824453676,0.004827521312962762,-0.00669170543551445,0.004653971439839058,0.004188408824453676,0.0048591176550529655,-0.01669487915933132,0.003128292907423134,0.004188408824453676,0.004253974514454817,-0.013145599514245987,-0.09285707026720047,-0.0771261528134346,-0.046702057123184204,0.005920494440943003,0.03094526380300522,0.07036875188350677,0.08832778036594391,-0.10234874486923218,-0.08219167590141296,-0.0449778251349926,-6.092984403949231e-05,0.022628145292401314,0.07393939048051834,0.08932646363973618,0.0006030506497399354,0.0005348861006841058,0.002315882531457241,4.427396718639454,0.0
2020-11-13,0.0316036200929845,0.0,0.004250822991842355,0.004250822991842355,0.000680450168274773,0.0049520853068529495,-0.004198801243225819,0.004401363850166171,0.003320890323654852,-0.017148613929748535,-0.0014356733027771343,0.004401363850166171,0.0049423822092136286,0.004588562063872814,-0.00443644176689239,0.004401363850166171,0.002695574567647524,-0.02067178674042225,-0.005016672403223979,0.004401363850166171,0.00025950756180159566,-0.022806478664278984,-0.0056138559697159205,0.004401363850166171,0.0024725247945053255,-0.011173482052981853,-0.0054744499187628715,0.004401363850166171,0.004435810505646889,-0.011451628990471363,-0.00879006177129752,0.004401363850166171,0.001785014700342086,-0.019894616678357124,-0.006617961178524582,0.004401363850166171,0.004094058718696684,-0.01441100798547268,-0.07992348819971085,-0.06528396904468536,-0.02130473218858242,0.008355713449418545,0.03599002957344055,0.07251103967428207,0.10885316878557205,-0.08021768927574158,-0.0714622214436531,-0.02597835473716259,0.00517880916595459,0.0313265323638916,0.07113568484783173,0.11058124899864197,-0.003925323757115184,-0.0038415647675634533,-0.0034062902497883326,4.354451552091913,0.0
2020-11-20,0.0174628253325215,0.0,0.004340799298096112,0.004340799298096112,0.006740788066691586,0.004938821059939799,-0.0034423540008813756,0.0044942043151587245,0.002765867965566351,0.005066241137683392,-0.007226481316061441,0.0044942043151587245,0.003464761567443804,0.0049680122174322605,-0.0039535494719227906,0.0044942043151587245,0.0010442269002065357,0.004112313501536846,-0.0038856686219128087,0.0044942043151587245,0.0020967698547307992,0.004981309175491333,-0.004137925635296685,0.0044942043151587245,0.004953157828908672,-0.0010476642055436969,-0.005095151410332475,0.0044942043151587245,0.00438914714416864,0.0013695971574634314,-0.005565499444872515,0.0044942043151587245,0.0041688646981471395,-0.0005154313985258341,-0.00504678012457417,0.0044942043151587245,0.003914062557991961,0.0038973696064203978,-0.07930169999599457,-0.06617099791765213,-0.03409428894519806,0.005527057684957981,0.032387007027864456,0.07003147900104523,0.08741600811481476,-0.08005746454000473,-0.0726059302687645,-0.03769195079803467,0.0031944173388183117,0.031218146905303,0.07335419952869415,0.08865301311016083,0.001360182250126547,0.0014440131539473246,0.002220989854381773,4.208977992337396,0.0
2020-11-27,0.0516799599542761,0.0,0.004383822334274557,0.004383822334274557,0.005465305008062145,0.004928441550654279,-0.004424560574584816,0.004538315271000094,0.007024467167379315,-0.010423518717288971,-0.008812964049409719,0.004538315271000094,0.002117897999969514,-0.01479613408446312,-0.004955863376812725,0.004538315271000094,0.005750554597770937,-0.007727015297859907,-0.004017950083699336,0.004538315271000094,0.005721242384198033,-0.009129591286182404,-0.003818423255790967,0.004538315271000094,0.006045259194410576,-0.0036168834194540977,-0.004683654598866661,0.004538315271000094,0.005757716130771056,-0.0051849037408828735,-0.005788816557729535,0.004538315271000094,0.003809559851796562,-0.009282760322093964,-0.004107353484574424,0.004538315271000094,0.004900423218136501,-0.005752898752689362,-0.0746888741850853,-0.05270802974700928,-0.030980966985225677,0.004739027004688978,0.027944806963205338,0.06954657286405563,0.08781243115663528,-0.0747893750667572,-0.05543971434235573,-0.03746751323342323,0.002496531931683421,0.027706678956747055,0.06744519621133804,0.08882717788219452,-0.00036881113223133453,-0.00019477375619754368,-0.0008213242133735944,4.206264738177532,0.0
2020-12-04,0.0669621295685227,0.0,0.0045383848755163915,0.0045383848755163915,0.004922926431640203,0.004966500631790662,-0.005512768790748467,0.0046981174563671315,0.00345797355135724,0.010689549148082733,-0.008396926438058148,0.0046981174563671315,0.003620230745672254,2.558543928898871e-05,-0.006279842365763466,0.0046981174563671315,0.002168387702087964,0.010028265416622162,-0.005890214078353625,0.0046981174563671315,0.0020462353538298087,0.022077608853578568,-0.006564302410760326,0.0046981174563671315,0.005243901728926515,0.002726527862250805,-0.0072817349699918635,0.0046981174563671315,0.004407628081278997,-0.005936283152550459,-0.009572313640128996,0.0046981174563671315,0.005169234678820167,0.011602518148720264,-0.007212259065567276,0.0046981174563671315,0.004490931082984417,0.005580471362918615,-0.07385237514972687,-0.05212387815117836,-0.0318479984998703,0.005607973784208298,0.029523855075240135,0.07085359841585159,0.12244891375303268,-0.07294468581676483,-0.0571313202381134,-0.04915044829249382,0.004493337590247393,0.03945941478013992,0.08083470165729523,0.11876212805509567,0.0022913943886293774,0.0023779257081582256,0.0033332178412646594,4.04570931998109,0.0
2020-12-11,0.0133226990859793,0.0,0.0047417195487835136,0.0047417195487835136,0.006525940871474123,0.005043041336695234,-0.011134060013315015,0.004908468848637928,0.007731107018234318,-0.005553899332880974,-0.010133820582467446,0.004908468848637928,0.0045491681553828335,0.021269798278808594,-0.011192467760735042,0.004908468848637928,0.007645695778160213,-0.011028283275663853,-0.00917054761889564,0.004908468848637928,0.006329210824976984,-0.002027104375883937,-0.008719281543533434,0.004908468848637928,0.005331808241019087,-0.003372078761458397,-0.008401818140260479,0.004908468848637928,0.005891218806737377,0.0023191783111542463,-0.0031237419705597473,0.004908468848637928,0.01144327310282547,0.006676631048321724,-0.0067647126659605445,0.004908468848637928,0.007685357659417165,0.003488965332508087,-0.07367002964019775,-0.047879163175821304,-0.0026737835723906755,0.012619697488844395,0.035288579761981964,0.07046831399202347,0.10376550257205963,-0.07344605773687363,-0.0523906834423542,-0.013036861084401608,0.014540030620992184,0.04668757691979408,0.0741293728351593,0.11027801036834717,0.0009359215034998688,0.0011772108473592777,-0.0010120958698309358,4.394903000643383,0.0
2020-12-18,0.0121913604934844,0.0,0.004769579871956227,0.004769579871956227,0.007518700551175865,0.005010268096471939,0.00022760253556503626,0.004936799590177798,0.0038063185826010546,0.011494649574160576,0.006695791282246826,0.004936799590177798,0.004434447839723131,0.025641752406954765,-0.00015522690923429425,0.004936799590177798,0.003112805148399172,0.011470128782093525,-0.0009284382833043541,0.004936799590177798,0.003059190530097969,0.024678030982613564,-0.0029681080410515863,0.004936799590177798,0.004954999760149692,-0.0014581124996766448,-0.0017634183100356535,0.004936799590177798,0.004251665199695772,0.00028610540903173387,0.0010907794927433523,0.004936799590177798,0.008492406983112624,0.012889465317130089,-0.002924725664188552,0.004936799590177798,0.004454552849671584,-0.005831241142004728,-0.07360142469406128,-0.05980263277888298,-0.03425461798906326,0.00793566182255745,0.03738220036029816,0.06991618126630783,0.10325584560632706,-0.07245804369449615,-0.06162366643548012,-0.0377502404153347,0.007978430949151516,0.05039168521761894,0.07681313902139664,0.11335377395153046,0.0038471523810962517,0.004035400021649467,0.005116342570626116,4.157496126659832,0.0
2020-12-25,0.0329338216712487,0.0,0.004793598579469263,0.004793598579469263,0.005146907317465783,0.004845962301861391,-0.010371196278526836,0.0049611437542828535,-0.0042387934762614455,-0.039216116070747375,-0.0024945675724039953,0.0049611437542828535,0.0055482436215107105,-0.008747692219913006,-0.010814586615720703,0.0049611437542828535,-0.00507204806632303,-0.03705022111535072,-0.0092742422322042,0.0049611437542828535,-0.004164277573897459,-0.026564596220850945,-0.009583634262616275,0.0049611437542828535,-0.001328134534951196,-0.030664751306176186,-0.011021724117337877,0.0049611437542828535,0.002430476712338754,-0.04295365884900093,-0.003911512377302898,0.0049611437542828535,0.00943364741864074,-0.012318305671215057,-0.009266255184392353,0.0049611437542828535,0.005593173375246773,-0.028983188793063164,-0.08289962261915207,-0.07158620655536652,-0.031448155641555786,0.007327802013605833,0.012842804193496704,0.041650671511888504,0.06996823847293854,-0.07647721469402313,-0.06351438909769058,-0.03494129329919815,0.0017305396031588316,0.007494623772799969,0.048589322715997696,0.0692477598786354,-0.008156124037019985,-0.007607476214468621,-0.012216240517813202,4.103937034368507,0.0
2021-01-01,0.0162207075960383,0.0,0.004884373492668552,0.004884373492668552,0.0051192450033575145,0.004863109517516955,-0.019716952466301185,0.005054697861028559,4.381865745756684e-06,-0.0352669432759285,-0.012293905213862928,0.005054697861028559,0.004764604773617769,-0.0168489757925272,-0.020009424279675954,0.005054697861028559,-0.000824060801082863,-0.028011353686451912,-0.0184991396588342,0.005054697861028559,-0.00024274920996641101,-0.0015194149455055594,-0.0198943466146785,0.005054697861028559,0.0012696351660748109,-0.030229365453124046,-0.02060234115472328,0.005054697861028559,0.003476853272459337,-0.03577016294002533,-0.01559974690905724,0.005054697861028559,0.009196005293225057,0.005277858581393957,-0.018960610796592347,0.005054697861028559,0.005729261895231595,-0.027744729071855545,-0.08111494779586792,-0.06858988106250763,-0.04287213459610939,-0.0018263089004904032,0.026008430868387222,0.04068540781736374,0.06956352293491364,-0.075251504778862,-0.058061081916093826,-0.04245805740356445,0.0017693318659439683,0.041400544345378876,0.04888058453798294,0.06936965137720108,-0.007609568506125712,-0.006338782615092322,-0.012481204003863842,4.047211842454286,0.0
2021-01-08,0.0646523580094569,0.0,0.0049208247277276185,0.0049208247277276185,0.006146632827893,0.004770328265664015,-0.029618729117198407,0.005091917893478591,-0.0038110486985008588,-0.020729918032884598,-0.026937410559514825,0.005091917893478591,0.005391835299822536,-0.014661341905593872,-0.029651763245644537,0.005091917893478591,-0.004392866499830011,-0.015057682059705257,-0.02842404889104138,0.005091917893478591,-0.005905508687506559,0.0012097591534256935,-0.03048171255166409,0.005091917893478591,-0.0027440124895281304,-0.01015405636280775,-0.030994254445354148,0.005091917893478591,0.0033110623675269794,-0.01294983271509409,-0.0241124542246425,0.005091917893478591,0.007626672943016744,0.013716811314225197,-0.03288972770922891,0.005091917893478591,0.00545266196120438,-0.012797464616596699,-0.0806877538561821,-0.0633440837264061,-0.0009891915833577514,0.013116131536662579,0.0199176836758852,0.04154690355062485,0.06774236261844635,-0.07420781999826431,-0.04981621727347374,-0.01238485611975193,0.01605154573917389,0.022583946585655212,0.047730132937431335,0.06781579554080963,-0.007445287891598898,-0.006148381622560832,-0.012266944488776318,4.034890006070812,0.0
2021-01-15,-0.0948549618608769,0.0,0.005112271949784443,0.005112271949784443,0.00542717445587825,0.004811224308309798,-0.014269013851716961,0.005289793109810745,0.0024048173561478756,-0.010697845369577408,-0.011457235494930839,0.005289793109810745,0.002596453067450799,-0.008429146371781826,-0.014034835751504101,0.005289793109810745,0.0017339672435897424,-0.015358924865722656,-0.011130509968646392,0.005289793109810745,0.0022977418716466813,0.01212241966277361,-0.012828982515505523,0.005289793109810745,0.003551319777660014,-0.01209415402263403,-0.012414009806751457,0.005289793109810745,0.004447925856649296,-0.016194824129343033,-0.007377444155014646,0.005289793109810745,0.009577262857542825,0.008044199086725712,-0.01233182649938612,0.005289793109810745,0.007175401570916925,-0.020357703790068626,-0.07978592813014984,-0.06442758440971375,-0.040875066071748734,0.006115450523793697,0.033504076302051544,0.056597426533699036,0.07055986672639847,-0.07424187660217285,-0.050562627613544464,-0.03537692874670029,0.007888954132795334,0.043165452778339386,0.06171733886003494,0.07001253962516785,-0.002226425788258638,-0.000751540680005404,-0.004318062188833937,4.30444812811589,0.0
2021-01-22,0.0750238765615938,0.0,0.004792887816204055,0.004792887816204055,0.007848487915475579,0.004967937334787554,-0.013382961588113123,0.004958187960901183,0.0015146703514172495,-0.022106867283582687,-0.008420752736417226,0.004958187960901183,0.00031810610745776347,-0.03055638261139393,-0.013346962044681668,0.004958187960901183,0.0006306444284907373,-0.02772841602563858,-0.012910851435043474,0.004958187960901183,0.0009437612987154642,-0.011988235637545586,-0.014298798102498123,0.004958187960901183,0.003025533903229005,-0.0385747104883194,-0.012363167388180562,0.004958187960901183,0.00419227617381249,-0.02552087791264057,-0.012439840748448954,0.004958187960901183,0.006234705501754257,-0.024286851286888123,-0.01633746126982198,0.004958187960901183,0.004540911419005976,-0.039306823164224625,-0.09287723898887634,-0.07900281995534897,-0.045344602316617966,3.822441794909537e-05,0.03578255698084831,0.056332964450120926,0.06905574351549149,-0.09040199220180511,-0.07846846431493759,-0.03953217715024948,0.006389170419424772,0.04432067275047302,0.0691341683268547,0.0692778006196022,-0.008324418125563192,-0.007508805213332912,-0.007254242639844344,4.444338787420253,0.0
2021-01-29,-0.0375617126973693,0.0,0.005016553385456889,0.005016553385456889,0.0007104270901297461,0.005016820882699289,-0.012111849549243742,0.005189427857273106,0.0023156037161940557,-0.011931649409234524,-0.0051967505334338865,0.005189427857273106,0.0012735183188343664,-0.015397789888083935,-0.011974666637936338,0.005189427857273106,0.001445747120286959,-0.01609208434820175,-0.012195550035363708,0.005189427857273106,0.002121383439699389,-0.028570396825671196,-0.013406970606676793,0.005189427857273106,0.003834089361659807,-0.007607128471136093,-0.012890703781916504,0.005189427857273106,0.004098976428946863,-0.00041378429159522057,-0.008438249451232248,0.005189427857273106,0.0064898963646383276,-0.003475089091807604,-0.01425428148386826,0.005189427857273106,0.00446665663821464,-0.011276524513959885,-0.09322567284107208,-0.0805354192852974,-0.04302504286170006,0.005794929340481758,0.035210225731134415,0.06701590120792389,0.07835890352725983,-0.09137671440839767,-0.07864820957183838,-0.03324275463819504,0.0076174866408109665,0.034477461129426956,0.06847147643566132,0.07546922564506531,-0.003625088043428374,-0.0027363446277312267,-0.004134616846252776,4.332846134113538,0.0
2021-02-05,0.146891119814454,0.0,0.00488138428678125,0.00488138428678125,0.007434430004108527,0.005037461707045522,-0.00897887164559437,0.005048799105448625,0.0027863908478992336,-0.013246477581560612,-0.005157645940377357,0.005048799105448625,-0.0005425281576376569,-0.0022799877915531397,-0.008867001378730838,0.005048799105448625,0.0017751017175636056,-0.020934078842401505,-0.008251373402286249,0.005048799105448625,0.002794562839748236,-0.016477802768349648,-0.008492820138942083,0.005048799105448625,0.003743104065690001,-0.005864397622644901,-0.008886874603227075,0.005048799105448625,0.004759660352070868,-0.006582364905625582,-0.0041483296510939705,0.005048799105448625,0.005883901034226113,0.0006909326766617596,-0.009588377691280042,0.005048799105448625,0.0042750935652468075,-0.009702306240797043,-0.09216829389333725,-0.07411542534828186,-0.03361009061336517,-0.002172466367483139,0.03524833917617798,0.07034522294998169,0.07499075680971146,-0.09057966619729996,-0.06897462904453278,-0.02823120541870594,0.000895279401447624,0.02921043336391449,0.07187583297491074,0.07723318040370941,-0.002232524015061658,-0.0016047818378469624,-0.003597539818451781,4.319455628612782,0.0
2021-02-12,0.047016663273609,0.0,0.005330782184020721,0.005330782184020721,0.003518419493217154,0.005392088862331959,-0.006671078948593894,0.005513855894658479,0.005762038875460843,0.021011654287576675,3.3713511218824536e-05,0.005513855894658479,0.0031591257618425275,0.001992505043745041,-0.006687447650056138,0.005513855894658479,0.005406637884009861,0.016639644280076027,-0.006374782841207984,0.005513855894658479,0.005289736196319911,0.010482470504939556,-0.006448634998384704,0.005513855894658479,0.005238100006596103,0.01786414347589016,-0.00574191151749233,0.005513855894658479,0.006081918207867852,0.019532199949026108,-0.003540802003244337,0.005513855894658479,0.007584846997129852,0.006147292908281088,-0.002060924867196657,0.005513855894658479,0.008397113040568147,0.013228842988610268,-0.07637755572795868,-0.06877769529819489,0.0023267664946615696,0.02834370732307434,0.03733514994382858,0.06825847178697586,0.10396313667297363,-0.07652810215950012,-0.06777475774288177,0.001128055271692574,0.027926059439778328,0.03589019924402237,0.06431210786104202,0.10471805185079575,0.005171732413736818,0.005139275199249911,0.006404117527275526,4.4388577170063,0.0
2021-02-19,-0.0661949733963966,0.0,0.005462283386196078,0.005462283386196078,0.009126071550002605,0.005401752846679504,0.003192542639023319,0.0056494859841321726,0.006200245022989967,-0.002503109397366643,0.009505631357692548,0.0056494859841321726,0.002738071420273325,-0.024677060544490814,0.003520267294759803,0.0056494859841321726,0.005382705083346785,-2.467888407409191e-06,0.0027556064446733735,0.0056494859841321726,0.0059953305829749575,-0.010129034519195557,0.0013893293005439386,0.0056494859841321726,0.0063391837604575224,-0.004484621807932854,0.0013690507156141427,0.0056494859841321726,0.0049166728752288846,-0.010195925831794739,2.7616381109578196e-05,0.0056494859841321726,0.00750362706372713,-0.018114615231752396,0.005123894367452273,0.0056494859841321726,0.006923807477909366,-0.0094479750841856,-0.07586042582988739,-0.06497413665056229,-0.034767307341098785,0.0064596678130328655,0.03782965987920761,0.07219438999891281,0.09996630996465683,-0.07529457658529282,-0.07127495855093002,-0.04031883180141449,0.008525174111127853,0.03799024596810341,0.07387281209230423,0.10186789184808731,0.0013653902870550932,0.0017379717795384354,0.003134791062194704,4.179471813591941,0.0
2021-02-26,-0.0026560440581162,0.0,0.005236946100716227,0.005236946100716227,0.006756315621692865,0.0054714979526870565,0.0008959910763065388,0.005415464943804718,0.006477810776767377,-0.013299176469445229,0.0026818507807908946,0.005415464943804718,0.0009509317849136197,-0.024479487910866737,0.0011554345553774076,0.005415464943804718,0.005114622057098173,-0.013479066081345081,0.0025475374417096557,0.005415464943804718,0.006124490378888975,-0.016995543614029884,0.002314341245298603,0.005415464943804718,0.0067230736480320095,-0.00594216538593173,0.0008758613768630958,0.005415464943804718,0.0059687503984666304,-0.01455750036984682,0.004928981796353854,0.005415464943804718,0.006575922882415342,-0.01214540284126997,0.005624429849738141,0.005415464943804718,0.007398669308826211,-0.010552586056292057,-0.10860377550125122,-0.07266043871641159,-0.03326692432165146,-0.0013109301216900349,0.03366756811738014,0.07422391325235367,0.09651593863964081,-0.09961704164743423,-0.07071200758218765,-0.03359810635447502,0.0036657091695815325,0.03364415839314461,0.07364439964294434,0.10027127712965012,0.0005905266772158694,0.0009139306834493217,-0.00012747741814164888,4.1365533902286336,0.0
2021-03-05,0.0457460217882039,0.0,0.005212203184857818,0.005212203184857818,0.0031761729195613057,0.005323914902690759,0.001340141054180003,0.005389258745746533,0.0061009279200367975,0.0009023617021739483,0.005030326728129117,0.005389258745746533,0.0011341054625583881,-0.010469336062669754,0.0015139267290805252,0.005389258745746533,0.004881852771010467,0.002663230523467064,0.003187147311566103,0.005389258745746533,0.0055790345935208254,0.011208772659301758,0.0021310168184475614,0.005389258745746533,0.0062828651226823524,0.0005197175778448582,0.0027545636725201036,0.005389258745746533,0.005747366881514673,-0.005846119485795498,0.006268073511355181,0.005389258745746533,0.008041471913320431,0.018368175253272057,0.005855473889403661,0.005389258745746533,0.007457840704518664,-0.0006692790193483233,-0.07754644751548767,-0.07201283425092697,-0.03161294385790825,-0.0014857178321108222,0.032732415944337845,0.07233736664056778,0.0953381285071373,-0.07813636213541031,-0.06849317997694016,-0.03187277540564537,0.0007623195997439325,0.041727662086486816,0.0808095633983612,0.10336737334728241,0.004928361829256735,0.005062495806145194,0.0034331723555343207,4.217641728379886,0.0
2021-03-12,0.092858914788557,0.0,0.005338871367993274,0.005338871367993274,0.004978010200250878,0.0053440856912667905,0.004612848116644961,0.005519863156887172,0.007930472418256267,0.02351963333785534,0.012742786629349061,0.005519863156887172,0.0028215625723327204,0.010728941299021244,0.004356308588318767,0.005519863156887172,0.0073472243242738815,0.023920364677906036,0.0062794911555449934,0.005519863156887172,0.007788676190591773,0.02528446353971958,0.006037884408406721,0.005519863156887172,0.005975175165435826,0.023469330742955208,0.0038140865077573045,0.005519863156887172,0.009260676178801672,0.02540874108672142,0.007337477304284664,0.005519863156887172,0.013021880750767857,0.03979247435927391,0.004621178936952056,0.005519863156887172,0.011082158286176584,0.027358610183000565,-0.07697390764951706,-0.06221124529838562,0.0007479202467948198,0.013147054240107536,0.03868468478322029,0.06860395520925522,0.09839880466461182,-0.07634854316711426,-0.06053468957543373,0.0053086248226463795,0.013494796119630337,0.04634178429841995,0.07796403020620346,0.1113046333193779,0.011886474222008827,0.01169951241710952,0.010395704257410935,4.624109432205637,0.0
2021-03-19,-0.0205855222406334,0.0,0.005611519478337709,0.005611519478337709,0.00649974746869293,0.005367395648675925,0.009297660605953708,0.005801602033118365,0.006988109209740729,0.015346871688961983,0.017672991428818598,0.005801602033118365,0.0033119922256929133,0.010907143354415894,0.009640067826582128,0.005801602033118365,0.006152905687214673,0.01419543195515871,0.006584449688429148,0.005801602033118365,0.007216116597741441,0.020524688065052032,0.0023458663715848578,0.005801602033118365,0.0069634061302452765,0.009226342663168907,-0.0005185133126762269,0.005801602033118365,0.00394743147112514,0.006215306930243969,-0.001920705517020593,0.005801602033118365,0.0016981690628718217,0.014752928167581558,0.004134934749041197,0.005801602033118365,0.0021665933777708984,0.014195808209478855,-0.07760196924209595,-0.07255339622497559,-0.034389663487672806,0.006285643205046654,0.0429249107837677,0.0915585458278656,0.12777142226696014,-0.07798504084348679,-0.07290023565292358,-0.03938744589686394,0.0027334976475685835,0.04973890259861946,0.08786236494779587,0.11339686065912247,0.006763785013429333,0.006812731806518896,0.009358560884443697,3.8653525698981257,0.0
2021-03-26,-0.0052132819494969,0.0,0.005530162205918545,0.005530162205918545,0.008372207293216454,0.0036659466257887253,0.004947085066801087,0.00571675597436032,0.007091703158323456,0.009967939928174019,0.013634915386088194,0.00571675597436032,0.002503175213035323,0.006194279994815588,0.0049412124431350846,0.00571675597436032,0.0062290856039182,0.010201385244727135,0.010227145658375833,0.00571675597436032,0.006903457475911674,0.012778710573911667,0.013336975347987926,0.00571675597436032,0.007014644400080395,0.012614890933036804,0.007598919832054812,0.00571675597436032,0.013404405304239028,0.011206187307834625,0.017880101574649285,0.00571675597436032,0.01641887216146798,0.015024334192276001,0.015070639719403381,0.00571675597436032,0.01701646793935343,0.014730837196111679,-0.07654260098934174,-0.0689614787697792,-0.031235726550221443,-0.0011129312915727496,0.044140808284282684,0.08962588012218475,0.11276935040950775,-0.0778321698307991,-0.07137759029865265,-0.028808271512389183,0.00292806513607502,0.03850996121764183,0.08514274656772614,0.1098436638712883,0.010287450364776535,0.010278796343187967,0.006930871031914721,4.464187049355989,0.0
2021-04-02,0.0169615373743754,0.0,0.005496900768904875,0.005496900768904875,0.004750841356300225,0.0036758298314574387,0.005944887205610455,0.005681723801527446,0.006903470140218911,0.012914699502289295,0.023367112957698822,0.005681723801527446,0.002232759124758819,0.021479861810803413,0.0059647393129960815,0.005681723801527446,0.005951280547246472,0.01056008692830801,0.005260290763395122,0.005681723801527446,0.0067994446082514344,0.016653750091791153,0.0014118356849959933,0.005681723801527446,0.006716848764559247,0.0006392516079358757,0.0034306475265820785,0.005681723801527446,0.005673540267955719,-0.0038079649675637484,0.006101470963260508,0.005681723801527446,0.006182160202962177,0.005503808613866568,0.003604789462274182,0.005681723801527446,0.005233755399955231,-0.002209377009421587,-0.07637887448072433,-0.06796225905418396,-0.029965994879603386,0.005287559702992439,0.04342314973473549,0.089178167283535,0.10247990489006042,-0.07764911651611328,-0.07268970459699631,-0.040533095598220825,0.006452689412981272,0.055069778114557266,0.08878780156373978,0.09947625547647476,0.0051566958991047995,0.005199152644496569,0.007861195162411527,4.237021372317424,0.0
2021-04-09,0.0280994996108079,0.0,0.005532285449785957,0.005532285449785957,0.00517200168933438,0.003570923661169995,0.009260589244116157,0.005717761544571687,0.005095539707779039,0.02555350586771965,0.029243790586597027,0.005717761544571687,0.002678663068361649,0.02756469137966633,0.009276586129651444,0.005717761544571687,0.004161432206626258,0.022674722597002983,0.01093538985893021,0.005717761544571687,0.0048599949037949055,0.021582990884780884,0.011106187083733541,0.005717761544571687,0.006531540007722312,0.032567817717790604,0.010684756060932069,0.005717761544571687,0.006104325675210902,0.025910699740052223,0.009349802152930074,0.005717761544571687,0.00828212518548979,0.020188167691230774,0.01717475393361257,0.005717761544571687,0.009784008689224615,0.019294146448373795,-0.07597198337316513,-0.06565649062395096,-0.007491027005016804,0.013400310650467873,0.043433625251054764,0.0902240201830864,0.10146153718233109,-0.07658550143241882,-0.06929515302181244,-0.00727751012891531,0.014894512481987476,0.04368380084633827,0.07928357273340225,0.09429814666509628,0.011865667343105004,0.011691483344440567,0.011406849091046634,4.355538756059693,0.0
2021-04-16,0.0173369196532768,0.0,0.005601723031819871,0.005601723031819871,0.0058673171134236484,0.0031982668512111076,0.006965336970451968,0.005789040965164797,0.006222529775671958,0.015332533977925777,0.0222995837548413,0.005789040965164797,0.0036383658856201867,0.008284400217235088,0.007025100411692747,0.005789040965164797,0.0058799561218198584,0.016475431621074677,0.007717599834947404,0.005789040965164797,0.006317524354384412,0.014110286720097065,0.005554491523716034,0.005789040965164797,0.006187926274225691,0.016774507239460945,0.005542931419851416,0.005789040965164797,0.005564940387675997,0.012562623247504234,0.011434584561383352,0.005789040965164797,0.0065490615146712745,0.014307573437690735,0.011962771797923433,0.005789040965164797,0.007234286813926986,0.01150396466255188,-0.07579830288887024,-0.06941431760787964,-0.03184331953525543,0.008097448386251926,0.038994185626506805,0.0727299153804779,0.08444918692111969,-0.07557006925344467,-0.07232740521430969,-0.028055164963006973,0.00899544171988964,0.03857029601931572,0.06954927742481232,0.08933050185441971,0.008643325322316122,0.008600535112202322,0.008577360422303625,4.221451994628231,0.0
2021-04-23,0.0559920593097,0.0,0.00563772056746851,0.00563772056746851,0.006270675883917139,0.0031944689308768446,0.008196617184416414,0.005825700897508009,0.007243143119046943,0.013230530545115471,0.018390180370202923,0.005825700897508009,0.003687348553097127,0.01099019218236208,0.008174747366886854,0.005825700897508009,0.007231957490500894,0.013023371808230877,0.010829843458867226,0.005825700897508009,0.0073167782605267385,0.011602080427110195,0.011054617598857697,0.005825700897508009,0.0064567762234283305,0.018164506182074547,0.010587284701178668,0.005825700897508009,0.007843370651182579,0.011975404806435108,0.015494546898825116,0.005825700897508009,0.009385135916729022,0.011976764537394047,0.0186105099642913,0.005825700897508009,0.011081127105657559,0.00962663721293211,-0.07567662745714188,-0.0551193505525589,-0.029505470767617226,0.006613443605601788,0.03702692687511444,0.07311201840639114,0.08423083275556564,-0.07374054938554764,-0.05149354040622711,-0.02808946743607521,0.00788416713476181,0.03779136389493942,0.06924844533205032,0.08905143290758133,0.009807902749839873,0.00970683438339004,0.008623997936521709,4.54867233130337,0.0
2021-04-30,0.039926701505395,0.0,0.005791709370961574,0.005791709370961574,0.005985492453729737,0.00316468685381986,0.009607399386504904,0.005984455196280769,0.006774339016173247,0.021787822246551514,0.013641282327210229,0.005984455196280769,0.004832433620692326,0.012100267224013805,0.009544376371697746,0.005984455196280769,0.006813389407767003,0.02392776682972908,0.009846755910350091,0.005984455196280769,0.006717511694666541,0.020670294761657715,0.009487782635020814,0.005984455196280769,0.006017174104663885,0.024166030809283257,0.01211555042245775,0.005984455196280769,0.007013802520119065,0.031133754178881645,0.009514029000058807,0.005984455196280769,0.00782617742243696,0.01588524878025055,0.017531736933823837,0.005984455196280769,0.010191308820584815,0.022397944703698158,-0.07547255605459213,-0.054941873997449875,-0.03264151141047478,0.007179482840001583,0.0397292785346508,0.0750366821885109,0.10157269239425659,-0.07236076146364212,-0.052850160747766495,-0.027421606704592705,0.007939008064568043,0.03935481980443001,0.0755431205034256,0.10488686710596085,0.011946140270201348,0.011886533293425592,0.011038503961377608,4.761825530303532,0.0
2021-05-07,0.0323252406604788,0.0,0.005895779468932407,0.005895779468932407,0.007324205053179258,0.0029825882954945464,0.00846655536477433,0.006091528528486176,0.006718117811835217,0.019986743107438087,0.008833977801822154,0.006091528528486176,0.004726874727588195,0.01716461218893528,0.008449396661186982,0.006091528528486176,0.006725101707785679,0.020484115928411484,0.005006488487863798,0.006091528528486176,0.006900918584857741,0.012720458209514618,0.0033242282756866565,0.006091528528486176,0.006018747491866505,0.016007578000426292,0.0007202332911594037,0.006091528528486176,0.0042290119086976176,0.01587935909628868,-0.004593616052612634,0.006091528528486176,0.0004216849709153519,0.004293918143957853,0.008710022979565408,0.006091528528486176,0.0043895780784495375,0.0056250630877912045,-0.07597764581441879,-0.05484743416309357,-0.031225355342030525,0.0073380498215556145,0.03179076686501503,0.07106470316648483,0.10308616608381271,-0.0743219181895256,-0.059766169637441635,-0.03794696182012558,0.0030510418582707644,0.029635002836585045,0.06203019246459007,0.1004476249217987,0.006744227500947052,0.00676277903046857,0.010315736203133453,4.159755072390166,0.0
2021-05-14,0.1166260955244973,0.0,0.005976112177721302,0.005976112177721302,0.006977931633901443,0.002986699678938951,-0.0013007063432914348,0.006174024478586782,0.0037776452667886346,0.02438942901790142,0.0022466013774331993,0.006174024478586782,0.0044763310188609545,0.0077623710967600346,-0.0012687899029612173,0.006174024478586782,0.0033541978626185523,0.01726706326007843,0.0005014110820845937,0.006174024478586782,0.003543898058510157,0.016963167116045952,0.00211599838890992,0.006174024478586782,0.006310762454926649,0.01799980364739895,-0.00016921315439636774,0.006174024478586782,0.0053917409538625175,0.013377071358263493,0.005929158099131825,0.006174024478586782,0.009345449742064145,0.021489392966032028,0.008530940058138956,0.006174024478586782,0.010924416607742866,0.01644272170960903,-0.07562603056430817,-0.04826952517032623,0.006308186799287796,0.022257758304476738,0.03253087028861046,0.06906649470329285,0.10607213526964188,-0.0740511566400528,-0.05308692157268524,0.006472244393080473,0.023812374100089073,0.0342770479619503,0.061440326273441315,0.10545943677425385,0.008128889049149214,0.008359004999842864,0.00826009810499635,4.247634369322776,0.0
2021-05-21,-0.0875992898365694,0.0,0.006311415157560017,0.006311415157560017,0.006831058289006596,0.0031531188467775794,0.0029673013343602703,0.006520269215407819,0.005011784576632605,-0.004428875632584095,0.00654863391118727,0.006520269215407819,0.005894946182981242,-0.028437497094273567,0.0031629726949456245,0.006520269215407819,0.004909448806172668,-0.008039490319788456,0.0046094892663881525,0.006520269215407819,0.0054688226681717566,0.0022183507680892944,0.0024005886516966614,0.006520269215407819,0.0057998793833638,-0.006601004395633936,0.003267121491709939,0.006520269215407819,0.004644656861797039,-0.006746635772287846,0.004412588407921235,0.006520269215407819,0.010256757451050891,0.0025461227633059025,0.010563145358591902,0.006520269215407819,0.009375912674027136,-0.004145841579884291,-0.07562513649463654,-0.05657384544610977,-0.032717447727918625,-0.0007464010850526392,0.01671580970287323,0.07566379010677338,0.10907956212759018,-0.07478340715169907,-0.058855608105659485,-0.02228037640452385,0.002338170073926449,0.034150708466768265,0.0696861743927002,0.10736450552940369,0.0036343541863368494,0.003505728049325414,0.0025176198734541497,4.23030113408224,0.0
2021-05-28,-0.0163449461312428,0.0,0.006027697015583796,0.006027697015583796,0.010165091968941005,0.0032218890206408843,0.005419928700212676,0.006226145593370389,0.008497009657005908,-0.00693495012819767,0.0050548552553143205,0.006226145593370389,0.004336858652235305,0.0010337164858356118,0.005366275764092739,0.006226145593370389,0.008263368452327988,0.0014746804954484105,0.007992995155600102,0.006226145593370389,0.008395553978316149,-0.00045398485963232815,0.00884418081085241,0.006226145593370389,0.007901545848103566,-0.003782524960115552,0.0071846139628840185,0.006226145593370389,0.01396095495398398,-0.002431730041280389,0.009551439174030823,0.006226145593370389,0.013419762675113172,0.002548841992393136,0.013814009108870283,0.006226145593370389,0.017564737122482365,-0.0022694908548146486,-0.0771574005484581,-0.05588671192526817,-0.030421795323491096,-0.0011965840822085738,0.039201389998197556,0.07201031595468521,0.10441579669713974,-0.07413128763437271,-0.053941696882247925,-0.028285106644034386,0.00042944197775796056,0.03826765716075897,0.06099739670753479,0.10460279881954193,0.006445920930786606,0.006213221187248109,0.003302033455597826,4.712128896986925,0.0
2021-06-04,-0.0217549001010275,0.0,0.005960309536225884,0.005960309536225884,0.0035582171476483547,0.0032370376230518535,0.005838777439173588,0.006155830665879382,0.006811523546408445,0.011775664053857327,0.00414440876543792,0.006155830665879382,0.00450317748473357,0.02779790200293064,0.005687464325156333,0.006155830665879382,0.006263513813452579,0.014262266457080841,0.003840642630103681,0.006155830665879382,0.0065075430795966446,0.0029239023569971323,0.003480430601188773,0.006155830665879382,0.0069102419428109605,0.004842744674533606,0.008054109608875289,0.006155830665879382,0.007889524005279924,0.008779075928032398,0.009909880730149067,0.006155830665879382,0.006784033809887652,0.00912314373999834,0.010480462862416641,0.006155830665879382,0.010412549901040425,0.002972148824483156,-0.07665424793958664,-0.0552288219332695,-0.019255345687270164,0.0006270270678214729,0.03829314932227135,0.07331544905900955,0.10285386443138123,-0.07293063402175903,-0.0536927655339241,-0.0261529628187418,0.0019101029029116035,0.036770012229681015,0.05911204218864441,0.1105145663022995,0.006919110970264989,0.006944566480295423,0.007645448926329686,4.849134688526259,0.0
2021-06-11,0.0502326964876327,0.0,0.005877080678456354,0.005877080678456354,0.005335223266533722,0.0031835173592355505,0.002713509255928676,0.006069151377783398,0.00428662778963378,0.021272476762533188,0.0045161478573658214,0.006069151377783398,0.004365831251694506,0.021391557529568672,0.002959331753280659,0.006069151377783398,0.003158605417196969,0.020596899092197418,-0.0015477072017777375,0.006069151377783398,0.0037435533510769827,0.015546013601124287,-0.003087082419693356,0.006069151377783398,0.008124539039106645,0.008405645377933979,-0.006994888734187065,0.006069151377783398,0.005413450435369516,0.01236826553940773,-0.00040860560074335375,0.006069151377783398,0.00034236948257795104,0.006204784847795963,-0.00485633152243061,0.006069151377783398,0.0036925721826821445,0.0019249010365456343,-0.07556763291358948,-0.044024087488651276,0.004553426057100296,0.011573617346584797,0.035799603909254074,0.07331201434135437,0.10117415338754654,-0.07556483149528503,-0.04779048264026642,0.005960467737168074,0.011770364828407764,0.03550758585333824,0.057724934071302414,0.1034463495016098,0.004666717664340173,0.00494385181059166,0.008585441296469761,4.099000556917266,0.0
2021-06-18,-0.0153805367473371,0.0,0.006009881923394008,0.006009881923394008,0.005090324631439359,0.003117378709234422,0.011019235211558953,0.006205880619609556,0.008132471943529602,0.018529348075389862,0.021159283403447148,0.006205880619609556,0.007817062856079533,0.01122339814901352,0.011225577446967658,0.006205880619609556,0.0074865508849239785,0.023518254980444908,0.015042909078947755,0.006205880619609556,0.007891553104319137,0.027822520583868027,0.01729286850777417,0.006205880619609556,0.008516609857418667,0.025280559435486794,0.012561312757729183,0.006205880619609556,0.008425403327628346,0.023587670177221298,0.020638705001115004,0.006205880619609556,0.009618644231264028,0.025531280785799026,0.019103043946787156,0.006205880619609556,0.011364762313019392,0.02796895243227482,-0.08608460426330566,-0.07486041635274887,-0.0312766395509243,0.007548195775598288,0.04007614403963089,0.07271461188793182,0.08323056995868683,-0.08786380290985107,-0.07376603037118912,-0.026113448664546013,0.008804374374449253,0.04022568464279175,0.058512963354587555,0.08758919686079025,0.014171352607110279,0.014548055214355218,0.010971733962521994,4.294553305107224,0.0
2021-06-25,0.0597913353541645,0.0,0.005946029927361975,0.005946029927361975,0.007212873240432051,0.003028589113470697,0.010099287663098385,0.0061392558746498445,0.007493063206026876,0.01613318920135498,0.015303549493807807,0.0061392558746498445,0.0075525506209661464,0.007957023568451405,0.010140887462638828,0.0061392558746498445,0.006766328186437413,0.01739119365811348,0.010901714590878943,0.0061392558746498445,0.0072645906068214,0.027177762240171432,0.009548456386640185,0.0061392558746498445,0.007679548100446571,0.018547456711530685,0.01133315117749826,0.0061392558746498445,0.007617021059188273,0.017319941893219948,0.01429937688716097,0.0061392558746498445,0.009254308851550725,0.024034248664975166,0.011023351765931645,0.0061392558746498445,0.009238236334047117,0.013486100360751152,-0.07549747824668884,-0.055217195302248,-0.028823791071772575,0.007239329628646374,0.03955702856183052,0.07163144648075104,0.08226169645786285,-0.07481830567121506,-0.06379719823598862,-0.025517843663692474,0.007222635205835104,0.05440076068043709,0.05811813846230507,0.09140774607658386,0.011244133757745885,0.011442939428231866,0.009966198986282522,4.409971355981144,0.0
2021-07-02,0.0402738991379392,0.0,0.006106283812560792,0.006106283812560792,0.0053763186036580495,0.003066948870397954,0.009746130137811233,0.006304339196125276,0.007336629993578603,0.02457740157842636,0.010260663040878665,0.006304339196125276,0.008197074814570602,0.008471046574413776,0.009788225055421386,0.006304339196125276,0.006655246362379799,0.023720255121588707,0.009911807087475983,0.006304339196125276,0.007096280116211994,0.016787147149443626,0.009102597767878279,0.006304339196125276,0.00756896133085633,0.026941442862153053,0.010565042474031474,0.006304339196125276,0.006978067908687052,0.026408826932311058,0.012436764289666884,0.006304339196125276,0.008996329177281569,0.02181050181388855,0.01071111259936783,0.006304339196125276,0.009027196706996967,0.025457723066210747,-0.07286097854375839,-0.054851170629262924,-0.025818685069680214,0.0076703899540007114,0.039966192096471786,0.07394865900278091,0.1090984046459198,-0.07217291742563248,-0.057190898805856705,-0.02458984963595867,0.008099609985947609,0.04113636910915375,0.06037592887878418,0.11546796560287476,0.011991231791608456,0.012380397302308116,0.011991125226485367,4.40838159118597,0.0
2021-07-09,-0.0549813816776625,0.0,0.00620767139512868,0.00620767139512868,0.007475418152294487,0.002874138241567321,0.012596953862901616,0.006408540300241269,0.004259134826590698,0.04109145328402519,0.013851071565751567,0.006408540300241269,0.007942441211855129,0.036623746156692505,0.012947516911341713,0.006408540300241269,0.002106191722991318,0.04057054594159126,0.011615619641654681,0.006408540300241269,0.002356635235819765,0.034575797617435455,0.010159314505509784,0.006408540300241269,0.009530460078311244,0.03334982693195343,0.009269749896537336,0.006408540300241269,0.006128655659252001,0.029755117371678352,0.004523888491195001,0.006408540300241269,0.005916583733473311,0.0187415461987257,0.00884798180537508,0.006408540300241269,0.008085553037035757,0.029006600379943848,-0.07442914694547653,-0.03692063316702843,0.00821920856833458,0.03234018385410309,0.0404573418200016,0.07503152638673782,0.10771027207374573,-0.07279732823371887,-0.04654831811785698,0.01260405220091343,0.034654755145311356,0.03970818966627121,0.05972772836685181,0.10670185834169388,0.013164117790053028,0.013930012448756503,0.016089020568439694,4.0794972510795695,0.0
2021-07-16,-0.025754086674774,0.0,0.0060266386937298895,0.0060266386937298895,0.007122218774580371,0.002948483844417885,0.009210723475855413,0.006220803535782847,0.007866780015655632,0.01730356365442276,0.01480085017440477,0.006220803535782847,0.007277440466507961,0.00970506202429533,0.009555883433167602,0.006220803535782847,0.0064051916659902735,0.018244463950395584,0.011504649628214191,0.006220803535782847,0.007240959613407699,0.01636165753006935,0.009977250518298772,0.006220803535782847,0.00846993661585519,0.011695411056280136,0.006314296812375338,0.006220803535782847,0.006820567602671643,0.010266793891787529,0.006093785029188282,0.006220803535782847,0.0074240223334659326,0.008241045288741589,0.009161283757821579,0.006220803535782847,0.007276776081254411,0.011516458354890347,-0.0720219612121582,-0.054014358669519424,-0.028206897899508476,-0.002056702971458435,0.040381111204624176,0.0698782429099083,0.08260492235422134,-0.0709051862359047,-0.05753755569458008,-0.029997965320944786,-0.0012071244418621063,0.03912089765071869,0.07120416313409805,0.08420620113611221,0.008745635599107189,0.008698936291230752,0.010150467670429163,3.846265363488514,0.0
2021-07-23,-0.0386503052962088,0.0,0.005932890241315424,0.005932890241315424,0.004478848626950713,0.0029337626513940007,0.009457638001224714,0.006123319114409199,0.0074293612966027855,0.016763828694820404,0.009089265362155912,0.006123319114409199,0.007273677204139839,0.002135853050276637,0.00945398336928582,0.006123319114409199,0.006029883343811402,0.01999485306441784,0.0137659588877663,0.006123319114409199,0.006697368883839156,0.030351312831044197,0.012576584138449087,0.006123319114409199,0.007698453236713485,0.019494453445076942,0.011685135119882804,0.006123319114409199,0.007639171111235996,0.018349019810557365,0.01238384339626494,0.006123319114409199,0.011371293631512252,0.02069607377052307,0.013328722402330708,0.006123319114409199,0.00965648809803148,0.019120782613754272,-0.07170237600803375,-0.05410844087600708,-0.02701393887400627,0.00778298731893301,0.03955090790987015,0.06956754624843597,0.08036108314990997,-0.07161398231983185,-0.05387754365801811,-0.024191955104470253,0.007047044578939676,0.05404723063111305,0.07540149241685867,0.08349939435720444,0.011959720660039678,0.011888137894630727,0.009943536776764276,4.132697324171823,0.0
2021-07-30,0.0463160434985532,0.0,0.005801763195616823,0.005801763195616823,0.005080452649921064,0.002901353317083785,0.010515395443318983,0.005987229070607928,0.007980729222091474,0.004484136588871479,0.007756929325825513,0.005987229070607928,0.0057530008553443,-0.00760904885828495,0.010385790262062818,0.005987229070607928,0.0061845953774798835,0.003463788190856576,0.011519010201852828,0.005987229070607928,0.00679315964098041,0.01452300138771534,0.009033246612265346,0.005987229070607928,0.00823298449575357,0.0027335728518664837,0.010856220259051311,0.005987229070607928,0.007242237324067658,0.013648384250700474,0.009398883693079712,0.005987229070607928,0.0077562024338990055,0.011154444888234138,0.008515277305110123,0.005987229070607928,0.007020931391410639,0.006724342703819275,-0.09333117306232452,-0.09127108007669449,-0.030918242409825325,-0.0031522384379059076,0.039304863661527634,0.0688776820898056,0.09582959860563278,-0.09219436347484589,-0.09095139801502228,-0.026774000376462936,-0.0008829457219690084,0.0556248277425766,0.07370872050523758,0.09802047163248062,0.00796289365391055,0.007915229001928786,0.007241872581222466,4.127443204779134,0.0
2021-08-06,0.0601753190500482,0.0,0.005920573401783792,0.005920573401783792,0.004558570398583307,0.00291920712829453,0.011645895718549473,0.006109437599177458,0.008103589495734,0.009275347925722599,0.007947465439237392,0.006109437599177458,0.0065635299194512844,0.005810078699141741,0.0115954399222555,0.006109437599177458,0.0065136269665043225,0.010864422656595707,0.013086158748745911,0.006109437599177458,0.007252308203010923,0.02460888959467411,0.011138912032527443,0.006109437599177458,0.00840443697150212,0.009735871106386185,0.010786513819225022,0.006109437599177458,0.007040171528299439,0.016241861507296562,0.006910618841623546,0.006109437599177458,0.007213138786467857,0.01775245927274227,0.010920267757011933,0.006109437599177458,0.007028608345088445,0.02112400345504284,-0.08184301108121872,-0.0724460557103157,-0.028664452955126762,0.007772398646920919,0.0404205285012722,0.06873354315757751,0.0815519243478775,-0.08305878192186356,-0.07003377377986908,-0.026141444221138954,0.007444725837558508,0.04769176244735718,0.07644659280776978,0.08263915032148361,0.010203097296252704,0.010077424894172331,0.008783567684795882,4.033106779713352,0.0
2021-08-13,-0.0227040614307245,0.0,0.00607921300894246,0.00607921300894246,0.006982624462506558,0.0029590125466221074,0.008195250100862427,0.006272778630751087,0.0019643511991026793,0.01893511600792408,0.007757262263685564,0.006272778630751087,0.007578865676553083,0.03615900129079819,0.008275594811542754,0.006272778630751087,-0.00010718421529183099,0.018757065758109093,0.011021551602784929,0.006272778630751087,-0.00024554306828892744,0.026192575693130493,0.009626816713096929,0.006272778630751087,0.00415633723455487,0.01895124837756157,0.009976047991846053,0.006272778630751087,0.005618559793978137,0.00920638907700777,0.015024435867450094,0.006272778630751087,0.010422062872092712,0.03395400196313858,0.011583382679733596,0.006272778630751087,0.008531552618511053,0.013947905041277409,-0.07664820551872253,-0.05411861836910248,-0.012499894015491009,0.03168598935008049,0.03940937668085098,0.07003435492515564,0.11560031771659851,-0.07791255414485931,-0.06558548659086227,-0.009940260089933872,0.026674415916204453,0.04841705039143562,0.07857970148324966,0.11564468592405319,0.010522061358197575,0.010496874563934274,0.008841873984660069,4.242614557526396,0.0
2021-08-20,-0.0184687487395072,0.0,0.005995296756931769,0.005995296756931769,0.007593879959467479,0.0029371434686990875,0.00562865757033541,0.006185498992011702,0.006904969197653562,0.0025702461134642363,0.011583276748758583,0.006185498992011702,0.005046156413658782,0.0319574773311615,0.005710326072422091,0.006185498992011702,0.007184558232083141,-0.0029163938015699387,0.006862910608026051,0.006185498992011702,0.007504719841822642,0.008714745752513409,0.004367719886610221,0.006185498992011702,0.006702647523042494,0.0012158367317169905,0.005405710312101058,0.006185498992011702,0.0064545926026611695,-0.002949270885437727,0.0018977024959719825,0.006185498992011702,0.0047910928242699356,0.00030414879438467324,0.006292593269625416,0.006185498992011702,0.0063344049723344535,0.0022409844677895308,-0.07662037760019302,-0.05437176302075386,-0.030384723097085953,-0.0033646628726273775,0.02442759834229946,0.06903576850891113,0.09142767637968063,-0.07765043526887894,-0.06429004669189453,-0.03432263806462288,-0.00023247391800396144,0.04346758872270584,0.0684768483042717,0.0884932354092598,0.004718000985518242,0.004763374012515907,0.005322342968366228,4.182696830438272,0.0
2021-08-27,0.0807172439554371,0.0,0.005924180345604911,0.005924180345604911,0.005221969862324764,0.0029558557153081108,0.004875922761846955,0.0061114622120371715,0.007215615758970413,-0.009890850633382797,0.0035691615975237145,0.0061114622120371715,0.00529290567781444,-0.014080331660807133,0.00488150044425739,0.0061114622120371715,0.00717744334451402,-0.018987692892551422,0.0068210336091546996,0.0061114622120371715,0.007396566946859461,-0.013485420495271683,0.006361820439565376,0.0061114622120371715,0.006930248972861762,-0.009542007930576801,0.006739132067014474,0.0061114622120371715,0.007269686140866717,-0.02057539112865925,0.006981174784876331,0.0061114622120371715,0.0065816027487462505,-0.0185087863355875,0.008258095275668252,0.0061114622120371715,0.00841832024237521,-0.015923678874969482,-0.10435917973518372,-0.053758639842271805,-0.0304731298238039,-0.004473938141018152,0.02338998392224312,0.06919630616903305,0.09043701738119125,-0.09064260125160217,-0.06145128980278969,-0.03364216163754463,-0.0010884220246225595,0.03327807039022446,0.06648280471563339,0.09007765352725983,0.0009776008596402844,0.0011315418618146507,0.002078037524867935,4.370291956610297,0.0
2021-09-03,0.0382022477044197,0.0,0.006140971834329063,0.006140971834329063,0.0052530790060847056,0.00274736411819326,0.008999280040327455,0.006334832816059326,0.006722178464317276,0.01585877686738968,0.01196232241724275,0.006334832816059326,0.0070277066554976075,0.0008359728381037712,0.008945622643991874,0.006334832816059326,0.006579683778290132,0.016259264200925827,0.010139098976822266,0.006334832816059326,0.006772821120780351,0.02250916324555874,0.009881806864334958,0.006334832816059326,0.006460632578668086,0.016970442607998848,0.011455180562379744,0.006334832816059326,0.007524770736265815,0.015104721300303936,0.010255958980686344,0.006334832816059326,0.008686975077783413,0.014545655809342861,0.012145472329893407,0.006334832816059326,0.008923684331309368,0.011969417333602905,-0.076473169028759,-0.05376122146844864,-0.03227722644805908,0.007868003100156784,0.04426238313317299,0.07441767305135727,0.10764601826667786,-0.07517150789499283,-0.05199230834841728,-0.026743963360786438,0.008941720239818096,0.04156320169568062,0.07670693099498749,0.10534630715847015,0.010130807057303952,0.009848393100846035,0.009478767047023435,4.672406745146365,1.0
2021-09-10,-0.0066748314568849,0.0,0.006233634481352446,0.006233634481352446,0.008066851075950236,0.002599668467545885,0.002993014228338757,0.006429959427666373,0.0014190441936072886,0.017658917233347893,0.008727303674228196,0.006429959427666373,0.008050859812294633,0.008662852458655834,0.002971760864033745,0.006429959427666373,7.833428136719191e-05,0.02190706878900528,0.001598847166578053,0.006429959427666373,-0.00012083784496884267,0.012461826205253601,0.0016374717178435716,0.006429959427666373,0.0035119276057152824,0.017044829204678535,0.004162787727638001,0.006429959427666373,0.0059831722757222655,0.01670124940574169,-0.00019723309431600878,0.006429959427666373,0.005020033124953241,0.004683603998273611,0.006577362748419315,0.006429959427666373,0.009142079355803747,0.019710803404450417,-0.079656682908535,-0.053420621901750565,-0.017912624403834343,0.029599985107779503,0.03867816552519798,0.07342473417520523,0.07812212407588959,-0.07748637348413467,-0.04723596200346947,-0.013295172713696957,0.027211720123887062,0.03395897522568703,0.058780647814273834,0.07695057988166809,0.0071439518125912885,0.0068356824921973446,0.007125233770740078,4.730849385209123,1.0
2021-09-17,-0.0231338803154645,0.0,0.0061964342913287075,0.0061964342913287075,0.007112660202524022,0.002603926726249169,0.003278490955079043,0.006390957073843302,0.00891549311007126,0.006462567485868931,0.009247864620090087,0.006390957073843302,0.00763043264664556,0.0003689931472763419,0.0032972419260683494,0.006390957073843302,0.00755038839389406,0.0016695940867066383,0.0005279518596200154,0.006390957073843302,0.00790201386646463,-0.0036356430500745773,0.00042597060519463433,0.006390957073843302,0.009310378611376497,-0.0050690025091171265,-0.0006603234310154837,0.006390957073843302,0.008242540752881836,-0.0073674931190907955,-0.005295769544417953,0.006390957073843302,0.0034608643081875915,-0.009442581795156002,0.003168040856200282,0.006390957073843302,0.00752999004043128,-0.009159848093986511,-0.07599887251853943,-0.05320678651332855,-0.02940450608730316,-0.002589741488918662,0.02939741499722004,0.07003998011350632,0.09059757739305496,-0.07716429233551025,-0.05931328237056732,-0.03621124476194382,-0.0046637351624667645,0.03312652185559273,0.07081876695156097,0.09107562154531479,0.002116669008634466,0.002426863945873963,0.006261877156215633,4.322987888014873,1.0
2021-09-24,0.0563872855854121,0.0,0.0061121517780907955,0.0061121517780907955,0.005840910865960106,0.0026187856884762237,0.006004619890118558,0.006303346280403219,0.007734339985992501,-0.006491920445114374,0.008875056855533865,0.006303346280403219,0.006624776912834779,-0.0032612187787890434,0.0059955374029286275,0.006303346280403219,0.006355788678350703,0.004339560866355896,0.007249292971857859,0.006303346280403219,0.006773514712283165,-0.00117603805847466,0.009694064945749767,0.006303346280403219,0.007901880330003582,0.0005489641916938126,0.008616623428830154,0.006303346280403219,0.008562173611538614,0.003747102338820696,0.009477157685393253,0.006303346280403219,0.009608473366629827,0.007325311657041311,0.013083917563578056,0.006303346280403219,0.01192373751330246,0.002936359727755189,-0.07329698652029037,-0.053157974034547806,-0.024840351194143295,-0.0005208909860812128,0.02828458696603775,0.07049142569303513,0.08673110604286194,-0.07328260689973831,-0.046199165284633636,-0.025082137435674667,0.0006428628694266081,0.038635097444057465,0.07176027446985245,0.08868690580129623,0.006699312525669067,0.0068244063818574605,0.0033875964278499756,4.56160906713158,1.0
2021-10-01,-0.0133611022156276,0.0,0.006256206602753608,0.006256206602753608,0.0053011143727816935,0.0025121814386688474,0.009581654275580444,0.006451523615625139,0.0072784391490111535,0.007726820185780525,0.01263194240442821,0.006451523615625139,0.007525759386768639,0.021098237484693527,0.009557093813490214,0.006451523615625139,0.006106808344038472,0.008501066826283932,0.007990604074718482,0.006451523615625139,0.006531126703451169,0.002769462065771222,0.0063441147646247425,0.006451523615625139,0.007875263766878865,-0.0031608659774065018,0.006926903653077234,0.006451523615625139,0.00648129276711607,0.0015711479354649782,0.006378027167346878,0.006451523615625139,0.006950907659651869,-0.005946805700659752,0.009854170386103039,0.006451523615625139,0.007055850056956263,4.027751856483519e-05,-0.07552003860473633,-0.05282411351799965,-0.02980496734380722,0.008038857951760292,0.03612343221902847,0.07296673953533173,0.10504067689180374,-0.07697854191064835,-0.05940994620323181,-0.038967523723840714,0.008321462199091911,0.03844102844595909,0.07180367410182953,0.10428368300199509,0.005438982813300952,0.005577698732662902,0.007759609306499316,4.278637614118532,1.0
2021-10-08,-0.0609048852659102,0.0,0.006200157148986803,0.006200157148986803,0.007576122256128217,0.002524710512983512,-0.0015536640690638872,0.006393079291639143,0.003159116428087776,0.01508818194270134,0.0070727743388785975,0.006393079291639143,0.00890258754683878,0.01379377767443657,-0.0015946464137363099,0.006393079291639143,-0.00010564678582047644,0.01586085930466652,-0.0013863867830306515,0.006393079291639143,0.0006780409280680664,0.008336909115314484,-0.000786267666121789,0.006393079291639143,0.005837904575231605,0.018876072019338608,-0.002525897248264005,0.006393079291639143,0.00775514499625202,0.016946040093898773,-0.002979922620159157,0.006393079291639143,0.007508860013594728,0.010404243133962154,-0.0008839427184822871,0.006393079291639143,0.010515734441069142,0.016821257770061493,-0.0724097341299057,-0.05311253294348717,-0.005197757855057716,0.005861208308488131,0.03842562064528465,0.07085227221250534,0.08661382645368576,-0.07123692333698273,-0.055823925882577896,0.000704285514075309,0.011018149554729462,0.037729524075984955,0.07058357447385788,0.08588945120573044,0.006151534662736574,0.005876404871344883,0.005771678398341093,4.169232532911122,1.0
2021-10-15,0.0173770715871368,0.0,0.006008974691964305,0.006008974691964305,0.005695494510319184,0.0025540884776121533,0.005326394258105828,0.006195144101763997,0.008293503749304435,-0.037434983998537064,0.013113301058784407,0.006195144101763997,0.006039513945617983,0.017256738618016243,0.005366042001361749,0.006195144101763997,0.006619518276106884,-0.02983858436346054,0.007573823063692781,0.006195144101763997,0.007593574595922786,-0.021615857258439064,0.007964942399628472,0.006195144101763997,0.008114149462931717,-0.025024905800819397,0.008429339643027254,0.006195144101763997,0.009051943356025868,-0.020937588065862656,0.01114262939468921,0.006195144101763997,0.009637863860521947,-0.0109088234603405,0.010138952147316032,0.006195144101763997,0.011665024431388116,-0.016595905646681786,-0.1306152641773224,-0.09391313046216965,-0.028810039162635803,-0.004228933714330196,0.03211253881454468,0.06888962537050247,0.08724621683359146,-0.11254052817821503,-0.09266137331724167,-0.024679798632860184,-0.0010830018436536193,0.03870885819196701,0.0740283727645874,0.08891849964857101,0.0006477917769830356,0.0015983570471172718,-0.0044049854723407006,4.468162417112772,1.0
2021-10-22,-0.0194213653144172,0.0,0.0060412704217801365,0.0060412704217801365,0.004223700832830706,0.002508854596102571,0.00651764475873005,0.006227935677967437,0.007703515279766939,-0.008831454440951347,0.012481374815996654,0.006227935677967437,0.006156149157427093,0.017914406955242157,0.006394637381921943,0.006227935677967437,0.0060030710672797525,-0.0047022015787661076,0.005080166352269554,0.006227935677967437,0.0071061426142857865,-0.0014755239244550467,0.0027388988371100866,0.006227935677967437,0.008550234662998073,-0.014342430979013443,0.0034626496076390007,0.006227935677967437,0.006038958190634535,-0.009568862617015839,-0.0052800123210453125,0.006227935677967437,0.0038767601006747233,-0.009864534251391888,0.0033663261959029616,0.006227935677967437,0.006346763077878794,-0.01371199544519186,-0.07549183070659637,-0.057941734790802,-0.02705545537173748,0.005497815553098917,0.028804702684283257,0.06862939894199371,0.07489021867513657,-0.07656153291463852,-0.06879984587430954,-0.04025662690401077,0.0030387751758098602,0.034899692982435226,0.06747759878635406,0.07427684217691422,0.0015577775433133474,0.0020758654223726344,0.0029044103188782698,4.169755970076806,1.0
2021-10-29,0.0074754000847834,0.0,0.005969138309213005,0.005969138309213005,0.006331230751017693,0.002532246827885449,0.00797442488138788,0.006152937721849353,0.007686460583375039,-0.02497720904648304,0.017865050835830135,0.006152937721849353,0.0057896362972863925,0.005895595531910658,0.007976319979603167,0.006152937721849353,0.006237437749328826,-0.01658567599952221,0.010269928544949895,0.006152937721849353,0.0071341935969993905,-0.005906988400965929,0.011317806724161784,0.006152937721849353,0.007545471901604831,-0.006791034713387489,0.010850561272171117,0.006152937721849353,0.008110384274486552,-0.007151174359023571,0.015528520879108648,0.006152937721849353,0.01031569277279036,0.01889582723379135,0.013430424077478458,0.006152937721849353,0.01087798121285656,-0.004992688540369272,-0.0928649753332138,-0.07739491015672684,-0.029303211718797684,0.006956696044653654,0.03169907256960869,0.06822331249713898,0.07500891387462616,-0.09253763407468796,-0.06778731197118759,-0.029240533709526062,0.010151945054531097,0.0363076776266098,0.07147151976823807,0.08471397310495377,0.005582525605714941,0.0062067902646162805,-0.0007908464649676924,4.415759279202435,1.0
2021-11-05,0.0109419490810358,0.0,0.005973393285980152,0.005973393285980152,0.005312377000337813,0.002385531094015553,0.006711158383745438,0.006156793297251493,0.007667429227052351,-0.020695669576525688,0.012043173725042475,0.006156793297251493,0.005625410914287504,-0.005673698149621487,0.006728330118764055,0.006156793297251493,0.0062995457083743,-0.013990098610520363,0.006598723215215036,0.006156793297251493,0.007281561095438998,-0.015509183518588543,0.0054560623541248425,0.006156793297251493,0.008077084942003973,-0.013453993946313858,0.008503948585495365,0.006156793297251493,0.007433290661914872,-0.01049022190272808,0.0061167853006388025,0.006156793297251493,0.0068408839075996585,-0.008479638956487179,0.007219980004717947,0.006156793297251493,0.00851641140116231,-0.015075589530169964,-0.09756157547235489,-0.08319979161024094,-0.02689424902200699,0.0019148322753608227,0.02328374981880188,0.06803139299154282,0.07377379387617111,-0.09575929492712021,-0.09094057232141495,-0.03158407658338547,0.0030417966190725565,0.03719462454319,0.0746111124753952,0.07754766941070557,0.0018756100255896302,0.002639257471789059,-4.0072167119101915e-05,4.435923211840915,1.0
2021-11-12,0.0624645487384416,0.0,0.005987389217797211,0.005987389217797211,0.006007987281583527,0.002338592236317063,-0.0007331055183144907,0.0061707036338322615,-0.006177588720037465,0.012289803475141525,0.0002662100443048083,0.0061707036338322615,0.00676498698169356,0.00025677811936475337,-0.0006867933061594248,0.0061707036338322615,-0.00855508012335104,0.014398656785488129,-0.0016676449810741501,0.0061707036338322615,-0.006649398234652367,0.00414005434140563,-0.0016698737362442805,0.0061707036338322615,-0.0022263161907201913,0.0151887908577919,6.0957377709611356e-05,0.0061707036338322615,0.002974004591283113,0.01859612762928009,0.004521655397242983,0.0061707036338322615,0.008004633191312803,0.016797242686152458,0.0032390020062082045,0.0061707036338322615,0.01043126160601372,0.016728468239307404,-0.07456737011671066,-0.05444888398051262,-0.017977964133024216,0.01370549388229847,0.030007559806108475,0.0701407864689827,0.07349413633346558,-0.07517954707145691,-0.05894399434328079,-0.02433929219841957,0.013785307295620441,0.033906448632478714,0.06936503946781158,0.08361969143152237,0.005443748747499508,0.004885442943483921,0.002887453217655458,4.412612435909397,1.0
2021-11-19,0.0911837447431578,0.0,0.006146032924315875,0.006146032924315875,0.006110634998799761,0.0023749501108224044,0.008614642037681383,0.006333874199352868,0.007427614404665479,0.011149201542139053,0.01103090600766757,0.006333874199352868,0.006774360570967888,0.018032189458608627,0.008540478284296455,0.006333874199352868,0.0050913548498192854,0.008781712502241135,0.00826680890545582,0.006333874199352868,0.005582897412044829,0.00836221780627966,0.008011100647466556,0.006333874199352868,0.00809261538762963,0.014083780348300934,0.00885445312509822,0.006333874199352868,0.005795741803782107,0.012244632467627525,0.010851247947315568,0.006333874199352868,0.009425509480013887,0.020983289927244186,0.014407268032553674,0.006333874199352868,0.009375084860466044,0.022571835666894913,-0.07553417980670929,-0.053556349128484726,-0.029428839683532715,0.0153454365208745,0.04334476217627525,0.0693945363163948,0.1147877648472786,-0.07464369386434555,-0.05896519124507904,-0.03154217079281807,0.01000306662172079,0.040986061096191406,0.0716196820139885,0.11646580696105957,0.009471886443776984,0.009411698293789319,0.008381333045959696,4.317690163086653,1.0
2021-11-26,0.0486192269200804,0.0,0.006384233797758009,0.006384233797758009,0.007599676346895776,0.0024796188556097344,0.007856820949097865,0.006579105039074848,0.007864607041187213,0.021887866780161858,0.010014405132949513,0.006579105039074848,0.008271526560927833,0.02685338258743286,0.008034927467749831,0.006579105039074848,0.005220374471854835,0.025373173877596855,0.009563342093561397,0.006579105039074848,0.0052584035201802045,0.020352838560938835,0.011052727267790205,0.006579105039074848,0.008310229841635638,0.031005144119262695,0.011699656958763016,0.006579105039074848,0.007903947143816417,0.028191914781928062,0.016703985753983117,0.006579105039074848,0.014507591398836363,0.03404879942536354,0.019693077232286985,0.006579105039074848,0.014325142799541984,0.0461900532245636,-0.07291816920042038,-0.05341449752449989,-0.025262150913476944,0.015672795474529266,0.04993876814842224,0.07513032108545303,0.11426766961812973,-0.07193067669868469,-0.04549240320920944,-0.026012368500232697,0.012651664204895496,0.04414770379662514,0.07766854017972946,0.1157570481300354,0.014871248340587612,0.014921306870423921,0.011047099952380447,4.7028012916383615,1.0
2021-12-03,0.0727785486930159,0.0,0.006502208638881815,0.006502208638881815,0.008882467046079166,0.0024758445471439604,0.008201788558116947,0.0067002581280691,0.008543967965693497,0.017540577799081802,0.013251333776038859,0.0067002581280691,0.009176172210659958,0.015606439672410488,0.008176320984426775,0.0067002581280691,0.005762195938483865,0.01600806601345539,0.005151799088974886,0.0067002581280691,0.005495536022799606,0.005954393185675144,0.0036634248219669474,0.0067002581280691,0.009200653087746823,0.0073848627507686615,0.005438149936905253,0.0067002581280691,0.005776349388085742,0.007845386862754822,0.005578409710544196,0.0067002581280691,0.008542535602939902,0.01007353886961937,0.010339852253126234,0.0067002581280691,0.00895872677327322,0.01562381349503994,-0.07370218634605408,-0.05323655530810356,-0.031207792460918427,0.01856551319360733,0.04788507893681526,0.07200255244970322,0.11523618549108505,-0.07304874807596207,-0.05370549485087395,-0.04131190851330757,0.010570612736046314,0.04759058356285095,0.07681136578321457,0.11614997684955597,0.007715648481458392,0.007758196839008043,0.010246648112740337,4.368764967896728,1.0
2021-12-10,0.0703314123386249,0.0,0.006686822399478289,0.006686822399478289,0.007849363651894724,0.0024874227682899503,0.00608397412326476,0.006890138273370672,0.01503151440801481,-0.02092052809894085,0.015979013717478698,0.006890138273370672,0.00567564464082951,0.010036228224635124,0.006023662979427861,0.006890138273370672,0.012276828895710828,-0.02492189221084118,0.006578922139402256,0.006890138273370672,0.01012311236346938,-0.021174760535359383,0.008212643485237954,0.006890138273370672,0.01407687068932482,-0.018824804574251175,0.007928161799166101,0.006890138273370672,0.008763046019909472,-0.009489212185144424,0.02062773547272997,0.006890138273370672,0.014120782712270019,0.0005425459239631891,0.017588820528195548,0.006890138273370672,0.01251084615505817,-0.001157228252850473,-0.10655578970909119,-0.08306434005498886,-0.04832696169614792,-0.0020273698028177023,0.03753142058849335,0.079039067029953,0.10361795127391815,-0.10368682444095612,-0.07411916553974152,-0.03638126701116562,-0.006272763013839722,0.049992576241493225,0.09137149155139923,0.12523841857910156,0.004381121293568457,0.0045205166849827385,0.001771274676427348,4.331573762085385,1.0
2021-12-17,-0.1308765612195257,0.0,0.006863612927087029,0.006863612927087029,0.008941665732874705,0.002538091421123212,0.005278039342335516,0.007071918428285441,0.010454414148861824,-0.008360907435417175,0.012775206484314811,0.007071918428285441,0.009762643165278383,-0.010521971620619297,0.005678339997248353,0.007071918428285441,0.0076677995877824584,-0.012225222773849964,0.0070023511515454806,0.007071918428285441,0.007500957484742498,-0.00720857921987772,0.009083298989547052,0.007071918428285441,0.01040017982785436,-0.0052870651707053185,0.006261540887758068,0.007071918428285441,0.01362617969256157,-0.01531325001269579,0.008893177326368183,0.007071918428285441,0.017615940287186837,-0.0004114647163078189,0.015072399988629758,0.007071918428285441,0.024030702368892282,0.0031324815936386585,-0.10465084761381149,-0.0768902450799942,-0.03041941486299038,0.01845678873360157,0.05162239819765091,0.07030460983514786,0.07355505228042603,-0.0971045196056366,-0.05954587459564209,-0.025411542505025864,0.018108440563082695,0.04867737367749214,0.0740136206150055,0.08313385397195816,0.005747969910834649,0.00625667190399341,0.0036108661210164017,4.854423513047863,1.0
2021-12-24,0.0304686643435321,0.0,0.006482061198149044,0.006482061198149044,0.009225040596351661,0.002963078419185125,0.0038023514020528774,0.00667777991500598,0.011248228391798551,-0.005493531469255686,0.01303612350078534,0.00667777991500598,0.00821408170418771,0.01148237008601427,0.003448874767541397,0.00667777991500598,0.009145034715003112,-0.007861733436584473,-0.0003199984540398996,0.00667777991500598,0.009184132025083062,-0.014052595011889935,-0.00040359408828976717,0.00667777991500598,0.011109373105662422,-0.011166241019964218,0.0032805581646297034,0.00667777991500598,0.010083363063816232,-0.012526426464319229,0.006941357716533208,0.00667777991500598,0.005903851506903659,-0.0038934824988245964,0.006132753642591183,0.00667777991500598,0.013036439410931818,0.009656034409999847,-0.10501023381948471,-0.06895431131124496,-0.022652743384242058,0.004107567481696606,0.04336299002170563,0.0698186382651329,0.09167154133319855,-0.09751729667186737,-0.06409662216901779,-0.020371146500110626,0.005212071817368269,0.0458189956843853,0.07356764376163483,0.09964648634195328,0.003240182543534142,0.0031386825285324195,0.00405870705990043,4.627895671253227,1.0
2021-12-31,0.0553148132696756,0.0,0.006548322532804799,0.006548322532804799,0.0022851110857509327,0.0029616363475795616,0.0015574889067987516,0.006745560212523149,0.0062729137053477955,0.013791214674711227,0.008242264451785436,0.006745560212523149,0.008893135699615532,0.03930681198835373,0.0012892106293668137,0.006745560212523149,0.006151908028822846,0.009912723675370216,3.568779689750931e-06,0.006745560212523149,0.005070229177102368,0.007001573219895363,0.0025287649179922943,0.006745560212523149,0.0067794762495523115,0.014938175678253174,0.0033790947981099254,0.006745560212523149,0.0056034512165186665,0.015963254496455193,0.009484937021109242,0.006745560212523149,0.010755192423209582,0.02336812950670719,0.010197828384541207,0.006745560212523149,0.01271183664301757,0.03302779048681259,-0.09228019416332245,-0.07953432947397232,-0.021871954202651978,0.030309634283185005,0.04413186013698578,0.06550942361354828,0.08109921216964722,-0.09115291386842728,-0.07192505151033401,-0.019988050684332848,0.031718019396066666,0.041646890342235565,0.0738307386636734,0.08806375414133072,0.009110021108652716,0.00925152795475483,0.007091794374845231,4.626186299126236,1.0
2022-01-07,0.0574614608421022,0.0,0.006682665482493148,0.006682665482493148,0.0072045134787555275,0.002990090596697103,-0.006413842897019453,0.006883541045071876,0.008721911471691823,0.009732130914926529,-0.0009138753432573208,0.006883541045071876,0.009464597701499941,0.031341757625341415,-0.006332358941436419,0.006883541045071876,0.007574179134092435,0.011897288262844086,-0.008235184570018003,0.006883541045071876,0.006893134655361553,-0.0030229026451706886,-0.008400270990578267,0.006883541045071876,0.009483208964830812,0.0029034295585006475,-0.011094748459898303,0.006883541045071876,0.007945482270131976,0.0007538456120528281,0.002795128596529942,0.006883541045071876,0.011434069820373895,0.009008829481899738,-0.0014450931698580093,0.006883541045071876,0.012633545517778115,0.0029706908389925957,-0.09019652009010315,-0.07601442188024521,-0.03390531614422798,0.03239972144365311,0.05028839036822319,0.06902659684419632,0.0811457633972168,-0.08921948820352554,-0.07905447483062744,-0.035384032875299454,0.03303004428744316,0.04680277034640312,0.07268157601356506,0.09575263410806656,0.0037109800086191744,0.003721385151807843,0.004730935133667694,4.242500425745149,0.0
2022-01-14,-0.0398858839908609,0.0,0.006822167667547019,0.006822167667547019,0.008062736879135479,0.002977947321954853,-0.011643071699284021,0.007026821271125787,0.0030223247180758547,0.009171994403004646,-0.009069321738480133,0.007026821271125787,0.011924665604918807,0.008234033361077309,-0.011579581154440754,0.007026821271125787,0.0016374968673648462,0.007673834916204214,-0.010238503436954444,0.007026821271125787,0.001190526226459999,0.0019733242224901915,-0.009338373650683525,0.007026821271125787,0.004617159924284714,0.0076076132245361805,-0.010376093929542373,0.007026821271125787,0.0029640260740590825,0.004024880938231945,-0.003947403250983779,0.007026821271125787,0.013027888356179362,0.013505123555660248,-0.003049846754872621,0.007026821271125787,0.013578120319695554,0.01200861856341362,-0.08078327775001526,-0.04964660480618477,-0.019063115119934082,0.03307831659913063,0.051379796117544174,0.06869685649871826,0.07958681136369705,-0.07852794975042343,-0.05381975322961807,-0.012835896573960781,0.032911282032728195,0.04863619804382324,0.07197456806898117,0.08499062061309814,0.0032266557765773824,0.0034301727873305883,0.0018945171732305667,4.322650806701673,0.0
2022-01-21,0.0287020603169461,0.0,0.0066942004027294635,0.0066942004027294635,0.008350192535192045,0.0027982819190156207,0.008579191497460817,0.006894299504848988,0.007826442836542309,0.02281794510781765,0.016415933251014106,0.006894299504848988,0.009769178626809396,0.026721542701125145,0.008333185417270086,0.006894299504848988,0.006584029115772618,0.02509261481463909,0.009248809690952778,0.006894299504848988,0.0067732979391813665,0.02195718139410019,0.00980682218526617,0.006894299504848988,0.007772153566872708,0.023305488750338554,0.004587687390753218,0.006894299504848988,0.006223354990742281,0.014651467092335224,0.011332516194160992,0.006894299504848988,0.014374368759805295,0.010448127053678036,0.009163924217549295,0.006894299504848988,0.014193432257717683,0.02412823587656021,-0.07684021443128586,-0.05279122665524483,-0.025952652096748352,0.0332142598927021,0.05114259570837021,0.06981337815523148,0.07854598760604858,-0.0754876658320427,-0.04970252141356468,-0.024635417386889458,0.03709742799401283,0.0486491322517395,0.07497707009315491,0.08388198167085648,0.01122260390569957,0.011233006978077505,0.011529469736667441,4.7428559212634465,0.0
2022-01-28,0.0547087879607133,0.0,0.006754331167522405,0.006754331167522405,0.005365391365656002,0.0027374048422633846,0.011229764273629138,0.00695572981699574,0.008350462953251158,0.020828984677791595,0.01665620888407243,0.00695572981699574,0.00959097001297297,0.03735172376036644,0.01102975385667865,0.00695572981699574,0.007061067319643142,0.022372310981154442,0.009243688432234193,0.00695572981699574,0.00693304698402692,0.019793376326560974,0.009180686510058645,0.00695572981699574,0.008743411326249274,0.019516656175255775,0.013276113708242668,0.00695572981699574,0.00684126891737248,0.01734868623316288,0.010907543575542609,0.00695572981699574,0.00966016477902464,0.012965692207217216,0.016652944918134727,0.00695572981699574,0.011042434948818874,0.02974073588848114,-0.07223205268383026,-0.05592004954814911,-0.026554571464657784,0.014866264536976814,0.041307754814624786,0.0740245059132576,0.10335924476385117,-0.0739307552576065,-0.05438527837395668,-0.02459881827235222,0.011389367282390594,0.04417375475168228,0.07187192887067795,0.10472539067268372,0.011835165082909738,0.011926773360404246,0.011841235430416909,4.788494065163246,0.0
2022-02-04,0.0779195096516192,0.0,0.00688499726232674,0.00688499726232674,0.0073564914607772485,0.0027034723152960394,0.010661288073806292,0.007089867620770228,0.007949497333148753,0.027662212029099464,0.013612111790410018,0.007089867620770228,0.009852476919662756,0.029292024672031403,0.010536196532965208,0.007089867620770228,0.006038786639147434,0.02682258002460003,0.009973834127600334,0.007089867620770228,0.005410962038004058,0.028155941516160965,0.01267360515394807,0.007089867620770228,0.0076989793356194765,0.0281419288367033,0.006809105658150596,0.007089867620770228,0.0076854193041114545,0.018693281337618828,0.012833364431318293,0.007089867620770228,0.013560250100071319,0.017194371670484543,0.012707032298288033,0.007089867620770228,0.01616836351282741,0.029393499717116356,-0.07450559735298157,-0.04511187970638275,-0.022279083728790283,0.028060736134648323,0.05075686424970627,0.07032918184995651,0.07909662276506424,-0.07411497831344604,-0.04769309610128403,-0.026724567636847496,0.029352230951189995,0.04647345095872879,0.058796294033527374,0.08373647183179855,0.013043196164973214,0.013224578010235301,0.013340716264206184,5.3248394921621705,1.0
2022-02-11,-0.0378240735638204,0.0,0.007078025828601989,0.007078025828601989,0.008238709417484686,0.0024539907666034444,0.008901736418554195,0.007288269979400057,0.007438519020910505,0.025440750643610954,0.00999518595512941,0.007288269979400057,0.010960445856292578,0.02261102758347988,0.009951785238264024,0.007288269979400057,0.005237077656617949,0.030549323186278343,0.005099299703528195,0.007288269979400057,0.004413844589233472,0.036135923117399216,0.0049744350084598215,0.007288269979400057,0.00820497913823914,0.03859202191233635,0.008091423638300085,0.007288269979400057,0.007076214442154681,0.031208213418722153,0.016057931465241614,0.007288269979400057,0.01110821673394025,0.05061406269669533,0.012483727240802288,0.007288269979400057,0.01310557457977378,0.03652539104223251,-0.07077781856060028,-0.05832606926560402,-0.010201799683272839,0.01540844701230526,0.057193610817193985,0.07611457258462906,0.10393627732992172,-0.07464892417192459,-0.05868600681424141,-0.007622921839356422,0.019272319972515106,0.06560331583023071,0.07978957891464233,0.13028636574745178,0.01554829436185915,0.016260841940332067,0.012267319015618929,5.087354755655927,1.0
2022-02-18,-0.0372972922284127,0.0,0.006956339922389462,0.006956339922389462,0.009260670744517724,0.002494074163912244,0.004692653443045347,0.007162257846597765,0.009094966073956915,0.009013213217258453,0.00718426339383621,0.007162257846597765,0.009030193392247358,0.0037802595179528,0.004986728556313056,0.007162257846597765,0.00826732727081553,0.008874483406543732,0.002107904866773781,0.007162257846597765,0.0069726638007180305,0.014299293048679829,0.004461120231347494,0.007162257846597765,0.009228890889251395,0.00936430599540472,0.0029791388062945495,0.007162257846597765,0.007762173059663122,0.0066546546295285225,0.01323519646133062,0.015357454759385896,0.0075368119996399325,0.01634197309613228,0.010241771091896057,0.007162257846597765,0.011885394479998188,0.010564606636762619,-0.07315600663423538,-0.059381064027547836,-0.024223940446972847,0.004074539989233017,0.04350495710968971,0.07159657776355743,0.08395069092512131,-0.0744805708527565,-0.05965958908200264,-0.029575565829873085,-0.0057901679538190365,0.04783380776643753,0.07149309664964676,0.08626656979322433,0.00862221592997784,0.008603425545666331,0.007490772645214619,4.838941178022091,1.0
2022-02-25,-0.0149769141456639,0.0,0.006836735511171078,0.006836735511171078,0.005680582172327766,0.002418397434901481,0.009696802897204853,0.007038415088728655,0.010017371508720882,0.012520167045295238,0.0176698329111976,0.007038415088728655,0.008328670350226743,0.009023644030094147,0.0098762185225294,0.007038415088728655,0.008828095174821454,0.010330749675631523,0.008864663085669041,0.007038415088728655,0.007575682078371526,0.014360800385475159,0.013365876287676826,0.007038415088728655,0.008954783096853226,0.014378059655427933,0.00888234174876143,0.007038415088728655,0.0114391778024335,0.012993837706744671,0.014337186391902318,0.012809553814351213,0.012461269471483058,0.01865806058049202,0.0154017653286323,0.007038415088728655,0.01643806655955841,0.013157912530004978,-0.07251840084791183,-0.06034616753458977,-0.026328086853027344,0.016735920682549477,0.04590649530291557,0.06820783764123917,0.08385217934846878,-0.07337537407875061,-0.05184523016214371,-0.028449978679418564,0.01800066977739334,0.04953434690833092,0.07711505889892578,0.08455010503530502,0.011179423972519302,0.01114994772710512,0.009818189134987408,5.261365134266327,1.0
2022-03-04,-0.3030019101993169,0.0,0.006777938611826509,0.006777938611826509,0.005515838038803158,0.0024303951533301235,0.01062992691388746,0.006977261396410898,0.00920349621476015,0.009509231895208359,0.02278896555361247,0.006977261396410898,0.007805077120017409,0.005665553268045187,0.01022038886605859,0.006977261396410898,0.008258391927191308,0.008180768229067326,0.006682415687233526,0.006977261396410898,0.00675892153072578,0.007580195087939501,0.010687079318595,0.006977261396410898,0.008796029542946504,0.011405867524445057,0.008696696749441452,0.006977261396410898,0.011278047717867869,0.01124587282538414,0.010230786963648167,0.012255472969126484,0.010264135182270099,0.007957114838063717,0.011229987259840792,0.006977261396410898,0.014631016218884806,0.007937589660286903,-0.07192879915237427,-0.05833258107304573,-0.026376793161034584,0.01642393320798874,0.05070468783378601,0.06845754384994507,0.09074689447879791,-0.07340289652347565,-0.05156032741069794,-0.03346600383520126,0.004521781112998724,0.050603631883859634,0.06960751861333847,0.09335365146398544,0.009132628545044647,0.009126335195519596,0.009079979105066718,5.6413266433946925,1.0
2022-03-11,0.1647591219249751,0.0,0.005945197082764296,0.005945197082764296,0.006109908147306211,0.004330504291108048,0.00011008492463915331,0.006118593331048771,0.002743247964142184,0.019016174599528313,0.009486729686647315,0.006118593331048771,0.004525587373124099,0.027577044442296028,-0.015341105483677748,0.006118593331048771,0.0031742576150475352,-0.015654772520065308,-0.023939244841084405,0.006118593331048771,-0.005168372799815512,-0.03484708443284035,-0.006898021508646694,0.006118593331048771,0.0030081003030931683,-0.012659127824008465,-0.012769099951476228,0.006118593331048771,-0.0010404670597904528,-0.008036714978516102,-0.025995402685880874,0.006141409985196271,-0.007458154908435118,-0.026788238435983658,-0.024337085150032398,0.006118593331048771,-0.0011016591376381982,-0.00886619370430708,-0.14374029636383057,-0.0801466703414917,-0.024346763268113136,0.01905040256679058,0.08423352241516113,0.10451922565698624,0.11209961771965027,-0.12564677000045776,-0.07349903881549835,-0.040564365684986115,-0.005490108858793974,0.08760232478380203,0.09509718418121338,0.10654508322477341,-0.007832667119317406,-0.007803266588704245,0.006997025204839606,6.028123651227361,1.0
2022-03-18,0.0273708059674993,0.0,0.006370971680196496,0.006370971680196496,-0.005034731893873897,0.00465804081198742,0.015122793063787207,0.006556826835451883,0.008635138713563386,0.004082488361746073,0.03253652422324786,0.006556826835451883,0.008518525185729098,0.034431882202625275,0.010837945064071056,0.006556826835451883,0.00795991382956477,-0.005074732005596161,0.0024026668804579066,0.006556826835451883,0.0033153209149708236,-0.00201672432012856,0.010077957731544058,0.006556826835451883,0.009268380814066106,0.006213496904820204,0.014516377944028241,0.006556826835451883,0.006450997635221814,-0.0005866168066859245,0.001699007689806781,0.007461571171593798,-0.0013158330228924464,-0.012831214815378189,0.010035270571240566,0.006556826835451883,0.005699314038541967,0.00591279985383153,-0.09279327094554901,-0.08821874856948853,-0.033557068556547165,-0.007494477089494467,0.03804498538374901,0.08533871918916702,0.13767801225185394,-0.09696391969919205,-0.07705751806497574,-0.038397569209337234,-0.008228238672018051,0.048450127243995667,0.10025269538164139,0.14952987432479858,0.004700418093764073,0.0047867559601779824,0.008599311743637136,5.791463700619882,1.0
2022-03-25,-0.0036827776718375,0.0,0.006427120969734738,0.006427120969734738,0.006241839015597617,0.004643049654163798,0.012705916508896232,0.0066141656209396165,0.011937233091698047,0.009699488058686256,0.0300822258591239,0.0066141656209396165,0.00832350829375788,0.0448402464389801,0.009266931192779826,0.0066141656209396165,0.011179625946031373,0.00894937664270401,0.004716483739389272,0.0066141656209396165,0.008201349424662755,0.006494535598903894,0.012839636008131877,0.0066141656209396165,0.011752386193576561,0.01780090108513832,0.013680582789152386,0.0066141656209396165,0.008237383713377858,0.01457971427589655,0.010302565425653956,0.008514007951103403,0.003529410153728498,0.00807677861303091,0.01356982181092093,0.0066141656209396165,0.008398710406429609,0.028610916808247566,-0.10154619812965393,-0.08660180121660233,-0.022250961512327194,0.012323628179728985,0.03796350955963135,0.0957113653421402,0.11229642480611801,-0.09427469968795776,-0.06702055037021637,-0.02961236983537674,-0.015902996063232422,0.036125656217336655,0.09302665293216705,0.11053210496902466,0.010073831078481569,0.010059735013342022,0.010239200820055038,5.746010030855867,1.0
2022-04-01,-0.0014004712964386,0.0,0.006400161240023879,0.006400161240023879,0.006457477839847949,0.004642081662491349,0.011181459368768026,0.0065858773151902285,0.009263122312715585,0.012326044030487537,0.0209051709415634,0.0065858773151902285,0.008880603556223018,0.04199796915054321,0.008190366656349122,0.0065858773151902285,0.009112488738266047,0.009657591581344604,0.0029533197075554745,0.0065858773151902285,0.007373065502689931,0.0029246134217828512,0.009558140158332092,0.0065858773151902285,0.009798010102295088,0.013448142446577549,0.0122189705679089,0.0065858773151902285,0.008091631187146595,0.014331570826470852,0.002794169250510144,0.006341501795372619,0.0031691971597988785,-0.0005139122367836535,0.00997908220326352,0.0065858773151902285,0.007725471827138588,0.02132716402411461,-0.09724085032939911,-0.08255020529031754,-0.014290597289800644,0.00800759345293045,0.03707220405340195,0.08358976244926453,0.09629940241575241,-0.09376455843448639,-0.06285227090120316,-0.025164388120174408,0.004622649867087603,0.03533313795924187,0.0817451998591423,0.10478945821523666,0.00797541547900354,0.008006805884352805,0.009839125756790343,5.500943144773543,1.0
2022-04-08,0.020179774196869,0.0,0.006379414876894992,0.006379414876894992,0.006386701679177815,0.00464494451686747,-0.0044934819459579636,0.006563996908035081,-0.001113615962769216,-0.001423212350346148,-0.0068406786231527015,0.006563996908035081,0.014207366576273688,0.014606226235628128,-0.007682878987445871,0.006563996908035081,-0.0014339208069315094,-0.00790594145655632,-0.011646591173719956,0.006563996908035081,-0.0026539820470444014,-0.014622162096202374,-0.004319881661868133,0.006563996908035081,0.0006413049996747402,-0.005427601747214794,-0.0027087727741143593,0.006563996908035081,0.004870085046645305,0.0019647344015538692,-0.009884402403120744,0.004226873126957725,0.005454420484530019,-0.002807358978316188,-0.0052528477204062,0.006563996908035081,0.009369007627570026,0.014564922079443932,-0.0963907539844513,-0.06313497573137283,-0.04183003306388855,0.01655908115208149,0.03532377630472183,0.07997319847345352,0.13500170409679413,-0.08926953375339508,-0.053748391568660736,-0.03752101585268974,-0.00974101573228836,0.03342178463935852,0.08051159977912903,0.11777789145708084,-0.00010145873109957601,6.925863312820003e-05,-0.00011657833775956163,5.46633566278382,1.0
2022-04-15,-0.0014994379917929,0.0,0.00641602060453418,0.00641602060453418,0.006368557359550376,0.004641119257428635,0.008229235574525564,0.006601198485326977,0.006580985813341283,0.01802932843565941,0.01786125390330852,0.006601198485326977,0.009775996432391756,0.024956323206424713,0.006206309225369721,0.006601198485326977,0.0072466697541589045,0.01250891387462616,0.0031358483674836643,0.006601198485326977,0.00463029576245902,0.007789175026118755,0.007134331270269482,0.006601198485326977,0.007280153831401007,0.01412783283740282,0.009466630454068866,0.006601198485326977,0.006564425982404283,0.01793765462934971,0.0041205291878936515,0.00610907305458565,0.0030497515171116984,0.010993504896759987,0.008665753002100884,0.006601198485326977,0.0068314542300208165,0.01862608641386032,-0.08887720853090286,-0.06015936657786369,-0.014657418243587017,0.006615311373025179,0.032852113246917725,0.07881265878677368,0.09416994452476501,-0.07800084352493286,-0.0498366616666317,-0.018991883844137192,0.0037646053824573755,0.03058549202978611,0.07976529002189636,0.10231606662273407,0.008142932739336679,0.008116228258685493,0.009860187077213308,5.327889141850639,1.0
2022-04-22,0.1068724395249729,0.0,0.00639508023787723,0.00639508023787723,0.006433668778781969,0.004643586473096905,0.007951468304492584,0.006579125906370247,0.007772964437639578,0.007581140846014023,0.014986521364190408,0.006579125906370247,0.009944483741470762,0.021952306851744652,0.005850023195516434,0.006579125906370247,0.008280418876995717,0.004153042566031218,0.0036457086745721665,0.006579125906370247,0.005414863824039166,-0.0017032214673236012,0.008050699802905494,0.006579125906370247,0.008081258403202108,0.011056754738092422,0.010168683920270833,0.006579125906370247,0.006921394777943143,0.013828115537762642,0.002633332508449872,0.00443550112438221,0.004080088558719096,0.004242972936481237,0.010298047815328847,0.006579125906370247,0.007432319933618812,0.02178569883108139,-0.089020274579525,-0.0636030063033104,-0.01910398155450821,0.00579526973888278,0.03519592434167862,0.08067283034324646,0.09151019155979156,-0.07769801467657089,-0.047517020255327225,-0.02440515160560608,0.001308343023993075,0.0328650176525116,0.0798845887184143,0.09400451928377151,0.007147972253746685,0.007180098397669887,0.007471174873629108,5.327940259998769,1.0
2022-04-29,-0.0523643606149617,0.0,0.006660192003806243,0.006660192003806243,0.006385256092087734,0.004780180474511467,0.007053063204853969,0.0068516620846816685,0.004499374860439233,0.018974261358380318,0.011368125318736367,0.0068516620846816685,0.011448024828726361,0.033101171255111694,0.006169168661627703,0.0068516620846816685,0.006495666241367567,0.015185466036200523,0.004588494863405138,0.0068516620846816685,0.005980146896873692,0.02125076949596405,0.0059983414271294125,0.0068516620846816685,0.005526947972697469,0.01887635327875614,0.008975428650377426,0.0068516620846816685,0.005255518344305478,0.026890773326158524,0.003918838702561409,0.005436123412503768,0.005791457811388873,0.027675023302435875,0.009554987578785949,0.0068516620846816685,0.008715295588036331,0.04310565069317818,-0.08094196766614914,-0.05861688405275345,-0.01820790395140648,0.007478812243789434,0.03760846331715584,0.08327262848615646,0.10647768527269363,-0.07399436086416245,-0.045739468187093735,-0.018571332097053528,0.0022296945098787546,0.03492088243365288,0.09562768787145615,0.11374812573194504,0.011235365112798412,0.011166126031195682,0.009344590377088798,5.235619714145522,1.0
2022-05-06,0.0806163919716871,0.0,0.006504864233756853,0.006504864233756853,0.006727524111046435,0.004842132721101427,0.008687197040724825,0.006691185058395372,0.008595055097934057,0.011409714818000793,0.013643215570033177,0.006691185058395372,0.010936352730814308,0.013827504590153694,0.007675128622856224,0.006691185058395372,0.009492413628570933,0.00824821274727583,0.005893979811392884,0.006691185058395372,0.008024780388062107,0.0033387397415935993,0.008129500329570272,0.006691185058395372,0.008951021227642781,0.015896722674369812,0.010167655255673487,0.006691185058395372,0.008090321984670492,0.014985701069235802,0.006339511494854083,0.005995457157626171,0.007012540255649769,0.0073286364786326885,0.0103128220411888,0.006691185058395372,0.008347935464834876,0.02258550375699997,-0.08168549835681915,-0.05902978777885437,-0.02625589445233345,0.005908922292292118,0.0368686206638813,0.08473598212003708,0.10088823735713959,-0.07396738231182098,-0.05321730300784111,-0.025012001395225525,0.0013694260269403458,0.03397266939282417,0.09548680484294891,0.1186586245894432,0.008761354559278227,0.008739483085549352,0.008845788003763762,5.061078766340474,1.0
2022-05-13,-0.0339994974514716,0.0,0.006699382679263232,0.006699382679263232,0.00670090213750992,0.004926938845353799,0.012430312722771251,0.0068909829149177825,0.013371695610326775,0.026386378332972527,0.016173389298238645,0.0068909829149177825,0.01028083816005863,0.02966269850730896,0.011980842736655728,0.0068909829149177825,0.012578242336162497,0.02939433977007866,0.011682362638857106,0.0068909829149177825,0.008144178713507613,0.03733347728848457,0.012929812624954903,0.0068909829149177825,0.01280560960920378,0.0335785411298275,0.013953344243892482,0.0068909829149177825,0.00798076848443222,0.03248288109898567,0.008439790501110996,0.004051522560275422,0.00515146088568299,0.03733031079173088,0.01623557406489512,0.0068909829149177825,0.008012941306223617,0.05079357698559761,-0.07862221449613571,-0.058799926191568375,-0.022667406126856804,0.015785228461027145,0.05619022622704506,0.08722660690546036,0.11114615947008133,-0.073060043156147,-0.053623467683792114,-0.021399877965450287,0.016268163919448853,0.04649212211370468,0.08580133318901062,0.1109597459435463,0.016221437181047845,0.015928691997397423,0.014769842395247083,4.933153254575699,1.0
2022-05-20,-0.0958867474341556,0.0,0.006592841108240366,0.006592841108240366,0.006237413023350559,0.004744530310620701,0.008544596766040378,0.00678076598670649,0.010372462949328675,0.00680125504732132,0.003211183082552282,0.00678076598670649,0.011740339512445339,0.02820863388478756,0.007956867461713608,0.00678076598670649,0.010040892675846002,0.002341427141800523,0.007619361117026523,0.00678076598670649,0.009313654483527941,0.0080939382314682,0.009057059380269933,0.00678076598670649,0.010255521992739703,0.00833346787840128,0.010862892263038828,0.00678076598670649,0.008214570406167071,0.012492929585278034,0.007138967991615979,0.00678076598670649,0.008844787488332792,0.012623507529497147,0.011072604061217114,0.00678076598670649,0.009466096448797668,0.019797418266534805,-0.08019927889108658,-0.05774097144603729,-0.020124224945902824,0.0054094744846224785,0.03824252635240555,0.08432752639055252,0.09947803616523743,-0.07289385050535202,-0.05296410992741585,-0.022953230887651443,0.0060397665947675705,0.03667701408267021,0.08463478833436966,0.10784430056810379,0.00892544001347967,0.008872428023634017,0.008124770187349216,4.948793715774136,1.0
2022-05-27,0.0463051309084123,0.0,0.006325270380975624,0.006325270380975624,0.006929104118028171,0.004776418581194277,0.008732786647013865,0.006504778047403097,0.010919712290124286,-0.011567361652851105,0.0021959447874674125,0.006504778047403097,0.009997242140243737,-0.013037712313234806,0.008031245440325761,0.006504778047403097,0.010913379260081953,-0.02186410501599312,0.007147756161978946,0.006504778047403097,0.009341727886693544,-0.020675053820014,0.00820832803244671,0.006504778047403097,0.010682337014320413,-0.014110909774899483,0.01083250626791523,0.006504778047403097,0.00903703215211064,-0.004817435517907143,0.01000822231865598,0.006504778047403097,0.007884236599241578,-0.0068798246793448925,0.00957372852848112,0.006504778047403097,0.0074239036249518445,-0.015602638013660908,-0.13801845908164978,-0.09215214103460312,-0.025975439697504044,0.0027555632404983044,0.03610077500343323,0.08309545367956161,0.10129751265048981,-0.12689106166362762,-0.09756776690483093,-0.027677657082676888,0.006941389292478561,0.03517352044582367,0.0834890678524971,0.11762452125549316,0.002673462697908448,0.0030123228865980506,0.0036474788329225356,4.935763731077173,1.0
2022-06-03,0.0312178270235472,0.0,0.006429384601099157,0.006429384601099157,0.006882680054665271,0.004791257609766255,0.00477902314036268,0.006611481406279798,0.007290720120456428,0.008972866460680962,-0.007039373724712542,0.006611481406279798,0.009304643707011097,0.0004295182297937572,0.003888706585948077,0.006611481406279798,0.007444270774911762,0.005260544829070568,0.0030525100842441885,0.006611481406279798,0.006419398515643089,0.005853747483342886,0.004554200252218404,0.006611481406279798,0.007413510843885279,0.01268579438328743,0.007376754333351478,0.006611481406279798,0.006200517869131181,0.00944369938224554,0.0028054694554358064,0.006611481406279798,0.006558062552334211,0.0022262954153120518,0.006678221431761493,0.006611481406279798,0.007639649893658396,0.008390320464968681,-0.08617013692855835,-0.07345917075872421,-0.025631895288825035,0.007754766382277012,0.03927188739180565,0.08582593500614166,0.1181708425283432,-0.0866854339838028,-0.07737142592668533,-0.033567845821380615,0.0019431205000728369,0.03732249140739441,0.08184307813644409,0.11873765289783478,0.006398356791184554,0.006402670902002798,0.006913522781944967,4.9788794177965245,1.0
2022-06-10,-0.0594022772075719,0.0,0.006493770165832789,0.006493770165832789,0.006106201175954794,0.004780658708025222,0.005072401888056735,0.006677273774240406,0.0044178588514777566,0.020670173689723015,-0.004209921724879782,0.006677273774240406,0.009425215655989212,0.00763351283967495,0.004610781588207398,0.006677273774240406,0.004585309276869775,0.017940672114491463,0.0035926313872256454,0.006677273774240406,0.0041614634685316,0.01901433616876602,0.004261228571234853,0.006677273774240406,0.005534893063782737,0.026818906888365746,0.007970575992162686,0.006677273774240406,0.0038635243805342813,0.021503334864974022,0.0036872365956034346,0.006677273774240406,0.005885877017636632,0.01586131565272808,0.008136102548612759,0.006677273774240406,0.007605476656178799,0.028703967109322548,-0.08558974415063858,-0.08248358964920044,-0.020210284739732742,0.024201761931180954,0.047360073775053024,0.07228046655654907,0.13263700902462006,-0.08593913167715073,-0.076762355864048,-0.021580448374152184,0.019849231466650963,0.047914911061525345,0.07323470711708069,0.09794372320175171,0.00974171983294462,0.009432342462423134,0.009209427050874477,4.91515482478652,1.0
2022-06-17,0.0062108218889003,0.0,0.006323055017197025,0.006323055017197025,0.006310141660360388,0.004839581445631286,0.0062602159196163435,0.006501061638288906,0.009123217313429379,-0.002789996098726988,0.0020870489484844266,0.006501061638288906,0.006951887228009272,-0.01655927672982216,0.005752826173799211,0.006501061638288906,0.009381143191430392,-0.001725648296996951,0.004783226098428252,0.006501061638288906,0.008473841112545507,-0.001930764177814126,0.006055189474043573,0.006501061638288906,0.009034104952681345,0.001742374966852367,0.008232683307907895,0.006501061638288906,0.008574680479936564,-0.0034740683622658253,0.008396036097714969,0.006501061638288906,0.0066418362355389025,-0.002996171358972788,0.00791370992836505,0.006501061638288906,0.006629052191681566,0.0033374589402228594,-0.08301159739494324,-0.07937683910131454,-0.024792369455099106,0.007923591881990433,0.03988330811262131,0.06914025545120239,0.08207457512617111,-0.08350818604230881,-0.07344026118516922,-0.03539092093706131,0.007912646047770977,0.03637239709496498,0.07081881165504456,0.09123215079307556,0.005159495032701342,0.0053568977225727475,0.00477362469315191,4.8163466735435625,1.0
2022-06-24,0.012786663960826,0.0,0.006322765009113571,0.006322765009113571,0.006885809012608454,0.00482868025388118,0.004474261521035574,0.00650028972406181,0.0076235499522184485,-0.008773759007453918,0.002703401204487453,0.00650028972406181,0.006627848368434894,-0.016502078622579575,0.004030927221134092,0.00650028972406181,0.00775322473098638,-0.006075008772313595,0.0034772200850736123,0.00650028972406181,0.006900871157392905,-0.007700568530708551,0.004721290327552577,0.00650028972406181,0.007588164540508712,-0.005511801224201918,0.006724361683309853,0.00650028972406181,0.006985219870671721,-0.007399652153253555,0.004299749473785069,0.00650028972406181,0.006172733195217545,-0.0074393595568835735,0.006063300216345761,0.00650028972406181,0.006732520633939898,-0.00718957232311368,-0.08528684079647064,-0.060660820454359055,-0.025894461199641228,-0.0009313820046372712,0.03912590816617012,0.07049424201250076,0.08433487266302109,-0.08459842950105667,-0.058898985385894775,-0.03130638599395752,-0.0028716742526739836,0.03606101870536804,0.0732879489660263,0.08530153334140778,0.002880639954992255,0.0032263884587017846,0.0024560855474654785,4.7727153975202325,1.0
2022-07-01,0.0254436540746878,0.0,0.006339424542494273,0.006339424542494273,0.0063249116785781614,0.004778075821338724,0.00873277857741566,0.006516964456785322,0.008935865934570675,0.0008795923786237836,0.004684420685417715,0.006516964456785322,0.006213923383990282,0.009659887291491032,0.008312642732545991,0.006516964456785322,0.009028532670736528,0.0010027927346527576,0.0077516082363577425,0.006516964456785322,0.008660302637906549,0.00024905806640163064,0.008705608772130034,0.006516964456785322,0.008921127675479278,0.004936193116009235,0.01114505939326152,0.006516964456785322,0.008506133969598002,0.004989250097423792,0.007216557543601256,0.006516964456785322,0.0077023969412500495,0.0008870583260431886,0.009779906267725003,0.006516964456785322,0.007351325590002931,0.00836062803864479,-0.07523084431886673,-0.05682484060525894,-0.025005515664815903,0.007790892384946346,0.03857904672622681,0.06920399516820908,0.08379305899143219,-0.07420031726360321,-0.05830632150173187,-0.029420046135783195,0.01044629979878664,0.03520863875746727,0.07264642417430878,0.08469494432210922,0.006775332064603426,0.0068843823106733044,0.00626630033684886,4.7403422541010904,1.0
2022-07-08,-0.0331443298379561,0.0,0.006388535672397085,0.006388535672397085,0.00628571383224681,0.004763727272456954,0.004552423593996279,0.006567035064240091,0.007047669560438385,-0.003482392057776451,-0.0030824845762826257,0.006567035064240091,0.006510363354038684,-0.017258156090974808,0.003693557684471707,0.006567035064240091,0.00763271205788507,-0.012084458954632282,0.003685317708517293,0.006567035064240091,0.0064561524462552556,-0.010810521431267262,0.005094701996756447,0.006567035064240091,0.00730229073095387,-0.002360954415053129,0.007665849316466049,0.006567035064240091,0.005721249764288041,-0.0005342187942005694,0.006682594166207891,0.006567035064240091,0.00766018585601934,-0.005728928372263908,0.006544481038517903,0.006567035064240091,0.00779263451623033,-0.0016664324793964624,-0.08747608214616776,-0.05769761651754379,-0.023425377905368805,0.0025649103336036205,0.03742316737771034,0.06854039430618286,0.08317123353481293,-0.08557534962892532,-0.05754338204860687,-0.024181829765439034,0.007136098574846983,0.034529607743024826,0.07208481431007385,0.0838882103562355,0.003422850967549839,0.003755890258088913,0.0036711840402245764,4.9678577642188015,1.0
2022-07-15,0.0308046001791009,0.0,0.006287169350575666,0.006287169350575666,0.00622897630643767,0.004720193007608801,0.0054061106433789955,0.006462255737321368,0.009693336966778895,-0.009281298145651817,0.0005549945413757086,0.006462255737321368,0.005993332395738829,-0.018046490848064423,0.005581316480921026,0.006462255737321368,0.010203198639318107,-0.002918068552389741,0.003173999893593968,0.006462255737321368,0.009286959195609356,-0.00962087232619524,0.0022615061507150957,0.006462255737321368,0.01013475351249259,-0.0201970674097538,0.0016574694098049356,0.006462255737321368,0.01051159604026319,-0.009304279461503029,-0.00338877211522265,0.006462255737321368,0.006193623027223137,-0.0106907207518816,-0.0004738250432262765,0.006462255737321368,0.006149948715194882,-0.00848852563649416,-0.0851106196641922,-0.055823493748903275,-0.02580088935792446,-0.00035692297387868166,0.03624355047941208,0.06842181086540222,0.08385876566171646,-0.08264459669589996,-0.059417568147182465,-0.029668651521205902,-0.0044583845883607864,0.03401659429073334,0.06759359687566757,0.09044638276100159,0.00161857392468325,0.002026360878359548,0.0030701013004568603,4.481483580488049,1.0
2022-07-22,-0.1124389430394048,0.0,0.006349873777247087,0.006349873777247087,0.006640494464758253,0.004707142753234152,0.004347904868928052,0.006526314538483946,0.007131007281850882,0.013527289032936096,-0.0036584752976583697,0.006526314538483946,0.005819644819158971,0.006379660218954086,0.003628641998315647,0.006526314538483946,0.006588273660503435,0.018284769728779793,0.005329175936944156,0.006526314538483946,0.006567227060842576,0.016324955970048904,0.008274256896962203,0.006526314538483946,0.006487700816732405,0.018492668867111206,0.007467037290293788,0.006526314538483946,0.005949459799307549,0.01998588815331459,0.010433021740194965,0.006526314538483946,0.008468051140378623,0.013624452985823154,0.009281305592682781,0.006526314538483946,0.007982564543096538,0.013296480290591717,-0.07493031024932861,-0.055050645023584366,-0.025153713300824165,0.00806177407503128,0.03612588346004486,0.06863639503717422,0.08238687366247177,-0.07192856073379517,-0.054554667323827744,-0.025403782725334167,0.011164532043039799,0.03420991450548172,0.07214947789907455,0.08056944608688354,0.00940099248761782,0.009138931932623884,0.007883128930549745,4.8291662311433905,1.0
2022-07-29,0.0290624264112189,0.0,0.00604684108128624,0.00604684108128624,0.0061173591684723205,0.0049452626709966035,0.007012964193612758,0.006214069767938306,0.011424728595563424,-0.006521488074213266,0.001941957081957847,0.006214069767938306,0.005196622551297721,-0.0008902620174922049,0.006180079280433865,0.006214069767938306,0.011378307088529764,-0.01297078374773264,0.0051763540531594016,0.006214069767938306,0.010986507761781946,-0.014207521453499794,0.004905720404024918,0.006214069767938306,0.011516788604173118,-0.006351083051413298,0.009104796688312471,0.006214069767938306,0.010439841283671984,-0.003434698563069105,0.008226172767959667,0.006214069767938306,0.009102021865770075,-0.005044582765549421,0.003188720935698373,0.006214069767938306,0.006124649101951568,-0.016248462721705437,-0.11771243810653687,-0.06754792481660843,-0.02705351449549198,-0.0005323800723999739,0.03208303451538086,0.06646799296140671,0.08937723934650421,-0.10052181780338287,-0.06846561282873154,-0.031181136146187782,0.009859965182840824,0.03355857729911804,0.06737038493156433,0.08701138943433762,0.003139885255838637,0.003623240898017588,0.004532568620725305,4.836703787475745,1.0
2022-08-05,0.0760883686984685,0.0,0.0061054049116423025,0.0061054049116423025,0.007407547285213359,0.004925218041315381,0.006077165107191796,0.006273882219884066,0.008175344116428045,0.002839132444933057,0.008562020393649547,0.006273882219884066,0.004433726185978821,0.02006174437701702,0.005656520763583075,0.006273882219884066,0.0070408908687652465,0.0009337397641502321,0.004787854107991912,0.006273882219884066,0.006976480112685803,0.0023085037246346474,0.005635909546723723,0.006273882219884066,0.008221343421096029,0.006651769857853651,0.0070357120722884525,0.006273882219884066,0.007528492036296391,0.007705098949372768,0.006051112707137096,0.006273882219884066,0.006244751787433875,0.005693205166608095,0.004182952098435642,0.006273882219884066,0.00582255767013379,-0.00439400365576148,-0.08481122553348541,-0.0772278681397438,-0.026341326534748077,0.007986395619809628,0.03458363190293312,0.06823781132698059,0.0818135067820549,-0.08359715342521667,-0.07170078903436661,-0.025074955075979233,0.009193233214318752,0.03354505077004433,0.07016856223344803,0.0812048390507698,0.005488591013280556,0.00559963826380354,0.005841380972109241,4.726219520861496,1.0
2022-08-12,0.0473508943502851,0.0,0.0062830266471418615,0.0062830266471418615,0.005805216391313127,0.004962345243028868,0.0045713158461513775,0.0064561654743973415,0.0023428272635042137,-0.011747237294912338,0.009979928147274265,0.0064561654743973415,0.005774182439546936,0.01870812475681305,0.003106267955929761,0.0064561654743973415,0.0014385797442034772,-0.01867593452334404,0.0034617328801903767,0.0064561654743973415,0.0017694833027907773,-0.02011621929705143,0.005193402759096541,0.0064561654743973415,0.002318763947843871,-0.013512814417481422,-0.00189566503189109,0.0064561654743973415,-0.0005415868620092931,-0.0049753752537071705,-0.0016571637049154573,0.0064561654743973415,0.006088451683397539,-0.017314046621322632,-0.004639471331966142,0.0064561654743973415,0.006005832425132211,-0.02211828902363777,-0.08265088498592377,-0.06074437499046326,-0.03571189194917679,0.008134331554174423,0.02809009701013565,0.06852060556411743,0.09641199558973312,-0.0839870497584343,-0.06864970177412033,-0.01682969368994236,0.011221139691770077,0.03268066421151161,0.07049281895160675,0.0866028368473053,-0.0015552941050982433,-0.000939906012371698,0.0004057678222851484,5.11610350048843,1.0
2022-08-19,0.097894886530705,0.0,0.006386995932466275,0.006386995932466275,0.0054397793900085424,0.004973193839906202,0.0044226893639906254,0.006562662164178297,0.0049896110736884925,-0.0010566734708845615,0.009930627983915863,0.006562662164178297,0.004634337821319457,0.0056174942292273045,0.0036873335128717335,0.006562662164178297,0.005114248495481701,-0.002227548975497484,0.0019145067015611302,0.006562662164178297,0.004847975399956332,-0.013272075913846493,0.0017647741610465374,0.006562662164178297,0.006210111586368574,-0.00038521431270055473,0.005035568450185674,0.006562662164178297,0.005436380190346011,0.005807169713079929,0.0027811347502175302,0.006562662164178297,0.0027292091902994973,-0.006782726384699345,0.0011455730061553935,0.006562662164178297,0.004696621366844328,-0.0039625451900064945,-0.07998882234096527,-0.05299549177289009,-0.021338585764169693,0.007885574363172054,0.03264601156115532,0.06842879951000214,0.10534834861755371,-0.07682844251394272,-0.06826912611722946,-0.012257889844477177,0.0074875568971037865,0.03955322876572609,0.06948670744895935,0.08906971663236618,0.0026631861971972413,0.0030093865542536275,0.003729572282743213,4.966233314892879,1.0
2022-08-26,-0.0818213180183811,0.0,0.006618076464280009,0.006618076464280009,0.005970753139201494,0.005105774465598701,0.0020500709309970444,0.006799888720974471,0.006594348526549257,-0.04441843554377556,0.009390445726137595,0.006799888720974471,0.005803437147536362,-0.030753955245018005,0.0017562218203915582,0.006799888720974471,0.0062296286715211695,-0.04027445986866951,0.0008205091290721927,0.006799888720974471,0.005691013498740884,-0.024902164936065674,0.00207194641398579,0.006799888720974471,0.005973618521858154,-0.04425142705440521,0.0021417043658593536,0.006799888720974471,0.006606661564756328,-0.03374530375003815,-0.001052427990533334,0.006799888720974471,0.004418886402305263,-0.03288128972053528,0.0013028933502031905,0.006799888720974471,0.006814046502109252,-0.041189759969711304,-0.12508252263069153,-0.12172901630401611,-0.05998193100094795,-0.013562563806772232,0.021475857123732567,0.07310251146554947,0.09694454073905945,-0.12241161614656448,-0.12180334329605103,-0.05589393526315689,-0.012220955453813076,0.03374854847788811,0.07309097051620483,0.09788376092910767,-0.005569598780137855,-0.004150759834574193,-0.007243531841313697,4.755531002168818,1.0
2022-09-02,-0.1479506213308505,0.0,0.006395307208656178,0.006395307208656178,0.005912193154089864,0.0051695247928443,0.002049684998269008,0.006570300102478731,0.005598986266474721,-0.0150678725913167,0.003941611856991584,0.006570300102478731,0.006087388397920643,0.016887368634343147,0.0017443446730339594,0.006570300102478731,0.005705830734778459,-0.010792644694447517,0.001356606958899967,0.006570300102478731,0.005411598839195991,-0.0142516465857625,0.0027763042534380555,0.006570300102478731,0.005740901452675461,-0.013339005410671234,0.0038530329866747694,0.006570300102478731,0.0055256609137847405,-0.013973082415759563,0.001477353946093907,0.006570300102478731,0.0052928853344331225,-0.012684257701039314,0.0015550762269863202,0.006570300102478731,0.0065354677025362155,-0.009788294322788715,-0.1219998300075531,-0.07316379249095917,-0.0356719046831131,0.0022355818655341864,0.034987058490514755,0.06411094218492508,0.09108391404151917,-0.09591028839349747,-0.0882747620344162,-0.03195630759000778,0.0008430382004007697,0.035275716334581375,0.07030094414949417,0.09101738780736923,0.0004819972294556043,0.0007091980928986923,-0.00021222530602356014,4.752507998134831,1.0
2022-09-09,-0.164431445719134,0.0,0.0060075033681046535,0.0060075033681046535,0.007538363234368837,0.00560746359333634,0.011048508782170834,0.006171021235725942,0.009521933570663492,-0.009416081011295319,0.003857837409950178,0.006171021235725942,0.005664779117317946,-0.011219489388167858,0.010699965612014127,0.006171021235725942,0.009343275093040511,-0.005905717611312866,0.009986352735447034,0.006171021235725942,0.009252796867015082,-0.015970362350344658,0.010838238864883377,0.006171021235725942,0.008983390475775826,-0.009038540534675121,0.012594689726610573,0.006171021235725942,0.008135550316574784,-0.01207992434501648,0.009655585392814494,0.006171021235725942,0.009695082733218754,-0.002479425398632884,0.006583786089865483,0.006171021235725942,0.006702672468966017,0.004353959579020739,-0.13837750256061554,-0.08907795697450638,-0.013026615604758263,0.007019967306405306,0.035683974623680115,0.08186347037553787,0.10897254198789597,-0.13734309375286102,-0.07543761283159256,-0.018002964556217194,0.01048777624964714,0.034559592604637146,0.08281706273555756,0.10553833097219467,0.004515729297067519,0.004429418192686323,0.004331345644316237,4.727290136472031,1.0
2022-09-16,0.1032851189591497,0.0,0.005580338082171724,0.005580338082171724,0.0066333348945473,0.006144680139153418,0.010265203507268473,0.005731324155945375,0.00607731788015962,0.023575369268655777,0.00017088113693310494,0.005731324155945375,0.0026700197618809303,0.015551157295703888,0.01034490819962064,0.005731324155945375,0.006302189107113042,0.023274606093764305,0.009694456138300995,0.005731324155945375,0.006369357233743949,0.01886715181171894,0.010061862071151737,0.005731324155945375,0.00834947002013374,0.02956933155655861,0.010559127413169703,0.005731324155945375,0.006217993026009687,0.02766617387533188,0.013353298775228336,0.005731324155945375,0.007482129027812723,0.03968295454978943,0.004404795787689249,0.005731324155945375,0.0031240029482821514,0.027132511138916016,-0.15000972151756287,-0.12392967939376831,-0.03277625888586044,0.018201865255832672,0.08937232941389084,0.1239585131406784,0.1323564201593399,-0.1514160931110382,-0.09991315752267838,-0.03620980307459831,0.022556541487574577,0.09099451452493668,0.11523715406656265,0.12918975949287415,0.012368510987916975,0.01265791879762776,0.01141230370300731,4.612094800862525,1.0
2022-09-23,-0.1079874408586132,0.0,0.005824600034364168,0.005824600034364168,0.003417332431060469,0.006326485107539392,0.020138389444893042,0.005982105119449756,0.009970836925237966,0.049845848232507706,0.012383250226060388,0.005982105119449756,0.004373410358373374,0.030638020485639572,0.01969174390993299,0.005982105119449756,0.010963484781915531,0.050343386828899384,0.019911088970122275,0.005982105119449756,0.009654480193842139,0.04778318107128143,0.020856982884843757,0.005982105119449756,0.009617357177442266,0.04982174560427666,0.021882265222614695,0.005982105119449756,0.009344618925059152,0.05452125892043114,0.017374250732236734,0.005982105119449756,0.009004980565315757,0.039807576686143875,0.017655438254714495,0.005982105119449756,0.005551052763801397,0.049240630120038986,-0.08859453350305557,-0.0774802640080452,-0.0315779484808445,0.02820524014532566,0.09661424905061722,0.1138099804520607,0.14166198670864105,-0.09185675531625748,-0.09048420935869217,-0.029497891664505005,0.022484229877591133,0.09255994856357574,0.1079675555229187,0.11291319131851196,0.020788256430400467,0.02159062855028524,0.02148429493052212,4.761972988589096,1.0
2022-09-30,0.0144908196022557,0.0,0.005540779483508862,0.005540779483508862,0.0060285157421350365,0.006504261221401271,0.017299404951951567,0.0056898755143778,0.009805084615614548,0.019420301541686058,0.016335966096180862,0.0056898755143778,0.0028162874277607537,0.040209125727415085,0.01620520589325427,0.0056898755143778,0.008673160057075725,0.017331458628177643,0.01652120482542436,0.0056898755143778,0.0074960862799118635,0.014564733020961285,0.01702004514681017,0.0056898755143778,0.009516871296677458,0.019010862335562706,0.018719505681348076,0.0056898755143778,0.006737491947940369,0.018105722963809967,0.02108344862809268,0.0056898755143778,0.008214565017431001,0.029493343085050583,0.0126593917330514,0.0056898755143778,0.0032609430930712136,0.002962966449558735,-0.1380908042192459,-0.10831909626722336,-0.03300753980875015,0.015363962389528751,0.09748690575361252,0.1176728680729866,0.12248120456933975,-0.14706501364707947,-0.10648420453071594,-0.034622278064489365,0.015100196935236454,0.06855229288339615,0.1218366026878357,0.12563738226890564,0.011738177465394845,0.011708666236781294,0.013053666655907493,4.98728233977138,1.0
2022-10-07,0.0456954587874554,0.0,0.00556304326489878,0.00556304326489878,0.006086046224029871,0.0065037876197132,0.01348963088644035,0.005712384322786695,0.008374077816817834,-0.0022692582570016384,0.011163091156914242,0.005712384322786695,0.004532910297599686,-0.0013251395430415869,0.012247140746549019,0.005712384322786695,0.008412090233101167,-0.002269741613417864,0.011155511570410732,0.005712384322786695,0.006647024344331657,-0.009309224784374237,0.012494355985043507,0.005712384322786695,0.00879391064727253,-0.0030610784888267517,0.014859777725634245,0.005712384322786695,0.007605459006319817,-0.002599061233922839,0.013594283153438573,0.005712384322786695,0.007448040490090109,0.00343080866150558,0.006202623094571796,0.005712384322786695,0.0037334514530100106,-0.008361601270735264,-0.0969434604048729,-0.08099215477705002,-0.034756243228912354,0.008386590518057346,0.03885329142212868,0.09247134625911713,0.10867484658956528,-0.10498978197574615,-0.0864541307091713,-0.036223653703927994,0.010916712693870068,0.040077514946460724,0.09158466011285782,0.11080162227153778,0.005220753152363415,0.005253625674900371,0.00632670869226081,4.981882610277249,1.0
2022-10-14,-0.0265483061239208,0.0,0.0056626274225229905,0.0056626274225229905,0.0055156975383101586,0.006463179066181059,0.015903715399757098,0.0058143819617271775,0.008495104223203511,0.02457168698310852,0.005313184026275072,0.0058143819617271775,0.004477736970341883,0.015333138406276703,0.01464465872321536,0.0058143819617271775,0.006787341015427806,0.016439875587821007,0.013621206491779248,0.0058143819617271775,0.004842690217944144,0.016047336161136627,0.015960087456931008,0.0058143819617271775,0.008212739924374563,0.020252050831913948,0.01715563487029202,0.0058143819617271775,0.006391224388978632,0.020150627940893173,0.017918380891102644,0.0058143819617271775,0.0059468671754671935,0.03676587715744972,0.00802203111473708,0.0058143819617271775,0.003935273333656581,0.01571437157690525,-0.09597782790660858,-0.07170933485031128,-0.03002152219414711,0.010286381468176842,0.05067739263176918,0.09506496042013168,0.1243634968996048,-0.0977538675069809,-0.06607255339622498,-0.025995906442403793,0.027942657470703125,0.056174393743276596,0.09340722858905792,0.124860018491745,0.011820606942932877,0.011761078387545629,0.013696222141949077,5.0404499851625495,1.0
2022-10-21,0.0102384980969505,0.0,0.005582897388992189,0.005582897388992189,0.005456438761297622,0.0064758296446023505,0.008046027028315104,0.005732034154893468,0.008617922856951623,0.013487246818840504,0.004201483029881373,0.005732034154893468,0.0047428824257875314,0.0009068498620763421,0.006655786916833952,0.005732034154893468,0.008396798802014471,0.0054903896525502205,0.005419268688191563,0.005732034154893468,0.0061026345028059575,0.004611806478351355,0.007685782741424376,0.005732034154893468,0.008478925167716577,0.005716576240956783,0.0092350845069217,0.005732034154893468,0.007577600810760881,0.013591333292424679,0.004895893932940634,0.005732034154893468,0.006151130695798972,0.009229468181729317,0.0003422274486817563,0.005732034154893468,0.0036087741891513993,0.0069067697040736675,-0.093645378947258,-0.08774343132972717,-0.027795225381851196,0.007834842428565025,0.04241437837481499,0.08151548355817795,0.10213020443916321,-0.09992194920778275,-0.07649620622396469,-0.032147616147994995,-3.0671657441416755e-05,0.037304554134607315,0.08247212320566177,0.10310747474431992,0.006437019036778712,0.006432095108841051,0.008970807714750175,5.070926379246851,1.0
2022-10-28,0.1669981146183188,0.0,0.005594392699382209,0.005594392699382209,0.005775017686595961,0.006467437398621995,0.004152597289294342,0.00574347188063473,0.006181523248504635,0.018676314502954483,-0.004313865189415259,0.00574347188063473,0.005444452324422851,0.0030374941416084766,0.003257675932497542,0.00574347188063473,0.005182551993278956,0.013335209339857101,0.0014455639722254603,0.00574347188063473,0.002847231604751825,0.015946095809340477,0.003605766164888143,0.00574347188063473,0.006657340585820486,0.021356964483857155,0.0046578334068645335,0.00574347188063473,0.0053578461151787705,0.014461238868534565,0.002453817453085604,0.00574347188063473,0.005382144384937596,0.018428487703204155,-0.004356684211554709,0.00574347188063473,0.0036368949458390996,0.006300876382738352,-0.08966584503650665,-0.07107473909854889,-0.026071518659591675,0.008271805942058563,0.03963159769773483,0.08990520983934402,0.10292216390371323,-0.09452459961175919,-0.08158383518457413,-0.026170680299401283,0.015920160338282585,0.041489336639642715,0.08492010831832886,0.10376802086830139,0.006850736925798062,0.0068042373702929225,0.008688476730347047,4.9124061461580935,1.0
2022-11-04,-0.0615793934367721,0.0,0.005991938812483038,0.005991938812483038,0.005567150654866816,0.006974550527902094,0.003857720354276893,0.006151711482502284,0.00695957286890486,0.010890102945268154,0.003944295658212676,0.006151711482502284,0.008347937219962255,0.007467279210686684,0.003206797658929902,0.006151711482502284,0.005379240266454612,0.009255063720047474,0.0022937646075484805,0.006151711482502284,0.006003726946887935,0.009429204277694225,0.004116891954884995,0.006151711482502284,0.0067611270156427445,0.010015645064413548,0.005439479178889968,0.006151711482502284,0.00732813889091501,0.007462507579475641,0.001482409777451052,0.006151711482502284,0.007647918305848157,0.020487841218709946,-0.0015498995958955738,0.006151711482502284,0.006549856245178953,0.0024085950572043657,-0.09108712524175644,-0.06652548909187317,-0.03494583070278168,0.008908798918128014,0.03898138925433159,0.08331777155399323,0.12239933013916016,-0.09368631988763809,-0.08118321001529694,-0.03345825523138046,0.006617491599172354,0.038729939609766006,0.08322198688983917,0.13038209080696106,0.006276190711053964,0.006338778764887573,0.006964776912738047,4.8692336525304,1.0
2022-11-11,-0.0068331409107802,0.0,0.005825915883123689,0.005825915883123689,0.005091884335993436,0.007060291932739967,0.023909470835912026,0.005980673338766743,0.0259816376845182,-0.006861128844320774,0.027468062961027346,0.005980673338766743,0.00533556025754349,-0.00146778195630759,0.023662356418993485,0.005980673338766743,0.01047842029199127,0.002246898366138339,0.023166114144253038,0.005980673338766743,0.0096825938764819,-0.0004625788133125752,0.024217146051900913,0.005980673338766743,0.021530914903192547,0.007434286177158356,0.025263073507241638,0.005980673338766743,0.010815466206767054,-0.0033158850856125355,0.022087237037919174,0.005980673338766743,0.005324670317165839,0.014821133576333523,0.018274125687862908,0.005980673338766743,0.00441645045861784,-0.0004117969947401434,-0.09132278710603714,-0.08927319198846817,-0.02278178185224533,0.0008532655774615705,0.044360581785440445,0.08813989907503128,0.11890347301959991,-0.09968867152929306,-0.09240791946649551,-0.029336854815483093,0.013859602622687817,0.04748690873384476,0.08543328940868378,0.11655248701572418,0.010629777756706376,0.010575344887727444,0.01225266325371905,4.78385801199628,1.0
2022-11-18,-0.0454531748255764,0.0,0.00579488878313863,0.00579488878313863,0.00664240552152456,0.00699696856215193,0.005294445429349078,0.005948396728566372,0.00857883480955477,-0.0033836718648672104,-0.0019770753380851814,0.005948396728566372,0.006663563513732439,0.0006567825912497938,0.004575704746544163,0.005948396728566372,0.006510206795659328,-0.0021403778810054064,0.0041518904824623,0.005948396728566372,0.006772424407310643,-0.008445506915450096,0.005519876788226492,0.005948396728566372,0.007071939620970056,-0.0013312334194779396,0.006536964027807099,0.005948396728566372,0.007298499968409559,-0.0002373838797211647,0.003843453808065807,0.005948396728566372,0.007843385355695036,-0.001062063965946436,-0.001439088392608077,0.005948396728566372,0.0055363919786622,-0.00734757911413908,-0.09133299440145493,-0.07024377584457397,-0.03593911603093147,0.00760946748778224,0.03922104090452194,0.07543037086725235,0.10361116379499435,-0.09320191293954849,-0.07720969617366791,-0.04040897265076637,0.009057233110070229,0.0327078141272068,0.07035750895738602,0.09762269258499146,0.003306161865952613,0.003327770762864736,0.004109501275650752,4.866519628655028,1.0
2022-11-25,0.0858953503882995,0.0,0.005669587894119767,0.005669587894119767,0.005942157834335782,0.006887721041146007,0.006342536001613818,0.0058192470512946565,0.006550534465182354,0.004653862211853266,-0.002586599932873231,0.0058192470512946565,0.005918830895658877,-0.031819071620702744,0.005632649239875338,0.0058192470512946565,0.0076001650145861264,0.0018648016266524792,0.004903522986940701,0.0058192470512946565,0.006374981315557487,0.001205358188599348,0.005946346088173137,0.0058192470512946565,0.0065872958661153036,-0.0030080408323556185,0.00752273012243109,0.0058192470512946565,0.007218601816871331,-0.00024419103283435106,0.0037827954065049857,0.0058192470512946565,0.007557087175823314,-0.006297333166003227,-0.002282753958914443,0.0058192470512946565,0.004873671540994353,-0.006189124193042517,-0.09598474204540253,-0.08588230609893799,-0.026467589661478996,0.0013871470000594854,0.03826790302991867,0.0864512100815773,0.1172778382897377,-0.10170116275548935,-0.08545035123825073,-0.03336325287818909,0.001649014768190682,0.030588753521442413,0.08398847281932831,0.12519530951976776,0.003665168563072616,0.003658330598133427,0.005841544932486024,4.834712056294663,1.0
2022-12-02,0.1080414824110835,0.0,0.005865260485568986,0.005865260485568986,0.0062407598932490305,0.006982539449725383,0.010286298750532614,0.006019939039607952,0.008621422495387662,0.0004903723020106554,-0.00029982228273693796,0.006019939039607952,0.005269271927265633,-0.0072181434370577335,0.010802643201775177,0.006019939039607952,0.0065759551319310066,0.005175738595426083,0.009434679167894302,0.006019939039607952,0.007104694042465861,0.0034467694349586964,0.009927667684934442,0.006019939039607952,0.008673352942954682,-0.001270080218091607,0.008089069902953938,0.006019939039607952,0.008318829443750255,0.002019121078774333,0.005538171464088533,0.006019939039607952,0.007807954116953904,-0.0027257020119577646,0.0023717326525074336,0.006019939039607952,0.006204401434707555,0.004933733027428389,-0.09095565229654312,-0.08732561022043228,-0.03133108839392662,0.008642635308206081,0.043534208089113235,0.08015531301498413,0.12413105368614197,-0.09260714054107666,-0.08581529557704926,-0.03333337604999542,0.00033144428743980825,0.037055544555187225,0.07781744003295898,0.10513297468423843,0.005772848555462622,0.0057714307423361,0.0063545081468847206,4.43050682611664,0.0
2022-12-09,-0.0028455997802812,0.0,0.006113864431859776,0.006113864431859776,0.004778318418741548,0.007102692242706412,0.00594167049911682,0.006274992898036642,0.005700729218487653,0.006181146018207073,-0.004106402669299248,0.006274992898036642,0.005990406341508028,0.011552058160305023,0.005868371989334146,0.006274992898036642,0.005652579846735682,0.010947746224701405,0.005734637623197477,0.006274992898036642,0.006055214420370841,0.0017840128857642412,0.006900511842824573,0.006274992898036642,0.0037721020084921196,0.007257894612848759,0.0071070562080295,0.006274992898036642,0.005980883974972468,0.006158923730254173,0.007310170517164201,0.006274992898036642,0.006966850743701547,0.011317276395857334,-0.00042669047223383924,0.006274992898036642,0.006513169194699413,0.0013802561443299055,-0.09481772035360336,-0.067268967628479,-0.03663880378007889,0.008715053088963032,0.0475594736635685,0.09282542765140533,0.11925605684518814,-0.08771619945764542,-0.062138721346855164,-0.023900171741843224,0.012581860646605492,0.04586770385503769,0.09066558629274368,0.1142517700791359,0.005997121886635991,0.006006873426572392,0.006024634658462047,4.491739066235641,0.0
2022-12-16,-0.0472639158236791,0.0,0.0060921181595002104,0.0060921181595002104,0.005233328731140874,0.007011816861837688,0.00430624445258356,0.006252248277891211,0.007097245155669575,0.01104434672743082,-0.005483671968494649,0.006252248277891211,0.005978097059421032,-0.0088959950953722,0.0037809008782847438,0.006252248277891211,0.006577413786885683,0.008518875576555729,0.0043065948077850805,0.006252248277891211,0.007225184814053109,0.0005945202428847551,0.004138117916051233,0.006252248277891211,0.006514706506016738,0.007946907542645931,0.005302633382549692,0.006252248277891211,0.006740482725355512,0.010363824665546417,0.003260065100575693,0.006252248277891211,0.007568955570237358,0.004223772790282965,-0.0014632281546358185,0.006252248277891211,0.0063244632644263435,-0.0022334016393870115,-0.089136503636837,-0.0639529600739479,-0.037653300911188126,0.007279956713318825,0.03915318101644516,0.08679451793432236,0.0996004119515419,-0.08438242226839066,-0.05167647451162338,-0.029712388291954994,0.0032536638900637627,0.036294326186180115,0.08630018681287766,0.09425172954797745,0.005300178310144225,0.005336135133945195,0.007175021153393791,4.715657369884281,0.0
2022-12-23,0.0371824923705013,0.0,0.0059629267939235045,0.0059629267939235045,0.0061750249820075095,0.0067203778895150125,0.00232368414823816,0.0061191234915688964,0.006561115200050602,-0.004117155447602272,-0.003784756538868954,0.0061191234915688964,0.006875079661184319,-0.019296912476420403,0.00221099629443305,0.0061191234915688964,0.006706918364981247,-0.0006114317802712321,0.0018308291116253608,0.0061191234915688964,0.006427472250714667,-0.004896638449281454,0.0016840902758610615,0.0061191234915688964,0.007319066090426118,-0.0013001791667193174,0.002799392968113881,0.0061191234915688964,0.007022962935004108,-0.0018035027896985412,-0.0027553829701455774,0.0061191234915688964,0.006467604464480943,-0.004512975923717022,-0.005857580991102406,0.0061191234915688964,0.006358745950989443,-0.003933699801564217,-0.08940692245960236,-0.07884880155324936,-0.039875686168670654,0.001127084600739181,0.039641864597797394,0.08617787063121796,0.1182800829410553,-0.09242379665374756,-0.06533237546682358,-0.03468873351812363,0.001149917719885707,0.03593715280294418,0.08673914521932602,0.12442999333143234,0.002494642824314312,0.002546481835292944,0.0027216918480638466,4.579090962475289,0.0
2022-12-30,-0.089684124434024,0.0,0.006038336372610891,0.006038336372610891,0.00643523590314557,0.006728486666709386,0.006122525749126505,0.006196203811367736,0.004760080533305393,0.020000696182250977,-0.0010948745591588451,0.006196203811367736,0.007432769555673213,0.00554562546312809,0.004975137085027757,0.006196203811367736,0.005696581254836938,0.014190783724188805,0.004980575578623059,0.006196203811367736,0.004242728113579271,0.012020320631563663,0.006179690702509865,0.006196203811367736,0.0033286899098061524,0.015175391919910908,0.0068170673474873475,0.006196203811367736,0.004068368107342167,0.026407945901155472,-0.000885325321885083,0.006196203811367736,0.004701867990897501,0.0057080406695604324,-0.000778532195960014,0.006196203811367736,0.00579455668253864,0.005500687286257744,-0.11625359952449799,-0.06713764369487762,-0.02505313977599144,0.02715526707470417,0.05002444609999657,0.08359786123037338,0.11812431365251541,-0.09843079745769501,-0.07182346284389496,-0.026018917560577393,0.017280684784054756,0.04034281522035599,0.08023104071617126,0.11644649505615234,0.006887574927318628,0.006882999920117726,0.009269876569012653,4.825028102591421,0.0
2023-01-06,-0.0497036795343417,0.0,0.00580767984054671,0.00580767984054671,0.005733520730249359,0.0068304236142792095,0.0017435209729845707,0.005958876266205875,0.004054481156984764,-0.015452544204890728,-0.0025078896682880136,0.005958876266205875,0.006466980518189503,-0.011539587751030922,0.0009761171216178324,0.005958876266205875,0.004791146090107752,-0.012890279293060303,0.0003718371860708678,0.005958876266205875,0.004278332206372108,-0.02011830545961857,0.0010522280241013551,0.005958876266205875,0.004827181401267809,-0.0012678417842835188,0.0025884317217707686,0.005958876266205875,0.0050571862897483225,0.006185599137097597,-0.001935793579600418,0.005958876266205875,0.006986954254624252,-0.01903911493718624,-0.007278066929518974,0.005958876266205875,0.006050883982872633,-0.014965524896979332,-0.09813904762268066,-0.09688254445791245,-0.047537654638290405,0.025096667930483818,0.050541698932647705,0.09094405174255371,0.12211355566978455,-0.1006908267736435,-0.09633307158946991,-0.04333311691880226,0.009067223407328129,0.041437387466430664,0.08877351135015488,0.1251215934753418,5.934283885996643e-05,0.0001709078278310655,-0.0009239164521788797,4.719868217334831,0.0
2023-01-13,0.0216047683119819,0.0,0.005674239072818614,0.005674239072818614,0.006916012164668736,0.0068089505323997886,0.0011986842783806547,0.005821437856821808,0.005044099303513066,-0.01152370311319828,-0.0007076272038670705,0.005821437856821808,0.006622062047153638,-0.00853448174893856,0.0009873411751411057,0.005821437856821808,0.006690548752698449,-0.004546061158180237,0.00024960225015921433,0.005821437856821808,0.0059343629268327714,-0.020259058102965355,0.0014994599390479417,0.005821437856821808,0.0004059527967779702,-0.007872315123677254,0.0018614291392746929,0.005821437856821808,0.005834634040326657,-0.003931643441319466,-0.0027059224979595993,0.005821437856821808,0.007268378429569454,-0.016245750710368156,-0.008684778603362104,0.005821437856821808,0.006189417613271959,-0.015077248215675354,-0.09542927891016006,-0.08978451788425446,-0.03518985956907272,0.01175021007657051,0.04746716842055321,0.09780267626047134,0.1547207534313202,-0.09505783766508102,-0.08764569461345673,-0.0579543299973011,0.008369346149265766,0.03434648737311363,0.09328807890415192,0.10846037417650223,-0.00031137598539485254,-0.0002760294256892921,0.0001351295813793122,4.617185194459124,0.0
2023-01-20,0.0676102234962021,0.0,0.0057124417808262,0.0057124417808262,0.0061396621877928565,0.0067915189895877675,0.010550151798187968,0.005860313054987226,0.006931886940629401,0.007023926824331284,0.017265163054452737,0.005860313054987226,0.005865629073208769,0.017887108027935028,0.010733245308800687,0.005860313054987226,0.006883331671531389,0.009093306958675385,0.010517091056658462,0.005860313054987226,0.006649904632685533,0.004036664962768555,0.010907210379641593,0.005860313054987226,0.006975674740586843,0.0077232178300619125,0.011498091884554015,0.005860313054987226,0.007227056601549723,0.005841111298650503,0.008858661807978105,0.005860313054987226,0.007490718545226075,0.0028738833498209715,0.00306341976317493,0.005860313054987226,0.005782288591288227,0.0011545552406460047,-0.09053906053304672,-0.07370166480541229,-0.02510192058980465,0.009527373127639294,0.03490445017814636,0.09202452749013901,0.10487967729568481,-0.08973521739244461,-0.07531039416790009,-0.03464743122458458,0.0025687082670629025,0.03279773145914078,0.08822529017925262,0.09747623652219772,0.006769638039759262,0.006781164029244846,0.00759156965453397,4.55601803595293,0.0
2023-01-27,0.0512085450337131,0.0,0.0058605225983271,0.0058605225983271,0.005572299347869968,0.006864787211306177,0.012238366450842562,0.006012032736660973,0.008477116205723431,0.00013891857815906405,0.02588367472731866,0.006012032736660973,0.006341896933135566,0.02304779924452305,0.011979411424193134,0.006012032736660973,0.00818228149423424,0.004683681298047304,0.012050282385255656,0.006012032736660973,0.007585768337185904,0.0020965083967894316,0.012320138895910632,0.006012032736660973,0.007896528688126812,0.005175151862204075,0.01343605694962443,0.006012032736660973,0.007603210230462695,0.003646901110187173,0.010957851496692875,0.006012032736660973,0.007290894642344237,0.008228370919823647,0.005741652463501707,0.006012032736660973,0.005869563155394257,-0.002314840443432331,-0.08998125791549683,-0.07686203718185425,-0.025897275656461716,0.009720180183649063,0.04223645478487015,0.07479508221149445,0.09769151359796524,-0.08714014291763306,-0.07640606164932251,-0.03356614708900452,0.010467909276485443,0.03979972377419472,0.07443471252918243,0.09787116944789886,0.007020900405271321,0.007062842251074561,0.006716608492846507,4.628785602050838,0.0
2023-02-03,0.044541775622787,0.0,0.005968751768817281,0.005968751768817281,0.005348225050233973,0.006857595176365319,0.006291226943988919,0.006122808502094923,0.005135697794215093,0.008831102401018143,0.014339301033736415,0.006122808502094923,0.007432910450012847,0.02093249000608921,0.006335622383386568,0.006122808502094923,0.005047954755986898,0.016065048053860664,0.006062775869887504,0.006122808502094923,0.004946060789025559,0.01383098866790533,0.006127740439681329,0.006122808502094923,0.005336844096329996,0.022612158209085464,0.0072469597315277705,0.006122808502094923,0.005876182198920957,0.02069578319787979,-0.00024787854513860265,0.006122808502094923,0.006235450552600146,0.010418937541544437,-0.0002530877522247165,0.006122808502094923,0.006462500590454093,0.02189917117357254,-0.08722106367349625,-0.06728313863277435,-0.024719299748539925,0.009512516669929028,0.04459921270608902,0.07436926662921906,0.09589754790067673,-0.08627580106258392,-0.07627884298563004,-0.030350998044013977,0.0018057735869660974,0.037046436220407486,0.07045082747936249,0.09818340092897415,0.008393169290285636,0.008271089164731541,0.006595208910329269,4.528440659929116,0.0
2023-02-10,-0.005073353773664,0.0,0.006060592301802924,0.006060592301802924,0.005668878476814577,0.006777938688547207,0.01056983035285345,0.006216742407035491,0.010422943345875749,0.008521776646375656,0.016286539311397483,0.006216742407035491,0.006525022899135155,0.028971944004297256,0.00999166989601337,0.006216742407035491,0.00808700104515207,0.005175998900085688,0.010412910671135308,0.006216742407035491,0.005288871931941646,0.004866596776992083,0.010731735209457005,0.006216742407035491,0.011677538068685983,0.003600250231102109,0.0115312846194862,0.006216742407035491,0.006705961067851611,0.0069601028226315975,0.010555680464782773,0.006216742407035491,0.006155169991998752,0.008891955018043518,0.006423787920036605,0.006216742407035491,0.0053520785758793795,0.0027059230487793684,-0.08135925233364105,-0.052235741168260574,-0.040679242461919785,0.008340432308614254,0.046449072659015656,0.06969160586595535,0.07944054901599884,-0.08092299848794937,-0.05356145277619362,-0.03199201077222824,0.013877160847187042,0.049367524683475494,0.0719764307141304,0.08080233633518219,0.007183957112594501,0.0072056598633125175,0.008932823188035087,4.735288233757279,0.0
2023-02-17,0.0314549521678868,0.0,0.006034145874070223,0.006034145874070223,0.005845252206984877,0.00675195991327068,0.004101069461432831,0.006189205587082565,0.004989852194585637,0.017940642312169075,6.823692745695515e-05,0.00042338412884013795,0.007383854938657242,0.005910350475460291,0.002872164043293353,0.006189205587082565,0.0049591827840124985,0.01867499388754368,0.00282124852536761,0.006189205587082565,0.004651724920484261,0.015558525919914246,0.0031265900781232707,0.006189205587082565,0.004975835890058365,0.01596086099743843,0.004992159510790965,0.006189205587082565,0.004828456690166367,0.017437923699617386,0.002353041527228263,0.004375548152421932,0.006360348201712435,0.012656426057219505,-0.0028304369458208188,0.006189205587082565,0.005741208084615128,0.009156585671007633,-0.07298095524311066,-0.04140085726976395,-0.029529994353652,0.007965409196913242,0.04193008318543434,0.0707964301109314,0.07906490564346313,-0.07391448318958282,-0.04391711577773094,-0.03115634061396122,0.010781371034681797,0.04656647890806198,0.07013218849897385,0.08099661767482758,0.007067433984608639,0.007020510988625702,0.008305192388817526,4.863187622040395,0.0
2023-02-24,0.0155223188872941,0.0,0.006094384751543722,0.006094384751543722,0.006100009616286272,0.00674383560774762,0.006593761749641852,0.006250679423045593,0.008009176107967888,0.021823493763804436,-0.005032544239639714,-0.0014239258842966484,0.006560463447316744,0.003703847760334611,0.006169900099132802,0.006250679423045593,0.007856117147114563,0.02463926002383232,0.005279758661608291,0.006250679423045593,0.0070481479129481765,0.020746057853102684,0.006296485517515861,0.006250679423045593,0.00816655691998707,0.022447494789958,0.007217949532687586,0.006250679423045593,0.008456066519253826,0.023785706609487534,0.003949523526745163,0.004952978910241103,0.008048431676642926,0.014525712467730045,-0.00016811978521089153,0.006250679423045593,0.007191961429938782,0.017202379181981087,-0.07269483804702759,-0.05624591186642647,-0.030108043923974037,0.008336227387189865,0.0437467098236084,0.07617887109518051,0.09984754770994186,-0.07518359273672104,-0.057069405913352966,-0.029760487377643585,0.009924524463713169,0.04363635182380676,0.0751105323433876,0.09518083184957504,0.00979440692124687,0.00976849571009751,0.010669277761114943,4.644108833765457,0.0
2023-03-03,-0.0599984332736793,0.0,0.006116673011911925,0.006116673011911925,0.005942266974717752,0.006742858655068695,0.005583199024062179,0.00627318340232775,0.005514919792251059,0.01237726304680109,-0.004020927229440157,0.0004480316951887102,0.007155801005053012,-0.006366699002683163,0.004402574107590419,0.00627318340232775,0.005576307692185154,0.012154098600149155,0.004337536091710132,0.00627318340232775,0.005344066018881547,0.006859479937702417,0.0057414578183716015,0.00627318340232775,0.004873897294262086,0.014807573519647121,0.006204742514165654,0.00627318340232775,0.004964382242590686,0.012111376039683819,0.005157363892608823,0.005532215253691644,0.005855642064429902,0.010438456200063229,0.0008062464560056022,0.00627318340232775,0.005718666670013691,0.003480380168184638,-0.08560376614332199,-0.043042708188295364,-0.023241562768816948,0.006458859425038099,0.04301378130912781,0.07014641910791397,0.0773187056183815,-0.08738680928945541,-0.046476203948259354,-0.024813111871480942,0.012465829029679298,0.04339978098869324,0.07079967856407166,0.0801505371928215,0.006488849149732336,0.006487330348090032,0.00743714131636052,4.86990222370687,0.0
2023-03-10,0.0812913784321693,0.0,0.005960741157464777,0.005960741157464777,0.006062062829504166,0.005011594020698326,0.007163498323456958,0.006112719439431849,0.011744145435305699,0.014101097360253334,0.0012757154542310392,0.006387332455868546,0.004366088532242631,0.017812900245189667,0.005805717234404699,0.006112719439431849,0.010458784230163248,0.012029026634991169,0.0049823219293348535,0.006112719439431849,0.007362772777678142,0.0117376409471035,0.006385818735456517,0.006112719439431849,0.01388539988414985,0.01755503937602043,0.008407257638785089,0.006112719439431849,0.010368834790655364,0.0163157619535923,-0.000626393881319901,0.0037995966169355657,0.006885426797462336,0.005145271308720112,-0.0006129792381527888,0.006112719439431849,0.0061415976894770895,0.011956628412008286,-0.07652664929628372,-0.04913434758782387,-0.017173398286104202,0.005234610289335251,0.04137761890888214,0.06989743560552597,0.09153222292661667,-0.07994068413972855,-0.062355976551771164,-0.012797597795724869,0.009562239050865173,0.037970006465911865,0.06649500876665115,0.08985716104507446,0.00785613004310938,0.007825734941133401,0.00978036513961196,4.729958386115587,0.0
2023-03-17,-0.1236221091934766,0.0,0.006137989715758198,0.006137989715758198,0.006373598358926759,0.004633562563634822,0.007265246162269384,0.006294310403182422,0.005219451958703063,0.02577376365661621,-0.0016674287493416038,0.003359061853618813,0.007128131646222667,0.012653918005526066,0.006383356865339396,0.006294310403182422,0.0051757973658979,0.0232914537191391,0.005869068128690187,0.006294310403182422,0.004898939300363702,0.01669975556433201,0.007323865651245382,0.006294310403182422,0.004816744061337173,0.023114338517189026,0.00879311302031474,0.006294310403182422,0.005484731417007382,0.024442311376333237,0.009793758613144557,0.0078664569453775,0.006761408620110144,0.023197676986455917,0.0015168966781461029,0.006294310403182422,0.0063910838880584155,0.01569514162838459,-0.07177790254354477,-0.055046938359737396,-0.024289634078741074,0.00963524542748928,0.041816361248493195,0.0768999457359314,0.09881236404180527,-0.07358403503894806,-0.05802006274461746,-0.026356788352131844,0.01261446438729763,0.04665393754839897,0.07700112462043762,0.09686843305826187,0.00995781043178244,0.009942115198898014,0.01113819304519277,4.7590506568816595,0.0
2023-03-24,-0.0019886536354389,0.0,0.00583338854460976,0.00583338854460976,0.005451400064629145,0.004930557432457277,0.011810304185294933,0.005981258789696497,0.010457466377408008,0.01159974467009306,0.013786390145426741,0.01884216874138133,0.006678380959931448,0.01209927350282669,0.011549404593617543,0.005981258789696497,0.010525343486486878,0.014467830769717693,0.010967541309791828,0.005981258789696497,0.010192635744964821,0.008204606361687183,0.011894420597830664,0.005981258789696497,0.010707120263979467,0.01588628813624382,0.012798511970765657,0.005981258789696497,0.010559957677355222,0.01236973237246275,0.009737499204806526,0.006618566984431739,0.009107792327988983,0.013818519189953804,0.0037075862736724733,0.005981258789696497,0.007259648562176162,0.009041030891239643,-0.1079351156949997,-0.07714048027992249,-0.02305401675403118,0.005367680918425322,0.04217365011572838,0.08395887166261673,0.09038866311311722,-0.10242193192243576,-0.08041312545537949,-0.03044501692056656,0.008233440108597279,0.0396801233291626,0.08501189202070236,0.09288637340068817,0.009555013777818974,0.009497231525814545,0.009962193505623124,4.637955508512937,0.0
2023-03-31,0.0717213861401555,0.0,0.005815069944656486,0.005815069944656486,0.007752949339737706,0.00493026975145862,0.011722278686850874,0.005962100346366844,0.0064171381862135335,0.002435490721836686,0.018472164088928506,0.019934177951906364,0.007256548566666584,-0.002415762282907963,0.012056828641159877,0.005962100346366844,0.0065172291111003965,0.006902197375893593,0.01147525370066853,0.005962100346366844,0.006325357336899039,0.007327738218009472,0.012185819744613111,0.005962100346366844,0.006540892456171127,0.009963794611394405,0.012361244479983392,0.005962100346366844,0.007408091299980912,0.004900358617305756,0.013021645661499307,0.008425824689397898,0.007935886619543498,0.008947945199906826,0.004143268123120168,0.005962100346366844,0.006948906129149753,0.004025224596261978,-0.10840952396392822,-0.060175783932209015,-0.022828038781881332,0.0016584884142503142,0.04102657362818718,0.07224415987730026,0.0898636132478714,-0.09290508180856705,-0.06676607578992844,-0.028021838515996933,0.01046882662922144,0.044704049825668335,0.07298599183559418,0.09348534047603607,0.007801000347662218,0.007800031243586418,0.006634251985316984,4.502345901400284,0.0
2023-04-07,0.0530628449752113,0.0,0.005969056664739426,0.005969056664739426,0.005926770448561288,0.00502268931380756,0.00989844487215292,0.006119796475368735,0.008479669441368104,0.01807241700589657,0.015273622203350923,0.017382569448233288,0.007420135195916087,0.008252384141087532,0.010069728340687253,0.006119796475368735,0.008306412108334934,0.019734293222427368,0.009930554824587186,0.006119796475368735,0.008410866955871028,0.016559217125177383,0.01020953050995436,0.006119796475368735,0.00794561576820289,0.0235652606934309,0.011290313857860822,0.006119796475368735,0.008299386141860793,0.02159588411450386,0.010656969043679618,0.006897072146863155,0.007878846602207857,0.021283449605107307,0.00325870715862966,0.006119796475368735,0.006781228158275282,0.01606646738946438,-0.0999913439154625,-0.057525455951690674,-0.025513235479593277,0.008983849547803402,0.044056471437215805,0.07662023603916168,0.0949094370007515,-0.08793684095144272,-0.06229032576084137,-0.02691115252673626,0.012999005615711212,0.04424457997083664,0.07588759809732437,0.09320118278265,0.010805782755998737,0.010630996884425797,0.010642581948696581,4.500878561351231,0.0
2023-04-14,-0.0276660210391943,0.0,0.0060788323950668665,0.0060788323950668665,0.0050250872354082035,0.005064809081180168,0.015450981587606551,0.006232100419148262,0.0057456480289435705,0.02450649067759514,0.021615838796944738,0.013461279779298861,0.007244503104091075,0.010340046137571335,0.014734856043582377,0.006232100419148262,0.005265917139519219,0.024175412952899933,0.015113375467092509,0.006232100419148262,0.005470841745203214,0.018957532942295074,0.015026054600762645,0.006232100419148262,0.006731646813400207,0.025047767907381058,0.015700440793213016,0.006232100419148262,0.005175982622947391,0.022377977147698402,0.016170748617765594,0.007386300850388895,0.005756526436220993,0.016184687614440918,0.010067930099018421,0.006232100419148262,0.005405476177213408,0.013364910148084164,-0.07517534494400024,-0.057396091520786285,-0.011362450197339058,0.016526345163583755,0.047659557312726974,0.07690645754337311,0.09540976583957672,-0.07881907373666763,-0.06224748492240906,-0.009629672393202782,0.020907463505864143,0.04773224890232086,0.07474760711193085,0.0934053435921669,0.01163645367561953,0.01152988693381614,0.01298380517832338,4.68814324176282,0.0
2023-04-21,-0.0462114072286832,0.0,0.006000355991731376,0.006000355991731376,0.005490137117990454,0.005082889531505212,0.0033344108002998454,0.006151197981300189,0.007444741040178307,0.010908553376793861,0.00827640911247623,0.010133670387915503,0.008184397257382412,0.009141135960817337,0.003047894363087808,0.006151197981300189,0.0073663270328169885,0.016003787517547607,0.0029310737567301774,0.006151197981300189,0.007049297239318736,0.008824498392641544,0.0030053707649715664,0.006151197981300189,0.00774895784808396,0.01789664849638939,0.004538996657288706,0.006151197981300189,0.007630386013283968,0.018938586115837097,0.004960928971755196,0.006222456599566191,0.008081909457582324,0.015039950609207153,-0.00425145609945398,0.006151197981300189,0.006947172820074389,0.014520403929054737,-0.08150091022253036,-0.05025259405374527,-0.03352513536810875,0.007362644653767347,0.043608956038951874,0.07288950681686401,0.07629768550395966,-0.07727175205945969,-0.0543699711561203,-0.03435121849179268,0.00949249230325222,0.0446038581430912,0.07242289185523987,0.07964172214269638,0.007802465849678521,0.00767215715888492,0.0069597257996430505,4.619122908852076,0.0
2023-04-28,-0.0249012922747704,0.0,0.005879215009781457,0.005879215009781457,0.006455203653365545,0.004914076544078701,0.005519776035876002,0.00602652511175261,0.006436176126356604,0.0018732432508841157,0.012982436761899554,0.012328119634267228,0.007979217311046918,0.013292387127876282,0.0052242408409485415,0.00602652511175261,0.006431989216655983,0.005546762142330408,0.005044152759818329,0.00602652511175261,0.006188805586492458,0.006812296807765961,0.005600357278119023,0.00602652511175261,0.006159386293865797,0.0008925764122977853,0.006597860054950512,0.00602652511175261,0.006577638600228754,-0.001904516713693738,0.0019546609972238595,0.003920939926591113,0.006663869585726251,0.00042662720079533756,-0.0021650133461732753,0.00602652511175261,0.006500969490451353,-0.0064572980627417564,-0.08546856790781021,-0.04919295012950897,-0.025811776518821716,0.0051667345687747,0.04678063839673996,0.07337772846221924,0.07609590142965317,-0.08059071004390717,-0.05884622037410736,-0.02996046096086502,0.0027794355992227793,0.03969278559088707,0.07323212176561356,0.07962064445018768,0.004172872109600656,0.004258899672935683,0.004963930131217333,4.635571274108121,0.0
2023-05-05,-0.0311710538736145,0.0,0.005807963835511663,0.005807963835511663,0.0065284749895073045,0.004872793226735623,0.012083691548154998,0.005953062362615976,0.008973327085413629,0.021356195211410522,0.015423115450956718,0.01406088673217956,0.00716240774254996,0.00862956140190363,0.011236306250592316,0.005953062362615976,0.008900573079386988,0.013547444716095924,0.01126045871047418,0.005953062362615976,0.008499172040929991,0.012432887218892574,0.011699719926134392,0.005953062362615976,0.008643971467932417,0.015658408403396606,0.012555071992900887,0.005953062362615976,0.007927424093794763,0.01494633499532938,0.005095196994930872,0.004090401856963586,0.0064408394022111215,-0.0010909148259088397,0.003716099597902588,0.005953062362615976,0.0060506051914413226,0.0046770707704126835,-0.08080779761075974,-0.06793677806854248,-0.02598859742283821,0.009561368264257908,0.046289823949337006,0.07655053585767746,0.09914791584014893,-0.08744364231824875,-0.07055945694446564,-0.028850479051470757,0.001449699280783534,0.03905956819653511,0.07416968047618866,0.09389108419418335,0.008168849320703902,0.008125567047538113,0.012091569051898782,4.748756463529942,0.0
2023-05-12,0.0456689859179197,0.0,0.00572256194703793,0.00572256194703793,0.006162245132506846,0.004764951369611797,0.011453122215876032,0.005865090523193628,0.0031794776603989447,0.01343064196407795,0.016786092058515407,0.013364789507553956,0.007050955727563907,0.007537146098911762,0.011765576308761943,0.005865090523193628,0.0033482405175213805,0.013315139338374138,0.011292031378342763,0.005865090523193628,0.0033557957121718154,0.010780907236039639,0.011625932991759243,0.005865090523193628,0.0037811767648241196,0.01790613867342472,0.011606453960303683,0.005865090523193628,0.00520836036986241,0.011804216541349888,0.006726490156512497,0.006005936524148145,0.006029652245287827,-0.000982846599072218,0.0063604254703899295,0.005865090523193628,0.006786130996556057,0.012168916873633862,-0.07690984755754471,-0.06438398361206055,-0.024530792608857155,0.009481950663030148,0.04070413485169411,0.07305547595024109,0.07865897566080093,-0.08195272833108902,-0.06436550617218018,-0.030099349096417427,0.00440187519416213,0.03430568426847458,0.07420770823955536,0.08078724145889282,0.00784208866984,0.007755077074423447,0.008482083090886638,4.536263629979131,0.0
2023-05-19,0.0056066529465415,0.0,0.005814604398583741,0.005814604398583741,0.006123380135756656,0.004784878386327186,0.011860947210122853,0.005959189566679978,0.009674428217474326,0.003679177025333047,0.0071431770361068386,0.00968595293619676,0.0065540528082437535,-0.002293434925377369,0.01176710563104632,0.005959189566679978,0.009552172474117021,0.004460119642317295,0.011668799288057734,0.005959189566679978,0.00925213192999667,0.00423121452331543,0.012206469802607402,0.005959189566679978,0.009069855520150395,0.002786113880574703,0.012537594931149879,0.005959189566679978,0.008752840398329608,-0.0006176794995553792,0.011351622638283548,0.007154464894043177,0.007220075804974271,0.005073792766779661,0.00799952199258367,0.005959189566679978,0.006351006011667549,0.003878677496686578,-0.07948148995637894,-0.07235065847635269,-0.030532434582710266,0.007513001095503569,0.043395545333623886,0.07038670778274536,0.09377855062484741,-0.08481371402740479,-0.07522588968276978,-0.03185254707932472,0.009053858928382397,0.042862098664045334,0.07110680639743805,0.09096083045005798,0.007270493665021892,0.00735872269532937,0.007793435504902551,4.6111211047222325,0.0
2023-05-26,-0.0730505488150932,0.0,0.005814126349268701,0.005814126349268701,0.0053510438092907375,0.004604479710339816,0.008122521050763921,0.005958358112387199,0.0003490831534017462,0.014258082956075668,-0.001128573481181715,-0.0026708336023938944,0.006703956566988872,0.002709768945351243,0.0070911149548699825,0.005958358112387199,0.0004459007951342596,0.004907272290438414,0.007237283364536532,0.005958358112387199,0.00017570166870489994,0.001998673193156719,0.0074476900298511475,0.005958358112387199,-9.846350993373935e-05,0.015282372012734413,0.008222164547872151,0.005958358112387199,0.0011200203595955706,0.009695854969322681,0.0037954422926790164,0.0054347288710018815,0.0052051708304581,0.004085369873791933,0.0024818775841092076,0.005958358112387199,0.005875235978617279,0.005830432754009962,-0.07582826912403107,-0.05683301016688347,-0.026200205087661743,0.008077921345829964,0.044418904930353165,0.07032933086156845,0.09344331920146942,-0.0781186893582344,-0.060292940586805344,-0.02871718257665634,0.0012464530300348997,0.03576036915183067,0.069583959877491,0.09249158948659897,0.005251068059286934,0.005206254043320403,0.007172011318157133,4.753205067427084,0.0
2023-06-02,-0.0570522781347362,0.0,0.005633244066781632,0.005633244066781632,0.005818014441953551,0.00467000787051891,0.009563560086309273,0.005772454801969598,0.012030597773914714,-0.0041069574654102325,0.003020231356772295,0.006077904380439016,0.006502894535725761,-0.023015901446342468,0.009445149616077687,0.005772454801969598,0.011912279985895696,-0.0025012025143951178,0.009080587549470408,0.005772454801969598,0.01156238285622438,-0.0046716961078345776,0.009541150440871535,0.005772454801969598,0.012412007138690291,0.0021559731103479862,0.01005387346786056,0.005772454801969598,0.011822610120611574,0.003089112928137183,0.0078069121159196385,0.006369896617397751,0.00884715227512263,0.0013444877695292234,0.0038698509263581033,0.005772454801969598,0.006999489565509215,0.003802746068686247,-0.07661505788564682,-0.06407860666513443,-0.029726818203926086,0.0066103339195251465,0.03961535543203354,0.06556298583745956,0.07615408301353455,-0.0848114863038063,-0.060284730046987534,-0.03334430232644081,0.009467762894928455,0.04314754158258438,0.06861475855112076,0.0787496492266655,0.00632520991418035,0.006433274443263306,0.005814913799195838,4.610101587244133,0.0
2023-06-09,0.0926205102177037,0.0,0.005489798935885711,0.005489798935885711,0.0065511622833943906,0.004710145397409724,0.01731692249265612,0.005624978903057143,0.0050602289296466495,-0.009892436675727367,0.009418695868751586,0.0021726763620690424,0.005627746588985944,-0.01775147020816803,0.0165729712385073,0.005624978903057143,0.004607941161194753,-0.017034929245710373,0.016583940817725427,0.005624978903057143,0.00376703758977915,-0.015727873891592026,0.017317681332494072,0.005624978903057143,0.00602822348944145,-0.017136843875050545,0.01685643588784326,0.005624978903057143,0.004207592538334689,-0.020519016310572624,0.01659374175355216,0.007382976567910859,0.005744006614477976,-0.00822096411138773,0.012013167570891775,0.005624978903057143,0.004870264801458432,-0.02151709981262684,-0.09943103790283203,-0.06588920205831528,-0.02906002104282379,0.001164314686320722,0.04526830092072487,0.07112260162830353,0.07574360072612762,-0.10769325494766235,-0.06951265782117844,-0.030229642987251282,0.0037784306332468987,0.048487115651369095,0.0697115808725357,0.07924453914165497,0.00252142285966487,0.0026822920072078326,0.004527423412408136,4.751158279598296,0.0
2023-06-16,0.0649447539145358,0.0,0.00568872750045607,0.00568872750045607,0.00603997807792991,0.004810075872473434,0.010006075875625065,0.005828715510351397,0.009413709962372755,0.0013626425061374903,0.008320049598599381,0.010717396349902613,0.006452118547525484,-0.000781416310928762,0.009580792422286273,0.005828715510351397,0.009083718971867452,0.0015201775822788477,0.009108439125490322,0.005828715510351397,0.008389941156502354,-0.0007447777315974236,0.009738247490696166,0.005828715510351397,0.009723764595294528,0.007269721012562513,0.010518291632855687,0.005828715510351397,0.008770033893743423,0.006424025632441044,0.005721124705751923,0.005701451126290471,0.007419935215584843,0.0037173631135374308,0.0033377734033977523,0.005828715510351397,0.006774190639698478,0.006313493009656668,-0.09757892787456512,-0.06735113263130188,-0.031286515295505524,0.0074697136878967285,0.04146736115217209,0.06346102058887482,0.09515594691038132,-0.0850118100643158,-0.06985273212194443,-0.03713764622807503,0.0038363016210496426,0.041509732604026794,0.06715631484985352,0.09025957435369492,0.006562970189587323,0.006636890279147925,0.006652785963621677,4.626534955886384,0.0
2023-06-23,-0.0487085748086393,0.0,0.005823707059485865,0.005823707059485865,0.004657760129368467,0.004886956269518353,0.008239648570457352,0.005966837095407903,0.005388127506884322,0.01961902715265751,0.005585044687990891,0.0033689053286019626,0.006005544838987576,0.013126415200531483,0.008233035282110366,0.005966837095407903,0.005458840536811718,0.02321229875087738,0.007854918595125899,0.005966837095407903,0.005047058580465534,0.01944289728999138,0.00870829323276778,0.005966837095407903,0.005063837641338252,0.02316991798579693,0.008968716871629104,0.005966837095407903,0.006241411775242799,0.021792471408843994,0.005052898399274634,0.004920228462729022,0.00639006096206855,0.01837506890296936,0.002992816705458652,0.005966837095407903,0.00677829845810064,0.022094862535595894,-0.08961711823940277,-0.05895308405160904,-0.02668599970638752,0.0093162190169096,0.04611741751432419,0.07602956146001816,0.09476584941148758,-0.0840258076786995,-0.06643838435411453,-0.03042403794825077,0.006163046229630709,0.04321412742137909,0.07312288880348206,0.09305229038000107,0.009984671577259891,0.009572894479826653,0.009803410081351771,4.551195082991732,0.0
2023-06-30,0.0228103837552433,0.0,0.0056997700552401265,0.0056997700552401265,0.0052985299070373105,0.004933028548036713,0.005719941670783891,0.005839388582811056,0.008938126054347833,0.006342301145195961,0.00024720432937774556,0.0002758191311209614,0.005357118030765597,0.00273683900013566,0.0050954128214384,0.005839388582811056,0.008802920876837267,0.0048735979944467545,0.005188078328171268,0.005839388582811056,0.008633324476803574,0.002388240769505501,0.005565976906791799,0.005839388582811056,0.008265431090479308,0.0025854622945189476,0.005775900956685023,0.005839388582811056,0.008044684094354358,-0.0002616355486679822,0.004958798161263879,0.00526587342011021,0.0076730771643166535,0.0018257780466228724,-0.00028462050177880185,0.005839388582811056,0.006172131119009313,-0.005573886912316084,-0.08970706909894943,-0.05110284686088562,-0.02120920456945896,0.004172396846115589,0.04625900089740753,0.07459651678800583,0.08604328334331512,-0.08315932005643845,-0.0667755976319313,-0.02932876907289028,0.013286888599395752,0.04184163361787796,0.06824465095996857,0.09131386876106262,0.0047579786863603145,0.004908113281820676,0.006709939363284685,4.683661852860842,0.0
2023-07-07,-0.0389304795131657,0.0,0.005738569632791154,0.005738569632791154,0.0062837831783148996,0.00493067629067124,0.003730147061334151,0.00587885601344462,0.005002430196238578,0.016377786174416542,-0.0018682465812797835,-0.0028558557478289507,0.006171327033356836,0.0063947150483727455,0.0025516509489733386,0.00587885601344462,0.0050698068672304225,0.011453668586909771,0.0024971976045209446,0.00587885601344462,0.004452465727197532,0.009506451897323132,0.0029728032001222586,0.00587885601344462,0.004718260416100259,0.013364183716475964,0.0039582045201054065,0.00587885601344462,0.0047512668050836105,0.008715301752090454,0.00048700119971255024,0.003782847037526304,0.0056178073765823806,0.006222791038453579,-0.0030495349056235323,0.00587885601344462,0.005880615907050394,0.0003011848602909595,-0.08985153585672379,-0.05801735073328018,-0.03507881984114647,0.008300238288939,0.04468557983636856,0.07532154768705368,0.09401265531778336,-0.09805002063512802,-0.06090333312749863,-0.0353892482817173,0.012288730591535568,0.04108976200222969,0.06606657058000565,0.09278801828622818,0.005110343942639535,0.0049379623902022374,0.007747304861358472,4.76849556816957,0.0
2023-07-14,0.0023188416187496,0.0,0.005637508435628356,0.005637508435628356,0.005548424692530352,0.004938878846010148,0.0123043329613529,0.005774890037744828,0.011510911870866631,0.004562404006719589,0.018954287604917075,0.013152792930638337,0.006000204142349382,0.015133117325603962,0.01162464201776687,0.005774890037744828,0.010162974914958173,0.009845854714512825,0.010957963882712925,0.005774890037744828,0.007447737801983404,0.007282727863639593,0.012152059067583936,0.005774890037744828,0.014403533328758248,0.014214918948709965,0.012604233949784816,0.005774890037744828,0.008379157537746729,0.011050443165004253,0.006706535795506652,0.004418421224168708,0.006663064025724587,0.0100479107350111,0.00816751272773237,0.005774890037744828,0.006531982722879221,0.012022263370454311,-0.07303085178136826,-0.05033106729388237,-0.030916472896933556,0.004044382367283106,0.04982453212141991,0.08792147785425186,0.09577358514070511,-0.07799423485994339,-0.05698772147297859,-0.030272603034973145,0.003239926416426897,0.04048517346382141,0.08027423173189163,0.09282651543617249,0.00889826616597345,0.008832649687457195,0.008538134719170986,4.620543762174841,0.0
2023-07-21,0.0614213342283882,0.0,0.0056300170884119255,0.0056300170884119255,0.006158015660857718,0.00492127183058089,0.012384801735686827,0.005766889925663821,0.005321188649281092,0.017029860988259315,0.018276757261790327,0.014670121460994369,0.006408989534269843,0.024876758456230164,0.011165210627382221,0.005766889925663821,0.005420078631282326,0.010938410647213459,0.011104906038826481,0.005766889925663821,0.0051187746568863495,0.008542015217244625,0.012209952565131669,0.005766889925663821,0.004656291467303438,0.013408987782895565,0.01206365593512268,0.005766889925663821,0.00481244335218191,0.01209794357419014,0.010657286926519167,0.007251264643982489,0.005027677792626636,0.007774585857987404,0.0078104895637216044,0.005766889925663821,0.005126801973608655,0.0017964218277484179,-0.07983854413032532,-0.058215465396642685,-0.027631398290395737,0.008804947137832642,0.043172188103199005,0.09123928099870682,0.09364603459835052,-0.07889894396066666,-0.06494665890932083,-0.030669383704662323,0.011456478387117386,0.04158177226781845,0.08852279186248779,0.09194625169038773,0.007742402029590599,0.007697935521238437,0.010125685324722763,4.798533367155282,0.0
2023-07-28,-0.0345702495055419,0.0,0.005755673208096557,0.005755673208096557,0.005669691833944553,0.004738064648505762,0.010670372568869897,0.00589542212959621,0.007615813646110024,0.015109214931726456,0.013149275131710367,0.009877703056026269,0.007675165753945442,0.016251621767878532,0.009776032583375931,0.00589542212959621,0.007160056105897661,0.01166476309299469,0.009302064108926554,0.00589542212959621,0.007148849231067961,0.008923346176743507,0.010077571093165674,0.00589542212959621,0.008090885661358944,0.017589109018445015,0.011471887776164097,0.00589542212959621,0.007253435477016771,0.018673794344067574,0.008039727954191693,0.005585874911468548,0.0061142017345842264,0.011601466685533524,0.00562409164607279,0.00589542212959621,0.006365044311415493,0.010910908691585064,-0.07511479407548904,-0.05883020907640457,-0.026380617171525955,0.008885130286216736,0.0448460727930069,0.08972983062267303,0.11085237562656403,-0.07596200704574585,-0.059066642075777054,-0.030661510303616524,0.012514060363173485,0.04753248766064644,0.0876961499452591,0.10124976933002472,0.008785425885502365,0.008619922563747655,0.009822705819075647,4.722910740757831,0.0
2023-08-04,-0.0614916830620142,0.0,0.005665053157054672,0.005665053157054672,0.005108183868687042,0.004752021678819389,0.010115404062343215,0.005802183254860868,0.005593549867890374,0.006313728168606758,0.010991530346946405,0.006418063003381626,0.006625930581039132,0.007091385778039694,0.010305643644341951,0.005802183254860868,0.005631020327293534,0.008682044222950935,0.00953187787599799,0.005802183254860868,0.005418359237670112,0.008194525726139545,0.010728451215071315,0.005802183254860868,0.005670039209563592,0.011133312247693539,0.010139375670938448,0.005802183254860868,0.0069563263605678565,0.007118179462850094,0.007832513589123414,0.0058794055388173274,0.006802632084493903,0.0021692172158509493,0.005544164590600568,0.005802183254860868,0.00694068477676948,0.010500104166567326,-0.07385346293449402,-0.04947236180305481,-0.028161916881799698,0.00734854768961668,0.04652890935540199,0.08813487738370895,0.09685137122869492,-0.07722873985767365,-0.05718347802758217,-0.03214709833264351,0.006393244490027428,0.04113958030939102,0.08555106818675995,0.09249013662338257,0.007257866393233593,0.007235117340782628,0.006956216338425304,4.512462603491231,0.0
2023-08-11,0.0398384154127846,0.0,0.005514477515307881,0.005514477515307881,0.006185755061558899,0.004718768485894148,0.007397906922629713,0.005647484711603684,0.0063082225789782035,0.01797547936439514,0.005250016797801204,0.0008626413424899617,0.005638111766772344,-0.0012140261242166162,0.007606662685034754,0.005647484711603684,0.006195324405538091,0.02144656516611576,0.007793621227119101,0.005647484711603684,0.006135307992798602,0.019948039203882217,0.007955782271817915,0.005647484711603684,0.005915475941029286,0.01679931953549385,0.007696266500943137,0.005647484711603684,0.0058497104590899945,0.011758465319871902,0.005922956622140029,0.0051429046065017,0.0044596906273813505,0.009471950121223927,0.0026686342042133507,0.005647484711603684,0.005431810924728146,0.011134689673781395,-0.07138247787952423,-0.06490921229124069,-0.029953552410006523,0.009320599026978016,0.04850953072309494,0.07529161870479584,0.08760502189397812,-0.07960472255945206,-0.07340560853481293,-0.033331044018268585,0.007648777682334185,0.03990698978304863,0.07442599534988403,0.09125882387161255,0.008232108376946788,0.007977168366924138,0.009332273394401687,4.5967506802186415,0.0
2023-08-18,0.0142982132759108,0.0,0.005591264848411856,0.005591264848411856,0.006277141749228433,0.004706062095611722,0.010406479278735498,0.00572590427743208,0.0035625557697351144,0.012913317419588566,0.004622063118702144,0.00572590427743208,0.004811309253653614,0.01021721214056015,0.010263088590068026,0.00572590427743208,0.003599819903213431,0.009876111522316933,0.010503774794497791,0.00572590427743208,0.0034415616359940336,0.007989072240889072,0.01002883462313243,0.00572590427743208,0.003539173900322183,0.011239048093557358,0.010715586857209181,0.00572590427743208,0.003733241011311614,0.008490929380059242,0.010101812520739013,0.00572590427743208,0.004205721300415328,0.011111341416835785,0.005018445162258566,0.00572590427743208,0.005365522132715466,0.0031774991657584906,-0.0748755931854248,-0.05776382237672806,-0.028282126411795616,0.008236333727836609,0.042628489434719086,0.07228201627731323,0.09509127587080002,-0.07652318477630615,-0.062341127544641495,-0.025860652327537537,0.011044500395655632,0.040192436426877975,0.07189475744962692,0.09294993430376053,0.006948167079828601,0.006915204849512369,0.008152064186372814,4.650629425589799,0.0
2023-08-25,-0.0323167187785893,0.0,0.005610700001151808,0.005610700001151808,0.005160324221481633,0.004521655567247156,0.011213828138601252,0.005745520545163153,0.008030046478347205,0.013421482406556606,0.0034355681173807552,0.005745520545163153,0.004200828020350959,-5.470997712109238e-05,0.0112655425778867,0.005745520545163153,0.007886542153876236,0.01457873173058033,0.011166390795391785,0.005745520545163153,0.00797000224144856,0.010712385177612305,0.011128379092695236,0.005745520545163153,0.008305842183451805,0.01879071071743965,0.011800229823985792,0.005745520545163153,0.007717517028637683,0.013741649687290192,0.010655225497029921,0.005745520545163153,0.006008082335483816,0.01602584309875965,0.005947052783771076,0.005745520545163153,0.0060540447593381945,0.010341059416532516,-0.07752840220928192,-0.0691845640540123,-0.02816120721399784,0.008609181270003319,0.045236408710479736,0.07384204119443893,0.07988050580024719,-0.07761196047067642,-0.07035331428050995,-0.034418027848005295,0.010585487820208073,0.03789721429347992,0.07447924464941025,0.0839039757847786,0.009357014765507933,0.009224632953667277,0.009602719392167055,4.6095341622451755,0.0
2023-09-01,0.0045643475578556,0.0,0.005526229135272652,0.005526229135272652,0.0055040406492511285,0.004416012438415402,0.008843185730869813,0.005658620455382897,0.0052024127314585665,0.006373909767717123,0.00018216096257611496,0.005658620455382897,0.004399433289769262,-0.011418206617236137,0.010007978078427893,0.005658620455382897,0.005386757240234957,0.008458520285785198,0.009590350194068576,0.005658620455382897,0.00538268873001614,0.010754688642919064,0.00949085904356178,0.005658620455382897,0.005459335504033723,0.008500861935317516,0.00843315448362184,0.005658620455382897,0.006632847321881743,0.003994183614850044,0.008924923465658267,0.005658620455382897,0.005916451685555727,-0.003043941454961896,0.0036419284881803503,0.005658620455382897,0.0065550120251460725,-0.0020569944754242897,-0.08029467612504959,-0.06724056601524353,-0.029639558866620064,0.00590245146304369,0.045289523899555206,0.07381618022918701,0.09143369644880295,-0.08238029479980469,-0.07024338841438293,-0.034514568746089935,0.0027518169954419136,0.043389514088630676,0.07229304313659668,0.09126196056604385,0.00608255531421542,0.006130325111698521,0.0065195321713571,4.3902268832837255,0.0
2023-09-08,-0.0480781337438225,0.0,0.00552409162065617,0.00552409162065617,0.006005935604420602,0.0039933654245710385,0.0028533777828462985,0.0056561278064135865,0.007446809302309943,0.0026547976303845644,-0.012298445598111494,0.0056561278064135865,0.002930095593601208,-0.005815928801894188,0.0030810266822515497,0.0056561278064135865,0.007793029630650087,0.0063285925425589085,0.003636166645757731,0.0056561278064135865,0.008143415621142212,0.006504918914288282,0.003413280115909001,0.0056561278064135865,0.006113005004937553,0.003203991102054715,0.0027498031303751494,0.0056561278064135865,0.006774800377838126,-0.0005206090281717479,0.0058779856009013925,0.0056561278064135865,0.005487814294859996,0.004271018318831921,-0.0016878806517009303,0.0056561278064135865,0.005567926460321153,-0.004776604939252138,-0.07524944841861725,-0.05620893836021423,-0.027550959959626198,0.013017701916396618,0.03515402600169182,0.06944693624973297,0.07395562529563904,-0.07730959355831146,-0.06062470003962517,-0.026730941608548164,0.010951000265777111,0.04114440456032753,0.061815045773983,0.080598384141922,0.00441243527758477,0.0044792685499978535,0.004652778130488598,4.566113393725218,0.0
2023-09-15,0.0058636864807235,0.0,0.005405239679714975,0.005405239679714975,0.0055377310960132925,0.003504691788925016,0.0045216479167678675,0.005534004484708504,0.005364112925815687,0.004459308460354805,-0.008749674658364091,0.005534004484708504,0.0018416797052022548,-0.003844775725156069,0.0055362724358731345,0.005534004484708504,0.005615742881587438,0.00645224517211318,0.005276117786025282,0.005534004484708504,0.00611083764381991,0.005143639165908098,0.004562284948446777,0.005534004484708504,0.006007419065568852,0.0019412703113630414,0.0041397745993150235,0.005534004484708504,0.007170468752299631,-0.002746647223830223,0.007150625725193062,0.005534004484708504,0.007508580731685385,-0.0014989743940532207,-0.0017608953659068657,0.005534004484708504,0.006910177725724476,-0.005226983688771725,-0.07677428424358368,-0.057095251977443695,-0.02688044123351574,0.00443211430683732,0.04027511924505234,0.07303031533956528,0.08855139464139938,-0.08268110454082489,-0.06399338692426682,-0.03300434723496437,0.01079549640417099,0.04566642642021179,0.0692056342959404,0.09022566676139832,0.004228999299192179,0.0042956156518858014,0.004969768446911715,4.336070390419858,0.0
2023-09-22,0.0382364380392505,0.0,0.005406253942549064,0.005406253942549064,0.006079161992620825,0.003311911818700045,0.009075869704328696,0.005534752062930761,0.00881351268459183,-6.44488973193802e-05,-0.00011786112159830817,0.005534752062930761,0.0017793777121367172,-0.008337276056408882,0.008903375021213068,0.005534752062930761,0.008609295189311356,0.0019276808016002178,0.00948742183843829,0.005534752062930761,0.009124993520480441,0.002252815058454871,0.00944826911525342,0.005534752062930761,0.007705793376427645,-0.0009444508468732238,0.008858679934925937,0.005534752062930761,0.007589622590640205,-0.0008540453854948282,0.013821578101547312,0.005534752062930761,0.006970835295614207,0.006296799052506685,0.004013781499069004,0.005534752062930761,0.005432612351428287,-0.009351979941129684,-0.07249872386455536,-0.06302985548973083,-0.03439290076494217,0.004020505119115114,0.032418787479400635,0.0697680115699768,0.07536645233631134,-0.07698947191238403,-0.06382764875888824,-0.034512054175138474,0.008594957180321217,0.03194840997457504,0.062380626797676086,0.08407074213027954,0.005520899539624907,0.005675255007324931,0.005839921388632977,4.577520031563717,0.0
2023-09-29,-0.0461851194495794,0.0,0.005478726755124564,0.005478726755124564,0.005402040244949006,0.003095558363872446,0.008722123684302278,0.005608737777809312,0.004666293565186261,0.01324793603271246,-0.005044060519066806,0.005608737777809312,0.0031660325542710015,-0.0006645786925218999,0.00678070501818014,0.005608737777809312,0.004735972778933813,0.00939626432955265,0.007473199644041248,0.005608737777809312,0.0047483823264352675,0.00726288091391325,0.00719008158426907,0.005608737777809312,0.004185654092809878,0.009232242591679096,0.008492540557364515,0.005608737777809312,0.0033499517252446077,0.014377312734723091,0.008865193873341544,0.005608737777809312,0.004453334745398081,0.008380398154258728,0.0017046484122865617,0.005608737777809312,0.004550591180168868,0.007732860743999481,-0.0791662409901619,-0.05729091167449951,-0.029861250892281532,0.00826304592192173,0.03724653646349907,0.07539103180170059,0.09390608966350555,-0.07868163287639618,-0.05279034748673439,-0.024462871253490448,0.01248878799378872,0.04337591677904129,0.07430066913366318,0.0920022577047348,0.006523526753060657,0.006429231312985447,0.008061272765002576,4.911123322664267,0.0
2023-10-06,-0.0102425773590342,0.0,0.005364929737052529,0.005364929737052529,0.005068848773695905,0.003142848099037367,0.009388045589775774,0.005491821621539812,0.008234796012946235,0.0006110944668762386,-0.003881257869474926,0.005491821621539812,0.0025251675940328277,-0.030095061287283897,0.01001986760379825,0.005491821621539812,0.00815114283869653,0.005037622060626745,0.008666764884518821,0.005491821621539812,0.00845303469356128,0.0051131159998476505,0.009215663638761517,0.005491821621539812,0.010125731957632389,0.0026724322233349085,0.0087831885783543,0.005491821621539812,0.010023673304547596,0.0035699233412742615,0.0113593766510511,0.005491821621539812,0.008373532280754978,0.010249976068735123,0.0018001984815693758,0.005491821621539812,0.00762382554285528,0.005341206677258015,-0.07348182052373886,-0.053434815257787704,-0.02827313356101513,0.009362531825900078,0.035277772694826126,0.07333534210920334,0.08573255687952042,-0.08099676668643951,-0.05189986154437065,-0.028035754337906837,0.009377158246934414,0.0371038019657135,0.06987600028514862,0.0895637720823288,0.006980466939850708,0.00703674186284282,0.005931439422784515,4.41696442086572,1.0
2023-10-13,0.060639214498205,0.0,0.0053306275236545365,0.0053306275236545365,0.006062323129059203,0.003111800452240739,0.004049100893236065,0.005456383785997978,0.005525547271252398,0.012807905673980713,-0.01061472001988966,0.005456383785997978,0.00307674352665286,-0.027546023949980736,0.004747739976640984,0.005456383785997978,0.005945633408298307,0.013293684460222721,0.004530255729397451,0.005456383785997978,0.006840465727667544,0.010257188230752945,0.005971152124880116,0.005456383785997978,0.0022981879299406958,0.014528409577906132,0.0053479439558229555,0.005456383785997978,0.006738628429917814,0.020288914442062378,0.004850125055519272,0.005456383785997978,0.006371392038042123,0.012739247642457485,-0.0009536068492178723,0.005456383785997978,0.005211812138609248,0.020568471401929855,-0.06693527847528458,-0.05569666624069214,-0.029743874445557594,0.0137047553434968,0.035459160804748535,0.07282982766628265,0.07543331384658813,-0.07256773859262466,-0.05551411211490631,-0.025655772536993027,0.01469577569514513,0.041531387716531754,0.07316666096448898,0.07952716201543808,0.007596414505701585,0.007317636795715019,0.006959734406116788,4.397774087141127,1.0
2023-10-20,-0.0476992348170401,0.0,0.0054519182845636375,0.0054519182845636375,0.005535050594761234,0.003156901498119151,0.007622038620604685,0.005580390147149005,0.007878366625263486,0.01761309988796711,-0.0065920973577447035,0.005580390147149005,0.003908148098194587,-0.014410221017897129,0.0034627212688257292,0.005580390147149005,0.007775839232376959,0.012157099321484566,0.005096145953047186,0.005580390147149005,0.007274787147658027,0.010198893956840038,0.0053993504681917725,0.005580390147149005,0.004410516503195529,0.007571641355752945,0.0018403070789972677,0.005580390147149005,0.00038371417955056913,0.006501070689409971,-0.004149768407672046,0.005580390147149005,0.003115412126947598,-0.008406019769608974,-0.003224601492295756,0.005580390147149005,0.0009321157067838631,0.006560717709362507,-0.07904969900846481,-0.05664309114217758,-0.028724145144224167,0.007875418290495872,0.04296465963125229,0.07504589855670929,0.10108005255460739,-0.07842007279396057,-0.057278286665678024,-0.02476087026298046,-0.000959292461629957,0.036084920167922974,0.07014182209968567,0.08960793167352676,0.00418259516298924,0.004140862641138875,0.00967347382024607,5.289148442712673,1.0
2023-10-27,-0.0286922743935669,0.0,0.005335613791999953,0.005335613791999953,0.004708030447790079,0.0032072796630954895,0.008620162118157585,0.005460929104628401,0.005719702366105719,0.0025166894774883986,-0.00399308005686335,0.005460929104628401,0.004281562315647672,-0.011628367006778717,0.002210758463125126,0.005460929104628401,0.005871718635454439,-0.0030231585260480642,0.001355158424961601,0.005460929104628401,0.005248049627366231,-0.0033440827392041683,0.0023312284740486934,0.005460929104628401,0.007319161411781818,-0.0004337234713602811,0.004781668927609781,0.005460929104628401,-0.0008965239203299292,-0.0005361158400774002,-0.008288894127230014,0.005460929104628401,0.001065577316685138,-0.01580200158059597,-0.0091265127593227,0.005460929104628401,0.00026169445102867603,-0.0010646068258211017,-0.07160046696662903,-0.061491698026657104,-0.029443493112921715,0.005434941966086626,0.0422159805893898,0.07264333218336105,0.07315962761640549,-0.08662547916173935,-0.05637020617723465,-0.029633499681949615,-0.00293049612082541,0.03801901638507843,0.06804600358009338,0.08390523493289948,0.0008622904404100952,0.000827087058066438,0.0055793707665950255,5.606781530901386,1.0
2023-11-03,-0.0275950059458871,0.0,0.005261317092904829,0.005261317092904829,0.006139388106862166,0.002697623356218372,0.007798936477574313,0.005384523727674944,0.008378971574278972,-0.0014819188509136438,0.00322731746124485,0.005384523727674944,0.0040063205883525375,-0.007851355709135532,0.002219395222016198,0.005384523727674944,0.008328153457040703,-0.005600196309387684,5.973281596482246e-05,0.005384523727674944,0.006784088333891458,-0.0032214131206274033,0.005240741078791883,0.005384523727674944,0.009391148009199744,0.00682625500485301,0.01095834196236406,0.005384523727674944,0.006661810114698001,0.0002952528011519462,-0.006135110725334143,0.005384523727674944,0.0021272354514552602,-0.009972075000405312,-0.0033187132662550294,0.005384523727674944,0.0033457948144473486,-0.008769501000642776,-0.07193416357040405,-0.0496085099875927,-0.02834201417863369,0.004296376835554838,0.03436300903558731,0.05693459510803223,0.0865594893693924,-0.07592903822660446,-0.054122649133205414,-0.029001407325267792,-0.0022588453721255064,0.032425180077552795,0.055509816855192184,0.09283516556024551,0.0023970034170529898,0.0023315598223063614,0.005020128232153646,5.398712389581776,1.0
2023-11-10,0.0166991677576326,0.0,0.005189734689770207,0.005189734689770207,0.005741367497239003,0.00263949591066483,0.009112378558180366,0.005310908706082172,0.005927701199886544,0.008688721805810928,0.005911313000627919,0.005310908706082172,0.0038030792519705772,-0.004742705263197422,0.003915141599888686,0.005310908706082172,0.006037330206781888,-0.005958326626569033,0.0019679817330474315,0.005310908706082172,0.004164378133440688,-0.00025261827977374196,0.009134191366837695,0.005310908706082172,0.006220049016962069,0.0126101179048419,0.011012901044763927,0.005310908706082172,0.005364812782357244,0.008074803277850151,-0.003510177421157148,0.005310908706082172,0.0011137977181206685,0.00038547892472706735,-0.0008016558520419883,0.005310908706082172,0.0033112289626214307,0.0026902565732598305,-0.09256900101900101,-0.048407524824142456,-0.01609080471098423,0.008741472847759724,0.051272258162498474,0.07157397270202637,0.08768049627542496,-0.10087570548057556,-0.053156111389398575,-0.01492698211222887,0.00444450369104743,0.036299604922533035,0.07821677625179291,0.09336602687835693,0.004056047637602159,0.00394437839182897,0.007259927567490002,5.247337803303273,1.0
2023-11-17,-0.029343538788181,0.0,0.005214755196439472,0.005214755196439472,0.005632479041902172,0.0026435655046752053,0.010649935269625876,0.00533627231198763,0.008427793500284645,0.013170493766665459,0.0040626140200502505,0.008119250307309363,0.0043150889861115534,-0.005983967334032059,0.007211103741486379,0.00533627231198763,0.00837147899123284,0.005602088291198015,0.0057384500297981925,0.00533627231198763,0.006778208910318578,0.012897582724690437,0.011030511504852285,0.00533627231198763,0.008097202423254282,0.023471232503652573,0.012392578718670102,0.00533627231198763,0.00760132233026564,0.019384754821658134,-0.0023015035086675923,0.0025539015654079482,0.0033600057761792902,0.0012551011750474572,0.002553148949823606,0.00533627231198763,0.004395538629829992,0.004036406986415386,-0.09087379276752472,-0.061949606984853745,-0.030999140813946724,0.01626737043261528,0.04484933614730835,0.058947186917066574,0.09603508561849594,-0.09486184269189835,-0.05806703865528107,-0.029476525261998177,0.0045262654311954975,0.035786595195531845,0.06472308933734894,0.09429749846458435,0.007129603171877154,0.006973844195146359,0.009396123712140903,5.046444683698474,1.0
2023-11-24,0.0030126422680849,0.0,0.005139791435084547,0.005139791435084547,0.005059547012781145,0.002619886697297592,0.007423125062890548,0.005259206065098366,0.006224666493930473,0.007854877039790154,0.0009616323005538262,0.004845298629988695,0.004375405485815068,-0.0035516098141670227,0.004387364206789438,0.005259206065098366,0.006346805786621164,-0.0029769265092909336,0.0032123335225599098,0.005259206065098366,0.005040541832755939,0.009176710620522499,0.007840121948720906,0.005259206065098366,0.005433101886933866,0.007265892811119556,0.008783923520782494,0.005259206065098366,0.0066523161179486,0.005696774926036596,-0.0018068259228149345,0.0037184401684080054,0.004025530911017293,-0.0029987189918756485,0.00021718298482711722,0.005259206065098366,0.004261437986119023,-0.0032420160714536905,-0.0903899222612381,-0.046800825744867325,-0.023570401594042778,0.016862574964761734,0.04069415479898453,0.06860300898551941,0.08476864546537399,-0.09744645655155182,-0.05325921252369881,-0.029262477532029152,0.007470867596566677,0.028703778982162476,0.07492509484291077,0.09386568516492844,0.0040554175858841255,0.003926733822331431,0.006690468665427385,4.981727907532251,1.0
2023-12-01,-0.0538710595015752,0.0,0.005135187216108357,0.005135187216108357,0.005619936168294878,0.0024787367857250645,0.007410443100113445,0.005254224770648225,0.008113499383539153,0.008181369863450527,0.00033293316617815684,0.0038611593360563523,0.00467872976561957,-0.015200838446617126,0.0042906909270453535,0.005254224770648225,0.008095745401268516,0.0015384143916890025,0.0034049869377166253,0.005254224770648225,0.006836648510576675,0.007780319079756737,0.006903784657122108,0.005254224770648225,0.0074100843021095136,0.011540031991899014,0.008276063313566043,0.005254224770648225,0.006991201829675307,0.011826399713754654,-0.0038082982199973458,0.0022333333552969664,0.0039123746778217654,0.0006465936312451959,-0.00011404925664834295,0.005254224770648225,0.0038286326424970423,-0.0020706672221422195,-0.08853518962860107,-0.05788719654083252,-0.029070982709527016,0.009943586774170399,0.03617536276578903,0.05570313706994057,0.0743599534034729,-0.09253242611885071,-0.05244409292936325,-0.029088057577610016,-0.0014938978711143136,0.03278576582670212,0.05680398643016815,0.07880444824695587,0.004824725604895572,0.004643293497552508,0.007239884279437838,4.9955696924708,1.0
2023-12-08,-0.0543126313363879,0.0,0.005007743918661957,0.005007743918661957,0.005166191530485869,0.0022965028339837273,0.012389903871603993,0.0051234166196034835,0.006315683537977175,0.012076407670974731,0.001247007523303899,0.0014539364711523735,0.003922604544412758,-0.003538248362019658,0.009853049697929599,0.0051234166196034835,0.006308254606121528,0.004981684498488903,0.00860002230283425,0.0051234166196034835,0.004129543277729875,0.006627862341701984,0.011970426078916314,0.0051234166196034835,0.008362547074188043,0.017844170331954956,0.013686444770906754,0.0051234166196034835,0.006199895614026212,0.020251186564564705,0.0017630291393751392,0.0028011554291159785,0.0033367729459128,0.0021915347315371037,0.006885189108468314,0.0051234166196034835,0.004287503424607837,0.011827373877167702,-0.07224590331315994,-0.05839482322335243,-0.01753178983926773,0.011192980222404003,0.04152083396911621,0.0716257244348526,0.07616705447435379,-0.07289916276931763,-0.052986230701208115,-0.009981566108763218,-0.000747166108340025,0.02472706511616707,0.06981761008501053,0.0827648714184761,0.007396863704731892,0.007188974091453205,0.008976352925039847,4.885183262478609,1.0
2023-12-15,-0.0154199398662209,0.0,0.004879898282336419,0.004879898282336419,0.0058190674118884156,0.002344702456910669,0.010877998775134609,0.004992211215727123,0.007641436740118017,-0.0078092035837471485,0.0007236692491755514,0.0035598408123303886,0.0032631274977347247,-0.02435252070426941,0.008061631463384707,0.004992211215727123,0.0076254949131058705,-0.012507040984928608,0.007347935141896265,0.004992211215727123,0.006324302672763056,-0.01499040238559246,0.010627063949627834,0.004992211215727123,0.006794454860735971,-0.0073600406758487225,0.011494234917745056,0.004992211215727123,0.007006354562230671,-0.007574931718409061,-0.0003491212433490605,0.0026415522647471605,0.0035363770701498758,-0.011146042495965958,0.006032724160512923,0.004992211215727123,0.003538612200443692,-0.011845110915601254,-0.07350478321313858,-0.048269934952259064,-0.024102460592985153,0.0011313763679936528,0.029967227950692177,0.056393109261989594,0.08617991954088211,-0.07466983050107956,-0.05440358817577362,-0.034514036029577255,-0.013202646747231483,0.02526695467531681,0.05568486824631691,0.0879889726638794,0.0016757959931784818,0.0017068030858044707,0.00392561078680815,4.958141862526619,1.0
2023-12-22,0.1298617997600661,0.0,0.004836242716425543,0.004836242716425543,0.00557862478799705,0.0023117273990092076,0.009926475550555768,0.004947250530524593,0.0054770608586099685,0.001136077451519668,-0.0002505282051724579,-1.9571733235660034e-05,0.0032586576702514232,0.0007065932149998844,0.006344441597883057,0.004947250530524593,0.005582823014778778,-0.0053835478611290455,0.005431048213347988,0.004947250530524593,0.004231113776511652,-0.002409564796835184,0.008490992242131979,0.004947250530524593,0.005061648607303947,0.005537077318876982,0.010524000799487135,0.004947250530524593,0.005725205355738235,0.004743861500173807,-0.0008125672896726471,0.0038962451796009205,0.0032571626472047395,-0.009403940290212631,0.003622129694801501,0.004947250530524593,0.0033850130367264553,-0.0041962540708482265,-0.07311277091503143,-0.05727417767047882,-0.02233774960041046,0.010922946035861969,0.03306751698255539,0.06708811968564987,0.07204493135213852,-0.07407476007938385,-0.05785026773810387,-0.036111462861299515,0.0006779406685382128,0.024553829804062843,0.05693737417459488,0.07757439464330673,0.003265130888687184,0.0030605529748009733,0.005371716097802499,5.022369132021337,1.0
2023-12-29,0.0134264862303021,0.0,0.005104537903214471,0.005104537903214471,0.005062208187512507,0.0026209313325166713,0.009314334470592376,0.0052217880013587506,-0.0002043938529668922,0.002804168500006199,-0.0016362372811390405,-0.005665621297105309,0.006779236835889828,-0.017517108470201492,0.007171466476202623,0.0052217880013587506,0.00014098909735632114,-0.0051920292899012566,0.005592590119323546,0.0052217880013587506,-0.0015328067267319856,0.0010404005879536271,0.008832896383885496,0.0052217880013587506,-0.0005579266901583751,0.013005307875573635,0.01064204924394982,0.0052217880013587506,0.0021351159134615503,0.016876941546797752,-0.006616422232842303,0.0004403134134730738,0.0007567098058386046,-0.003318200120702386,0.00332495643640996,0.0052217880013587506,0.004814803579675474,-0.00204442348331213,-0.08187491446733475,-0.06388146430253983,-0.034308284521102905,0.013544118963181973,0.050508175045251846,0.06652665138244629,0.10999464988708496,-0.07607169449329376,-0.06589808315038681,-0.03826840966939926,0.009731953032314777,0.02980554848909378,0.09293209761381149,0.11428534984588623,0.0034009029976269493,0.00336929799463271,0.004283974279747608,4.827364731055698,1.0
2024-01-05,-0.052792777954675,0.0,0.005122357921045494,0.005122357921045494,0.0035466353475040666,0.002475028498788839,-0.00283666511059957,0.00523978076063275,0.001527687937478964,-0.009123607538640499,-0.011172453569872376,-0.012145339066300886,0.007225338880136335,-0.02188999019563198,-0.005963271782268146,0.00523978076063275,0.0018166449668177006,-0.013113358989357948,-0.006566601734891289,0.00523978076063275,3.2389884843475256e-05,-0.011973205022513866,-0.003037429306876272,0.00523978076063275,-0.0006691682884969697,-0.005117290653288364,-0.0023471154902022368,0.00523978076063275,0.001177435070474491,-0.009078679606318474,-0.013743709113758648,0.0008018264523672793,0.0005295334093320756,-0.012590676546096802,-0.007585558384498018,0.00523978076063275,0.0035027196965015236,-0.021073801442980766,-0.07547348737716675,-0.05743001028895378,-0.03958293795585632,0.012962986715137959,0.047103773802518845,0.06854686141014099,0.10924463719129562,-0.07329867035150528,-0.062107086181640625,-0.04915226623415947,0.009159783832728863,0.025638969615101814,0.07778418064117432,0.1052919551730156,-0.003283350544918646,-0.0031432169794884373,-0.0012982009877820888,4.965182389548739,1.0
2024-01-12,-0.1479064152490323,0.0,0.004998607630712758,0.004998607630712758,0.005025586466467708,0.0024810726154164612,-0.0005438086583030967,0.0051127948553476125,-8.715533242656393e-05,-0.010162008926272392,-0.011180312740729318,-0.01527453156376771,0.00696895926085246,-0.01838822104036808,-0.00405864798638066,0.0051127948553476125,0.00024108655420576174,-0.014178227633237839,-0.004867434650595993,0.0051127948553476125,-0.0014508570448998372,-0.011526123620569706,-0.002231001613578436,0.0051127948553476125,-0.0011390519759957272,-0.008944581262767315,-0.00011772830590417536,0.0051127948553476125,0.00015520580562505392,-0.008967645466327667,-0.016595213955243847,-0.0015007627005586876,-0.0008892822090539963,-0.016191022470593452,-0.007514661537039538,0.0051127948553476125,0.0027455275876694454,-0.021881381049752235,-0.07921864837408066,-0.05777274817228317,-0.03878442198038101,0.021499060094356537,0.05159345269203186,0.07299394905567169,0.11561783403158188,-0.07534603029489517,-0.06004926189780235,-0.05117042735219002,0.009321097284555435,0.02922964096069336,0.07818718999624252,0.10561249405145645,-0.0038894928857608657,-0.0039286469420131975,-0.00142004451541361,5.054748956367917,1.0
2024-01-19,-0.0059739212405425,0.0,0.004672584127770871,0.004672584127770871,0.005698311944813561,0.0028795181993497743,-0.002148953701123805,0.004778691776517088,-0.0016966960974376345,-0.04127892106771469,-0.010429000029460296,-0.015302907183382744,0.005440024140428768,-0.03617651015520096,-0.005918498994315283,0.004778691776517088,-0.0014812351308779847,-0.04891069605946541,-0.00734875461087183,0.004778691776517088,-0.004178987570060181,-0.05082165449857712,-0.0035052029636146644,0.004778691776517088,-0.0020822990838306257,-0.04235817492008209,-0.001403309142542001,0.004778691776517088,-0.0007890601879140084,-0.04115051031112671,-0.016122974395362085,0.00047609698400677934,-0.0012632479582946072,-0.0453583225607872,-0.009745396575365741,0.004778691776517088,0.0022946640223183512,-0.05108219012618065,-0.1049065962433815,-0.07529527693986893,-0.045182108879089355,-0.0015209633857011795,0.03365142643451691,0.06523643434047699,0.1091892272233963,-0.09745261073112488,-0.08440332114696503,-0.05475165322422981,0.00015952343528624624,0.021465424448251724,0.06769875437021255,0.10366251319646835,-0.012785678966681568,-0.013541047659626595,-0.01008646977243976,5.022174233300275,1.0
2024-01-26,-0.0050584995630336,0.0,0.004649931988689353,0.004649931988689353,0.0057724126997871555,0.002779919327381658,0.018775626628375154,0.004755265604366631,0.007812232848579839,0.01253599114716053,0.00808409915090686,0.005964968652878246,0.004276746141690649,-0.013252518139779568,0.015097228727128618,0.004755265604366631,0.007694557399267375,-0.0013667757157236338,0.014089264633865322,0.004755265604366631,0.0051233392418757445,0.0018659067573025823,0.01787477878413193,0.004755265604366631,0.007198395589140949,0.011390098370611668,0.019162866137546967,0.004755265604366631,0.007000685458936173,0.006668359972536564,0.008086113921547877,0.004797760831251144,0.0025044621425663388,-0.0011364370584487915,0.01270657742232956,0.004755265604366631,0.0023225477054023853,0.000500013935379684,-0.07965405285358429,-0.07238226383924484,-0.029657401144504547,0.013411575928330421,0.0423920638859272,0.0873449295759201,0.10695673525333405,-0.08654732257127762,-0.08494016528129578,-0.03509806469082832,-0.0031721496488898993,0.03567712754011154,0.08623369038105011,0.10532388836145401,0.006889836344936733,0.00691872064933316,0.010969779057120538,5.073696061393701,1.0
2024-02-02,0.006319136351478,0.0,0.004629319607475504,0.004629319607475504,0.004716871364087272,0.0027178147801705014,0.017101755099113658,0.0047339313322635876,0.005430714796813824,0.03479352220892906,0.008431023252751493,0.0068215722687223895,0.00492595670354793,0.003910858184099197,0.014216195941950463,0.0047339313322635876,0.00539913044014889,0.026662593707442284,0.012758575957921571,0.0047339313322635876,0.0030637395426168566,0.023818906396627426,0.016407593318416524,0.0047339313322635876,0.005984205348780181,0.030293360352516174,0.01841968903722079,0.0047339313322635876,0.006368052256120185,0.029973389580845833,0.0014085144786630385,0.0018650499810471716,0.001844119200655677,0.021474085748195648,0.01082528188399532,0.0047339313322635876,0.002999230974747626,0.019528768956661224,-0.07987681031227112,-0.07566094398498535,-0.030400549992918968,0.01230031531304121,0.08787710964679718,0.0990525409579277,0.12045930325984955,-0.12418634444475174,-0.11250034719705582,-0.03479930758476257,-0.002425015438348055,0.055181149393320084,0.10319331288337708,0.1086430549621582,0.011540839156912118,0.01160880018481629,0.015514980859280034,4.974194344769488,1.0
2024-02-09,-0.0768980509940648,0.0,0.004632899727695848,0.004632899727695848,0.00468986714361603,0.00267082828660433,0.016195756668060616,0.004737369954864921,0.010468664790940885,0.02235749363899231,0.009858796185807435,0.006842947419639511,0.004429566679117658,0.005270381923764944,0.011703836142013136,0.004737369954864921,0.010612981013215589,0.012540508061647415,0.010999865439926787,0.004737369954864921,0.004641181456791834,0.011689375154674053,0.015122112196612069,0.004737369954864921,0.010013733542330143,0.015825824812054634,0.01564792318660546,0.004737369954864921,0.0060633559164075725,0.015076540410518646,0.0020869304308821215,0.0025274735593889337,0.002024041563074986,0.0028800161089748144,0.010635640668238923,0.004737369954864921,0.0020590233686475974,0.00758595485240221,-0.0776134729385376,-0.06885641813278198,-0.028370458632707596,0.01546675805002451,0.05820412188768387,0.08215793967247009,0.10363133996725082,-0.0853315144777298,-0.08178810030221939,-0.03278825804591179,-0.00040826312033459544,0.04555559158325195,0.0807739719748497,0.11792131513357162,0.008059298652447146,0.00803858211131945,0.013439821263214684,5.146747759419797,1.0
2024-02-16,-0.0291626222278091,0.0,0.004460529853019822,0.004460529853019822,0.004623207161151194,0.0027630860519418997,0.010355032711617761,0.004560669909520917,0.005356694554075242,0.010247628204524517,0.0020074821395284813,0.0014696742248538138,0.0039439880165540115,0.014032194390892982,0.008743075728827529,0.004560669909520917,0.005297301824888077,0.0033746561966836452,0.006375569843765505,0.004560669909520917,0.00298986116554874,0.004937506280839443,0.010317599549748476,0.004560669909520917,0.006860675010654143,0.005828752648085356,0.010964588306230993,0.004560669909520917,0.00790535054503547,0.0013514027232304215,-0.0026509182519846002,-0.003191899368024372,0.0033261199051673037,-0.0010667110327631235,0.0034698320674579055,0.004560669909520917,0.004456460232921994,0.0013376532588154078,-0.08365986496210098,-0.06054972484707832,-0.02987799607217312,0.002657323842868209,0.04074610769748688,0.08970919251441956,0.09336577355861664,-0.08611909300088882,-0.0740230605006218,-0.03256356343626976,0.0027932790108025074,0.030679285526275635,0.08359602838754654,0.09316536784172058,0.004309592757613871,0.004210479316866154,0.0076300063449346095,4.785390645172964,1.0
2024-02-23,-0.0839756050270037,0.0,0.0043895949330180735,0.0043895949330180735,0.004969921612187486,0.0027397512378509927,0.013288324837945037,0.004487833425423011,0.007216376769699958,0.006197668146342039,0.0062923849081063365,0.007862241150411457,0.0038908389853578394,0.011744078248739243,0.009638053312153744,0.004487833425423011,0.007274933028425988,0.0005168612115085125,0.009081700298565625,0.004487833425423011,0.004215706377731896,0.0009579785983078182,0.013769741242328208,0.004487833425423011,0.0051145699946534935,0.0059591238386929035,0.012234585618243813,0.004487833425423011,0.005091614042998933,0.0007221339619718492,0.0020765409936269706,0.0006631331733662912,0.001319693443457072,-0.01097212452441454,0.0074604369758435336,0.004487833425423011,0.0015359127480715153,-0.003871794091537595,-0.080289326608181,-0.07487471401691437,-0.03336925059556961,-0.0003676449414342642,0.0399814248085022,0.0877385064959526,0.09890314936637878,-0.08480529487133026,-0.07965992391109467,-0.035247452557086945,-0.004309866577386856,0.03448444604873657,0.07566727697849274,0.09226389974355698,0.003967831973796295,0.003843541789069703,0.007797550794852512,5.001602368342305,1.0
2024-03-01,0.0698685116167587,0.0,0.004203562933102238,0.004203562933102238,0.004549569621538204,0.0028309238724761603,0.01376365431382666,0.004297179463241058,0.005128375326675303,0.014905178919434547,0.00843049268810119,0.008950502722229964,0.0033118164574552603,0.0005034829373471439,0.009671810471961395,0.004297179463241058,0.005115790640347038,0.00436116848140955,0.008922608705676734,0.004297179463241058,0.002353292596951382,0.005670559126883745,0.011520401565859512,0.004297179463241058,0.005720096377881452,0.011321508325636387,0.013656789451935375,0.004297179463241058,0.005010088849150509,0.008612509816884995,0.003947075790020537,0.004166658150905497,0.001380014666414471,-0.002739118179306388,0.0056384161506808726,0.004297179463241058,0.0011652843995507587,-0.0012211992871016264,-0.08182384073734283,-0.07002231478691101,-0.04765721410512924,-0.0027716848999261856,0.03827720507979393,0.086358442902565,0.10401580482721329,-0.08458629995584488,-0.07929202169179916,-0.033620331436395645,-0.0037601194344460964,0.03260177746415138,0.08683202415704727,0.10801374912261963,0.005239985559081145,0.005082380908066307,0.009523597005794391,5.044583881215155,1.0
2024-03-08,0.0381546149712841,0.0,0.004341514505967063,0.004341514505967063,0.004481133402684109,0.0029060727302239763,0.016499411984684274,0.004438193080775505,0.008688312085309081,0.017289793118834496,0.002196773475690651,-0.0001747868261336421,0.003493695461140811,-0.006390684749931097,0.01284037418924005,0.004438193080775505,0.009158353548494046,0.014169489964842796,0.011377927822650978,0.004438193080775505,0.0030169617907719014,0.003806356806308031,0.015609774052729331,0.004438193080775505,0.011153361936454666,0.0161880049854517,0.01710634279273472,0.004438193080775505,0.00634756172851547,0.01048885565251112,0.006462762692044856,0.00400898436545286,0.001822364878377625,0.003365931333974004,0.011002306338971746,0.004438193080775505,0.002185189532872082,0.002393140224739909,-0.08318285644054413,-0.07745359092950821,-0.020242543891072273,0.010037140920758247,0.05186295136809349,0.09669683128595352,0.11775094270706177,-0.08854998648166656,-0.0842212662100792,-0.035112880170345306,-0.0008538641268387437,0.04766784608364105,0.08964064717292786,0.12681017816066742,0.007695625418375643,0.007611576279433483,0.011728927567400838,5.012563140996508,1.0
2024-03-15,0.0149307150978028,0.0,0.004412401509039006,0.004412401509039006,0.003933082808406107,0.002791595750632909,0.009334448725204418,0.0045105459174504155,0.004097403277733789,0.02079629898071289,-0.0008593395236386383,-0.003546032455695767,0.004040075916638032,-0.007675615139305592,0.007562876922482234,0.0045105459174504155,0.004195254532899592,0.014177413657307625,0.005396235022923392,0.0045105459174504155,0.0014680101458054286,0.013368500396609306,0.009961930716517946,0.0045105459174504155,0.004444966954002614,0.019693460315465927,0.010232479766988855,0.0045105459174504155,0.005493456176928722,0.020315080881118774,-0.002102179782580001,-0.004228879469909159,0.0024182791128017286,0.005941526032984257,0.003329496982080666,0.0045105459174504155,0.004144300598882801,0.00410617096349597,-0.08189941197633743,-0.0734906867146492,-0.03137064352631569,0.008813878521323204,0.04644611477851868,0.09265787154436111,0.11876298487186432,-0.08745355159044266,-0.08440376818180084,-0.032539065927267075,0.001943256938830018,0.036032501608133316,0.08189292997121811,0.10656077414751053,0.006352962896419115,0.006283443636695573,0.009684674225275379,4.779402014231214,1.0
2024-03-22,0.0350797054768587,0.0,0.004434406349182862,0.004434406349182862,0.004242770253906169,0.0025465332558180665,0.008409591129324982,0.004532858913553954,0.005762938761037637,0.00752862635999918,0.007518686998842276,0.0016880747710198117,0.003625652646842931,0.008792218752205372,0.004600253656845114,0.004532858913553954,0.006034124074704319,0.0014808737905696034,0.003893567271168368,0.004532858913553954,0.003171997133390769,0.0018357340013608336,0.00789922687931013,0.004532858913553954,0.004331092750747349,0.0083085335791111,0.007220944706320169,0.004532858913553954,0.0033036225244227665,0.004971879068762064,-0.004726196760989173,-0.0057069870745229834,0.0002088308640219366,-0.00985744409263134,0.00216785027791497,0.004532858913553954,0.0015770178468671736,-0.006196414586156607,-0.07607192546129227,-0.062230996787548065,-0.03442324325442314,0.006151472218334675,0.040585897862911224,0.07486418634653091,0.10673662275075912,-0.07734706997871399,-0.06864959746599197,-0.03713159263134003,-0.007474272046238184,0.030578158795833588,0.06557381898164749,0.08877820521593094,0.0023826166866244307,0.0022518430535978097,0.006558503790978938,4.9798565523290295,1.0
2024-03-29,0.0069675401374968,0.0,0.004498384009157134,0.004498384009157134,0.004384044023980368,0.0025796318583412256,0.002628612043585387,0.004598129953219135,0.002947606736925568,0.004639122635126114,-0.0007155479936497219,-0.006810705128561269,0.0047582293569804835,0.006094935815781355,-0.00018530698653930217,0.004598129953219135,0.00315499525661703,0.0019377120770514011,-0.001557400544635476,0.004598129953219135,0.001008579724951145,0.004358937963843346,0.0014301923110779167,0.004598129953219135,0.0034273138451499235,0.011319363489747047,0.0036973473211965096,0.004598129953219135,0.0034682551344672246,0.009743092581629753,-0.007486058361025784,-0.007702020774003205,0.0016750104328784273,0.00235339836217463,-0.0047664100130669655,0.004598129953219135,0.003419134283357778,0.0010563863907009363,-0.08208399266004562,-0.07117243111133575,-0.03601790592074394,0.0072892713360488415,0.040207602083683014,0.07219450175762177,0.10946328192949295,-0.08350836485624313,-0.07646306604146957,-0.03985396772623062,0.0010432458948343992,0.04405902698636055,0.07428479194641113,0.10626226663589478,0.0022226321775695008,0.002166584001507178,0.003703367842214051,4.854541207233062,1.0
2024-04-05,-0.0149669297862082,0.0,0.004503528084424508,0.004503528084424508,0.004355756600293283,0.002464368195699106,0.0025897642645224235,0.004603182000520367,0.004853776445693991,0.005267545580863953,0.004329334553171445,-0.00189039723651129,0.004977043257537776,0.010626872070133686,0.00015234199810256876,0.004603182000520367,0.004959925096112262,0.0013669849140569568,-0.0011083118491575297,0.004603182000520367,0.0029411799317689575,0.0020875814370810986,0.002721052154473165,0.004603182000520367,0.004247785466061607,0.004599112551659346,0.003426976598239479,0.004603182000520367,0.004805354776533119,0.00661816680803895,-0.008899497308237084,-0.009040996235934977,0.002162115681238672,-0.0021732232999056578,-0.003188298073981733,0.004603182000520367,0.003344198168061813,-0.006689136382192373,-0.07218115776777267,-0.0586797259747982,-0.0313149094581604,0.006710250396281481,0.03929867222905159,0.07228628545999527,0.0951048731803894,-0.0765596553683281,-0.0630292296409607,-0.036834049969911575,-0.0009498270228505135,0.03369312360882759,0.06580647081136703,0.08338041603565216,0.0014728842681091864,0.0014043633520843142,0.0043285670729001835,4.836535634304153,1.0
2024-04-12,0.1606157920287501,0.0,0.00446304896203234,0.00446304896203234,0.004492639170709595,0.0023930390043212556,0.0011787143571469895,0.004561543464803923,0.00022494694566082326,0.014201092533767223,0.005306673497246504,0.0011028837771713145,0.004819181306862971,0.022326400503516197,-0.003287322129014705,0.004561543464803923,0.0003231581606106988,0.0057404800318181515,-0.0037685178727045526,0.004561543464803923,-0.000617220728194443,0.003112480975687504,-0.0005341586292304757,0.004561543464803923,-0.0019746776233117254,0.009877171367406845,-0.00011206392407240012,0.004561543464803923,-0.00021744255642351922,0.004860889166593552,-0.011971119468213103,-0.009303601135630807,-0.001834772667822393,-0.007940703071653843,-0.006781994544095712,0.004561543464803923,0.0008475915338412854,-0.0018787662265822291,-0.0794198289513588,-0.05859600380063057,-0.03364190459251404,0.012286434881389141,0.0397900752723217,0.08767633885145187,0.10980833321809769,-0.08176223188638687,-0.06665964424610138,-0.03676653280854225,-0.0028795853722840548,0.029529906809329987,0.0773993656039238,0.08901152014732361,-0.00011053633404051052,-0.00020093917343036905,0.00504157432534474,5.045844881821557,1.0
2024-04-19,-0.0445279037365917,0.0,0.004787017308643788,0.004787017308643788,0.004554207309064205,0.00292552638766321,0.0034905516192887892,0.00489286883330487,0.005297589940584811,0.00248083658516407,0.0037088708444978826,-0.0012962833174650626,0.005562797594552074,-0.0006019677384756505,0.00022094362337385896,0.00489286883330487,0.005612849358857653,-0.00031679857056587934,-0.0012243962054808606,0.00489286883330487,0.0028527465629203342,-0.0017515755025669932,0.0020232733363226415,0.00489286883330487,0.0053630808253396,0.00030471288482658565,0.004743578260105482,0.00489286883330487,0.004176798979053159,0.003341400995850563,-0.00964209944512161,-0.008959338692713686,0.0006764538211357692,-0.001013125292956829,-0.003480901985042085,0.00489286883330487,0.0032270907736917575,-0.0064422134310007095,-0.08157643675804138,-0.07079412043094635,-0.03986986726522446,0.006927003618329763,0.04508361220359802,0.07730802893638611,0.11044353991746902,-0.08291706442832947,-0.07365453243255615,-0.040880389511585236,-0.0010985546978190541,0.033791184425354004,0.07662194222211838,0.1041400209069252,0.0010073676859397127,0.0010645562102385851,0.004040461744585635,4.95312421438905,1.0
2024-04-26,-0.0148499384021398,0.0,0.004684916022835847,0.004684916022835847,0.0038066706502388695,0.0029229273507637593,0.004570519422702415,0.004788163806673733,0.004154301297992294,0.0025701753329485655,0.002260374886272808,-0.0018376020158477474,0.005607023528408097,0.015374278649687767,-0.0015298224977783404,0.004788163806673733,0.004399834177313982,-0.0020665714982897043,-0.0019525915848920324,0.004788163806673733,0.0014864416036268675,-0.0018005551537498832,0.00256121126738285,0.004788163806673733,0.0032831914118754374,0.0055425530299544334,-0.0009480722107660482,0.004788163806673733,-0.00212872202315772,0.006624025758355856,-0.007966006762107167,-0.0025303321713566803,-0.0017546318678992971,-0.004825161304324865,-0.008102080228131331,0.004788163806673733,-0.0008642197187692232,-0.00275772949680686,-0.07702300697565079,-0.06675016134977341,-0.031240496784448624,0.003486944129690528,0.04155443236231804,0.08935617655515671,0.10782778263092041,-0.08318744599819183,-0.0699625164270401,-0.03307117521762848,-0.005035797134041786,0.03486928343772888,0.08887305110692978,0.10694872587919235,0.00035881582349370575,0.00040494827089020114,0.004020789965079252,5.3197838791141825,1.0
2024-05-03,0.0621656889401647,0.0,0.004644554753362756,0.004644554753362756,0.005191590404646044,0.002917221940283885,0.006876599868527671,0.004746645620185755,0.005786405984257437,0.010245200246572495,0.0014152535848270566,-0.00017814851681413005,0.005035432153480186,-0.006755798123776913,0.003916731688007083,0.004746645620185755,0.005961054512586366,0.0032830331474542618,0.0011757405996179484,0.004746645620185755,0.0030832710851846634,-0.00643780967220664,0.0055224272059874804,0.004746645620185755,0.007329784462761709,0.005966608412563801,0.007421432590994814,0.004746645620185755,0.00700388382305347,0.00946911983191967,0.000924514656921276,0.002743063505229788,0.002429674845553391,-0.0035306885838508606,-0.000993946883935985,0.004746645620185755,0.004052062090821347,-0.0033895322121679783,-0.0814703181385994,-0.06981922686100006,-0.0303637832403183,0.005752164870500565,0.03899751603603363,0.09224287420511246,0.11388038843870163,-0.08013220131397247,-0.06460697948932648,-0.03049343265593052,0.0011815219186246395,0.034995242953300476,0.0874624103307724,0.10905814915895462,0.003319318883642683,0.0033186708519303146,0.006913712929885839,4.940160599905359,1.0
2024-05-10,-0.0034860245858503,0.0,0.004763155030036575,0.004763155030036575,0.0048357499014003704,0.0029876572165190626,0.0021899751119265,0.004867782842379803,0.002806051107585694,0.014643971808254719,-0.007645812612123333,-0.008700511024983145,0.005473023852832299,-0.007672485895454884,-0.0012267515665345934,0.004867782842379803,0.002995484933390752,0.011307913810014725,-0.0030552727757608743,0.004867782842379803,0.0005981289225321018,0.008839838206768036,0.002927107498494116,0.004867782842379803,0.0016515125302242251,0.014829492196440697,0.0027360996835318905,0.004867782842379803,0.0025089864066536846,0.01738070882856846,-0.009074392556831646,-0.008524406346318443,-2.1000394976807522e-05,0.010602288879454136,-0.0027094195072922813,0.004867782842379803,0.0032772927962845316,0.0059241726994514465,-0.08134792000055313,-0.06973336637020111,-0.03598001226782799,0.010949356481432915,0.04537464305758476,0.07561953365802765,0.10241390019655228,-0.0823565348982811,-0.07011619210243225,-0.03309203311800957,0.003656405722722411,0.03724731132388115,0.0693327784538269,0.10457726567983627,0.0035544457689997157,0.0036564193687197667,0.00612694521753668,4.960368186816799,1.0
2024-05-17,-0.0150590418784242,0.0,0.004746181409427755,0.004746181409427755,0.0041706452511537685,0.0029407900360536856,0.005315729951066053,0.004850195879373003,0.003272688832327843,0.010708734393119812,0.006440559628141326,0.005296884816882045,0.005681032189412137,0.00016349161160178483,0.0031671804352718423,0.004850195879373003,0.0033344710328963435,0.005134060047566891,0.0019734327529444154,0.004850195879373003,0.0014854136767396414,0.0063739134930074215,0.00501472517714832,0.004850195879373003,0.003355230706441374,0.00832478329539299,0.006449916905978941,0.004850195879373003,0.004195236200715349,0.011592394672334194,-0.00288944804685636,-0.0018697399298324468,0.0021551201529985894,0.005215131212025881,0.001385378997289564,0.004850195879373003,0.0038858300579880287,0.010375735349953175,-0.08149266242980957,-0.0692996084690094,-0.02950897626578808,0.009863351471722126,0.04090806096792221,0.0753777027130127,0.10229341685771942,-0.08081147074699402,-0.07408791780471802,-0.031260501593351364,0.0002663546474650502,0.032062921673059464,0.06945927441120148,0.1034541204571724,0.004287906066119548,0.004326691300580008,0.006036837263971678,4.877851655422488,1.0
2024-05-24,0.0719380480607849,0.0,0.004705513599801776,0.004705513599801776,0.004834441096121801,0.0029410733505139406,0.0033086533201289016,0.004808369749629731,0.005780245236838812,0.007390588987618685,0.00318193464755746,0.0017771719482394324,0.005484607706013207,0.0023925246205180883,0.000956357889895071,0.004808369749629731,0.005863352656589894,0.0035808866377919912,-4.6487966370013095e-05,0.004808369749629731,0.004129625466926204,0.0033910274505615234,0.0031386090515659474,0.004808369749629731,0.005457079392221472,0.004604546818882227,0.0039878777665657145,0.004808369749629731,0.0053732050599801075,0.007280826102942228,-0.004044170593597019,-0.0015317298444705238,0.0028970750153534735,0.001675652340054512,-0.0005774528459648095,0.004808369749629731,0.0035369899751327267,0.00022360033472068608,-0.07611697912216187,-0.058486808091402054,-0.03260548412799835,0.006224065087735653,0.03969082236289978,0.060381270945072174,0.10028599947690964,-0.07692981511354446,-0.05986517295241356,-0.0334957018494606,-0.0026245005428791046,0.03844650834798813,0.05750219151377678,0.10261097550392151,0.003080779977372086,0.0031086361335201412,0.005321964323554033,4.886649609115026,1.0
2024-05-31,-0.0228238135652567,0.0,0.004843285186811987,0.004843285186811987,0.0049139719607444905,0.002955673071731116,0.0046558490405227216,0.004949102827850183,0.006185999092957342,0.013192608952522278,-0.001779449748868899,-0.003480930578130632,0.00523765496799971,0.009262618608772755,0.0027201114201612785,0.004949102827850183,0.006312939985951455,0.010086757130920887,0.0017135303411213087,0.004949102827850183,0.004876993794568459,0.008037550374865532,0.004390791877606716,0.004949102827850183,0.006271682483539941,0.015379146672785282,0.005967554636103816,0.004949102827850183,0.0060313847215052495,0.018639884889125824,-0.0004961047467168626,0.0008964981721127207,0.0043682179932315705,0.006993134506046772,0.00026023720776825743,0.004949102827850183,0.004411038501162189,0.004609627183526754,-0.07602287083864212,-0.05831444635987282,-0.031293269246816635,0.00639191223308444,0.0424630269408226,0.07409551739692688,0.09656297415494919,-0.07574538141489029,-0.05970008671283722,-0.029579905793070793,0.0008411945891566575,0.03636995702981949,0.07418093085289001,0.09522943198680878,0.005675687136859919,0.005746009782646931,0.007245889978463131,4.820616297604026,1.0
2024-06-07,-0.0364326498588951,0.0,0.004786706252758677,0.004786706252758677,0.004093940601100253,0.002905005795281181,0.004942610999485525,0.00489100049229975,0.002591069445504816,0.013064093887805939,-0.001049860396900664,-0.002040873507919418,0.0051321806749951935,-0.002318339655175805,0.0030910912269327467,0.00489100049229975,0.0026185879015643123,0.0066865915432572365,0.002417493620287508,0.00489100049229975,0.0012434036877667955,0.0053947665728628635,0.004735700061131025,0.00489100049229975,0.0021516790544517926,0.008628937415778637,0.005483149403997849,0.00489100049229975,0.0033362547053775765,0.0023318007588386536,0.0008708119999395678,0.0012796219854084197,0.002729402286717842,-1.7191603546962142e-05,0.0020666117384159207,0.00489100049229975,0.0037461527549590514,0.004975319840013981,-0.07186895608901978,-0.054337579756975174,-0.027870437130331993,0.008130772039294243,0.041679009795188904,0.06755378097295761,0.08596841245889664,-0.07540247589349747,-0.061298877000808716,-0.03358167037367821,-0.0001590815227245912,0.03744114562869072,0.07392969727516174,0.08481281250715256,0.0036760494756522323,0.0037027389771027135,0.006372193706274007,4.842073288148273,0.0
2024-06-14,-0.0413063365685708,0.0,0.004702585117836934,0.004702585117836934,0.005123124799075599,0.002753830926035451,0.008449153074320405,0.004804729823508111,0.008159813785438867,-0.016128767281770706,0.012195395343998102,0.010893049193107778,0.00485894537206197,0.009854167699813843,0.007626587697424185,0.004804729823508111,0.00800873944224055,-0.018024643883109093,0.006747135728366698,0.004804729823508111,0.007289398764144045,-0.013556312769651413,0.008603003904683385,0.004804729823508111,0.006393274493161841,-0.007563341874629259,0.009323941089558984,0.004804729823508111,0.008590378559007517,-0.009234691970050335,0.0014108232061111241,0.0030390152626057635,0.005655048364988643,-0.006762827280908823,0.012394956825224217,0.004804729823508111,0.005176836833083213,-0.00517693068832159,-0.0712597668170929,-0.05380949005484581,-0.03425848111510277,0.011075182817876339,0.03520689904689789,0.06411601603031158,0.08516117185354233,-0.07502418011426926,-0.06096106767654419,-0.03671706095337868,0.008657027967274189,0.037399064749479294,0.06694759428501129,0.08579076081514359,0.002248501700894592,0.0022559696875294596,0.0013212323503741692,4.734383894503185,0.0
2024-06-21,-0.0070288765002572,0.0,0.004608880593017366,0.004608880593017366,0.005178166523247595,0.002686628656842026,0.008264810657785475,0.004708665101857948,0.005135331547916592,0.0017465067794546485,0.015079739819069155,0.011999970616814466,0.004923035942574832,0.018975183367729187,0.008045898786994419,0.004708665101857948,0.005085558821596701,0.00248290435411036,0.007284847919071911,0.004708665101857948,0.004274882711400844,0.002935796743258834,0.00900274419914772,0.004708665101857948,0.0048606641201492575,0.010139325633645058,0.00898770472920649,0.004708665101857948,0.0061940987548747654,0.01186398696154356,0.004100609161091418,0.0031350080408005555,0.004957012766904612,0.008806572295725346,0.012764803600921153,0.004708665101857948,0.004753379853780755,0.016773734241724014,-0.07149035483598709,-0.05198105052113533,-0.02993093803524971,0.0038410606794059277,0.043050896376371384,0.07144629210233688,0.08810345828533173,-0.07817496359348297,-0.057238925248384476,-0.03541608527302742,0.004644713830202818,0.038753364235162735,0.07337187230587006,0.09037066996097565,0.006666369133551563,0.006651104189168408,0.004963828521753666,4.6471048181334105,0.0
2024-06-28,-0.0101913591634037,0.0,0.004585226615185507,0.004585226615185507,0.005093281466289197,0.0026503634178460297,0.012484584744137535,0.004684262728464777,0.007670764424577264,0.0011747922981157899,0.023817663329810508,0.021691325103482723,0.004120232407081571,0.010017028078436852,0.010681922193009574,0.004684262728464777,0.007673924323524294,0.00036755192559212446,0.010981187266507611,0.004684262728464777,0.006664094401025303,-0.0025615589693188667,0.011843917562200669,0.004684262728464777,0.0067395505579889515,0.0035332199186086655,0.011904590124974855,0.004684262728464777,0.006237405460966382,-0.00047296943375840783,0.012477799066904025,0.01270237672838136,0.0052908447060111274,-0.00021965954510960728,0.01663264671911762,0.004684262728464777,0.0031515389534324248,0.0009867949411273003,-0.071573905646801,-0.06331882625818253,-0.02977435477077961,0.005181529093533754,0.040954407304525375,0.06986810266971588,0.08066330850124359,-0.07702512294054031,-0.06427797675132751,-0.031849779188632965,0.009569245390594006,0.03700995072722435,0.07326849550008774,0.08145401626825333,0.0061681871059795544,0.006075142692481668,0.006503601048823842,4.85240697945788,0.0
2024-07-05,0.0434314136263269,0.0,0.004555253824559566,0.004555253824559566,0.004705220084838495,0.0026358015735439655,0.011280577458340569,0.004653400442382062,0.005014099039881897,0.014471224509179592,0.019277210016367393,0.015650397487638287,0.004009703732418233,0.0072435722686350346,0.009913929306554221,0.004653400442382062,0.005008794562757474,0.011346934363245964,0.009474178905087213,0.004653400442382062,0.003953866912576236,0.009978734888136387,0.010276857439682579,0.004653400442382062,0.005499131609534117,0.01430510450154543,0.011975916186533687,0.004653400442382062,0.005798464001626527,0.009126981720328331,0.007669682782893209,0.007967487586223527,0.004480517992282047,0.005949359852820635,0.014212713375557483,0.004653400442382062,0.004031323923108268,0.015861768275499344,-0.07280216366052628,-0.05467239394783974,-0.029547186568379402,0.006399368867278099,0.043291762471199036,0.07451441884040833,0.09351740777492523,-0.0755382552742958,-0.0614108070731163,-0.033511098474264145,-0.0018238372867926955,0.035125382244586945,0.07395458221435547,0.09496036916971207,0.007920781266579292,0.007909594541639317,0.00885482536244603,4.791560755950094,0.0
2024-07-12,-0.014316636799557,0.0,0.004633950504320228,0.004633950504320228,0.004705934944266522,0.0026577817461747133,0.0036740984469354815,0.004733686183963729,0.007154007185965163,0.01734427735209465,0.014856075461669824,0.016580648262534317,0.0036054614946651247,0.021885091438889503,0.0057035226486079615,0.004733686183963729,0.007033318399811732,0.018153157085180283,0.0036097159437710837,0.004733686183963729,0.006869359353904115,0.01726531982421875,0.006041813581343963,0.004733686183963729,0.007467643327939692,0.015310943126678467,0.0040269500011938745,0.004733686183963729,0.009583511323566022,0.017186718061566353,-0.0020723848722545915,3.7267795367250042e-06,0.007943144856231847,0.015620332211256027,0.005723494785495116,0.004733686183963729,0.009664112200520231,0.014677273109555244,-0.07862433046102524,-0.05713586136698723,-0.02974718064069748,0.004850977566093206,0.03496745228767395,0.07305316627025604,0.09515459835529327,-0.07916112244129181,-0.056067585945129395,-0.02934614196419716,0.0013908820692449808,0.030249251052737236,0.06706727296113968,0.09301772713661194,0.008061670944497565,0.008185492388343336,0.008226517292239756,4.291867140683354,0.0
2024-07-19,-0.0495114047344156,0.0,0.004595666489564921,0.004595666489564921,0.00423004032831354,0.0026590247037938755,0.004439118847988162,0.004694326012510173,0.004687852758423686,0.01782429963350296,0.006220691495865538,0.008732046191036829,0.003417595936921128,0.016668422147631645,0.00406640435878896,0.004694326012510173,0.004650402680906614,0.02088925428688526,0.004614059977388637,0.004694326012510173,0.005003595288609743,0.0181388258934021,0.005551205953415696,0.004694326012510173,0.0023859918784132628,0.01894363947212696,0.003901800816283366,0.004694326012510173,0.0032193026643871667,0.01951579563319683,-0.0008882981699132719,-0.0010153918483291014,0.004079306524693414,0.013139349408447742,0.007243404355626884,0.004694326012510173,0.005214346474227502,0.019933152943849564,-0.07509208470582962,-0.054280247539281845,-0.02919468842446804,0.008046119473874569,0.036837056279182434,0.07404043525457382,0.09665119647979736,-0.07899679243564606,-0.05431631579995155,-0.02779899537563324,-0.0018756140489131212,0.02897522784769535,0.0673111155629158,0.09736570715904236,0.007585740777289925,0.0076655778016430885,0.007911399313106245,4.606063995057331,0.0
2024-07-26,0.0279393686892417,0.0,0.0044865796524198,0.0044865796524198,0.004801458515308204,0.00261107688322598,0.006337516238315698,0.0045825616192175424,0.007225046430330298,-0.002203793730586767,0.010571393403526124,0.01267130166754498,0.002733412623123811,0.008224694058299065,0.007481657774017191,0.0045825616192175424,0.007126974408309696,0.0038238237611949444,0.007775655693521903,0.0045825616192175424,0.008082987495203076,0.005529844202101231,0.00603443620067298,0.0045825616192175424,0.008125599418497473,0.005015803035348654,0.007313925087236752,0.0045825616192175424,0.008038481120729505,0.005952368024736643,0.0033342697740530074,0.0038024638175034584,0.007599585989677765,0.008275134488940239,0.008105808233545935,0.0045825616192175424,0.007169314476273912,0.01577041856944561,-0.07575279474258423,-0.05846736580133438,-0.029552921652793884,-0.0022279350087046623,0.024897955358028412,0.06924204528331757,0.08093953132629395,-0.07869810611009598,-0.054285936057567596,-0.029723212122917175,0.002548295073211193,0.030996544286608696,0.0733829140663147,0.08233679831027985,0.006552973319462404,0.006517113536988691,0.0039853326393191925,4.443370754028826,0.0
2024-08-02,0.039152707531457,0.0,0.004533768362755457,0.004533768362755457,0.005042621824153979,0.002616926418933335,0.004669716064671866,0.0046306208930241765,0.0042236462528394084,0.012415152974426746,0.006708173676960061,0.005149703444095216,0.003062332439304433,0.004716052673757076,0.0056864803341353885,0.0046306208930241765,0.0041714241592040605,0.014191856607794762,0.00561145238057089,0.0046306208930241765,0.004874884653129003,0.01231386885046959,0.005524500283208882,0.0046306208930241765,0.0034689649378917354,0.013147181831300259,0.005966499691524522,0.0046306208930241765,0.00471485522342505,0.014504797756671906,-0.002288078396553583,-0.0028501070940707904,0.004560471337114896,0.006231566425412893,0.0069572976395922675,0.0046306208930241765,0.006255745667064792,0.014223248697817326,-0.07828515768051147,-0.05807875096797943,-0.029347041621804237,0.007045268546789885,0.031972941011190414,0.07390279322862625,0.09888116270303726,-0.07890215516090393,-0.05821037292480469,-0.028447242453694344,0.0006926159258000553,0.027474721893668175,0.06583331525325775,0.09823279082775116,0.006267500643784364,0.00617182586929889,0.00648478404624055,4.440093795910171,0.0
2024-08-09,-0.0062535735350914,0.0,0.004603284304861284,0.004603284304861284,0.004279336539181544,0.002589869322367732,0.009517586471271395,0.0047015081345815335,0.006544382094975435,0.0068188919685781,0.007593427905702415,0.002743963098710757,0.00333254288326981,-0.0005844546249136329,0.007743603066440965,0.0047015081345815335,0.006649408702461189,0.004483372438699007,0.009063705640167346,0.0047015081345815335,0.0065418809589936205,0.004405561368912458,0.00793746040868937,0.0047015081345815335,0.0060484387245247455,0.0028485837392508984,0.008095884024417556,0.0047015081345815335,0.003593658706701297,0.012192375026643276,0.007127009818109058,0.006684696466562579,0.0036234307314079936,-0.0049888817593455315,0.012490112479121596,0.0047015081345815335,0.0017975505569526973,0.012706011533737183,-0.07820399850606918,-0.058081187307834625,-0.03163785859942436,0.013442812487483025,0.039852324873209,0.07242722809314728,0.09404930472373962,-0.07929003983736038,-0.05807338282465935,-0.02849123626947403,-0.002609000075608492,0.03414471447467804,0.07064113020896912,0.09352655708789825,0.005939641804389791,0.005937085061592893,0.006895592167351616,4.8058300753948755,0.0
2024-08-16,0.0333691411746182,0.0,0.004581527074721098,0.004581527074721098,0.004241734364599628,0.00255362052068922,0.004916340838477032,0.004679059196733843,0.00433922872977078,0.012457478791475296,0.0021609164357449554,-0.0006326177115949516,0.003626635801796961,0.004911900032311678,0.0019073314223974455,0.004679059196733843,0.0044365884647709014,0.008956808596849442,0.0024403306745828285,0.004679059196733843,0.0038290617014681734,0.008530473336577415,0.002420204945361227,0.004679059196733843,0.004617632094205739,0.013316470198333263,0.004879029439419815,0.004679059196733843,0.0031347732197325984,0.012489212676882744,-0.003425317811959575,-0.001752013341317707,0.0012530726384707693,0.0018059872090816498,0.006086567497797342,0.004679059196733843,0.002131380809947651,0.012850304134190083,-0.0751786082983017,-0.053111299872398376,-0.028724081814289093,0.009785568341612816,0.03647025302052498,0.06947899609804153,0.08165036141872406,-0.07925908267498016,-0.05225328728556633,-0.028416583314538002,-0.004556718748062849,0.03056269884109497,0.06359546631574631,0.08309271186590195,0.004720966412102542,0.004696103609998245,0.006598026889114238,4.947397939652897,0.0
2024-08-23,-0.0193531971412266,0.0,0.004639102302920892,0.004639102302920892,0.004698527034096827,0.0025739740690447956,0.002439416575934666,0.004737730121023996,0.006199869920220995,0.009838944301009178,0.003296883364190213,0.0010851322715648968,0.0037746410193585356,0.004199483897536993,9.417902438587332e-05,0.004737730121023996,0.006298694811284648,0.00791830476373434,-0.001067020921290681,0.004737730121023996,0.004980868069895363,0.008366969414055347,0.0018710182901953594,0.004737730121023996,0.006340792156199379,0.010114477947354317,0.0038662303164989473,0.004737730121023996,0.005946182574125701,0.013395635411143303,-0.005368865847241268,-0.002119588136395632,0.0029154261001149316,0.002270155120640993,0.0035539627339430955,0.004737730121023996,0.003963552282880876,0.013088342733681202,-0.07473188638687134,-0.05308091640472412,-0.02981494553387165,0.006922819651663303,0.036029595881700516,0.07196070998907089,0.09265580773353577,-0.07804962992668152,-0.0518009252846241,-0.02794310450553894,-0.0017325652297586203,0.032986562699079514,0.07065977156162262,0.09341852366924286,0.004588248643763586,0.004621220347997394,0.005803990229547209,4.843185117202331,0.0
2024-08-30,-0.0117373899288049,0.0,0.004591213481675089,0.004591213481675089,0.004328559049261673,0.002562891244445365,0.002476381854709397,0.0046885649633459335,0.004507858025246352,0.0028355855029076338,0.005650707710241435,0.0037962194987941006,0.003799231838969242,0.005024572368711233,-0.00039300075413034163,0.0046885649633459335,0.004597664914938609,0.0009219713392667472,-0.0013438537025765272,0.0046885649633459335,0.0031891082465685594,0.0007358663715422153,0.001981758685249976,0.0046885649633459335,0.0036553691138499263,0.003630704013630748,0.0028131131343133125,0.0046885649633459335,0.003721927177737632,0.0030704871751368046,-0.008612910828514389,-0.006264594970214133,0.0003899678418144703,-0.004446465987712145,0.004107069434813082,0.0046885649633459335,0.0025986485940452638,0.004673528950661421,-0.07456132024526596,-0.05198981612920761,-0.028597895056009293,0.0032249023206532,0.033837076276540756,0.068670853972435,0.08624893426895142,-0.08015552163124084,-0.048921599984169006,-0.027718061581254005,-0.0012331160251051188,0.026343708857893944,0.06173630431294441,0.08830703794956207,0.0017695493152979542,0.001784778159805133,0.003627097586552329,4.930276417933895,0.0
2024-09-06,-0.0555698511548108,0.0,0.004558686383247838,0.004558686383247838,0.004860759039986725,0.0025628583191013043,0.005228433262231386,0.004655110880062531,0.0068518460869657245,0.005266470368951559,0.0048243055048148055,0.0049130671185297296,0.0034167227834718534,0.003960422705858946,0.0020761062870466238,0.004655110880062531,0.006961252291508187,0.0013339957222342491,0.0012329519625368032,0.004655110880062531,0.005388637568903858,0.003071965416893363,0.004191019274724257,0.004655110880062531,0.006566555210040531,0.005620177835226059,0.005743478156154502,0.004655110880062531,0.00587288595196681,0.009520202875137329,-0.0066500335578241945,-0.003319169788428402,0.001743979697940907,0.002521705348044634,0.006387015608991311,0.004655110880062531,0.002954408192109126,0.007568540051579475,-0.07526572048664093,-0.05203520134091377,-0.02805713750422001,0.004938493482768536,0.027717651799321175,0.06667502224445343,0.08111118525266647,-0.0793604925274849,-0.04795842245221138,-0.026043683290481567,-0.0031534091103821993,0.028347976505756378,0.06282505393028259,0.08245545625686646,0.0038358845210457533,0.0038153700773373134,0.0055004651495528,4.965505392285316,0.0
2024-09-13,-0.0229685357555506,0.0,0.004439146547188079,0.004439146547188079,0.004739114230903787,0.002576676554057894,0.003565654498848952,0.004532702420642056,0.004286320845792887,0.005771787837147713,-0.009408454697248006,-0.004415200459366684,0.0027465664645762353,-0.012138543650507927,0.000603552280510347,0.004532702420642056,0.004307430850307959,0.0005273820133879781,-0.0006628311587524235,0.004532702420642056,0.0037644301123755212,0.00044331420212984085,0.0029348916966992177,0.004532702420642056,0.0012688028218756733,0.004355470649898052,0.0040107610579501254,0.004532702420642056,0.0057159371194343755,-0.000784370000474155,-0.005691795647571193,-0.00013876297845532345,0.0018945710517457603,-0.003169437637552619,0.0037408679611315304,0.004532702420642056,0.004729820968265139,-0.0018589937826618552,-0.07560160756111145,-0.04782388359308243,-0.028588633984327316,0.011394415982067585,0.04015349596738815,0.06795740872621536,0.09357484430074692,-0.07979539036750793,-0.04888821020722389,-0.03436214476823807,0.0009256226476281881,0.030072571709752083,0.06328220665454865,0.09216653555631638,0.0020272730701439263,0.002001778985705596,0.004539116400607902,4.939242076917621,0.0
2024-09-20,-0.024927291610183,0.0,0.004384766225158836,0.004384766225158836,0.005069238238718375,0.002581484147718625,0.00840560809895557,0.004476918976065601,0.007237376688332781,-0.011566445231437683,-0.0005494453051447176,0.001265556474624625,0.0026713362410501,-0.005898383911699057,0.005782797134923726,0.004476918976065601,0.007347503671292576,-0.010882820934057236,0.00450179061200685,0.004476918976065601,0.005395613071035023,-0.011396904475986958,0.008099971506861398,0.004476918976065601,0.006916027635207761,-0.004647983703762293,0.008637799143454259,0.004476918976065601,0.007529521895008721,-0.007926042191684246,0.0019150611597495899,0.006047387368622593,0.0035920267147468857,-0.00825109425932169,0.00934317090580381,0.004476918976065601,0.00483501679625975,-0.008578545413911343,-0.0764198750257492,-0.05951746553182602,-0.028506724163889885,-0.0014681669417768717,0.026577945798635483,0.06576753407716751,0.08241590857505798,-0.08115040510892868,-0.061030562967061996,-0.03386987745761871,-0.0054456451907753944,0.02894563414156437,0.06917932629585266,0.08321665972471237,0.002110203813190716,0.00211914282330035,0.002138364632979067,4.9198506289204165,0.0
2024-09-27,0.04533616324139,0.0,0.0043267225462769714,0.0043267225462769714,0.004648511771661966,0.0025529238508761394,0.00812571825913954,0.00441739628257117,0.004696029947751663,0.008283235132694244,0.00305443754211575,0.004276186799446539,0.003163457584301084,0.02303357608616352,0.007888399832850813,0.00441739628257117,0.0047260767600950885,0.004437569994479418,0.006037434536712257,0.00441739628257117,0.003635191310469084,0.005955120082944632,0.00919195253980096,0.00441739628257117,0.0050791713195847835,0.009393959306180477,0.00863147749750455,0.00441739628257117,0.006964981665276879,0.011461704969406128,0.0025285003668273115,0.004170373438552843,0.0035387783502169794,-0.0003725708229467273,0.010213760234356623,0.00441739628257117,0.006009319234922346,-0.0005099852569401264,-0.07619339227676392,-0.055842991918325424,-0.02517556957900524,0.0002472980704624206,0.032883938401937485,0.06737902760505676,0.08306493610143661,-0.08115293085575104,-0.061925098299980164,-0.030412916094064713,0.003917080350220203,0.02798517420887947,0.07148399204015732,0.08594539761543274,0.005461174865547923,0.005413942472201616,0.006380594905539154,4.657107800464646,0.0
2024-10-04,-0.0667017718868487,0.0,0.004407768871761385,0.004407768871761385,0.004596307678914963,0.0025684279644520164,0.007587582336909445,0.004500060458245552,0.006400612221402904,0.005567076615989208,0.00818019294973313,0.006823045994686332,0.0034727872054917523,0.023412050679326057,0.004714484861669342,0.004500060458245552,0.006585629421977215,0.004452129825949669,0.004478770970256816,0.004500060458245552,0.004993975360882325,0.0018857786199077964,0.006979736060080002,0.004500060458245552,0.004834912972033157,0.009196113795042038,0.006116342568226522,0.004500060458245552,0.004439079062149208,0.0077431960962712765,0.004061053767677309,0.006937902865688427,0.0024884977426201703,-0.0004914954188279808,0.008652455449482194,0.004500060458245552,0.0031458467076174966,0.005725421477109194,-0.07755248248577118,-0.060134127736091614,-0.02843525819480419,0.005090280435979366,0.037185657769441605,0.07067031413316727,0.09375558793544769,-0.07832872867584229,-0.06146331876516342,-0.03314584866166115,-0.006991930305957794,0.0360296256840229,0.06679435074329376,0.09337403625249863,0.0049766722707099975,0.0049637075665283645,0.006013832908136777,4.930443252960057,0.0
2024-10-11,0.0405834487457363,0.0,0.004267513367306532,0.004267513367306532,0.004007657322283742,0.0026422164748653378,0.012342804998149572,0.004356508376904635,0.006433316105279157,-0.005339934024959803,0.013290852728489053,0.014287447850665026,0.0037276855328941564,0.020809045061469078,0.009029183782032385,0.004356508376904635,0.00653268467370846,-0.007317312993109226,0.008942298666434052,0.004356508376904635,0.004783688719950351,-0.005645358469337225,0.010513724236437337,0.004356508376904635,0.007609766907565984,-0.003154727164655924,0.011991962566510972,0.004356508376904635,0.006340355798222539,-0.001843159319832921,0.003927477832068307,0.004400324171183471,0.0028654011262278243,-0.006128591485321522,0.012648640885195059,0.004356508376904635,0.0029298887653111307,-0.0023591644130647182,-0.07516121119260788,-0.048904985189437866,-0.03185917064547539,0.003000927157700062,0.03777594119310379,0.06750457733869553,0.08478904515504837,-0.07845773547887802,-0.050081703811883926,-0.03253914415836334,-0.003014135407283902,0.03108580783009529,0.061859130859375,0.08651445806026459,0.00366040109041873,0.0035827021296668026,0.004448173863843391,4.986873729262354,0.0
2024-10-18,-0.0368836134305547,0.0,0.004339001429075094,0.004339001429075094,0.00507087368415096,0.0025991437010432685,0.005711459622941031,0.004429399605010937,0.00633605675941027,0.005968167446553707,0.011765566317891898,0.011302282730856018,0.0038322794357754384,0.011694857850670815,0.0050750863505776254,0.004429399605010937,0.00632552940548099,0.005393367726355791,0.0031228285842505436,0.004429399605010937,0.004366511864695145,0.0036107853520661592,0.006767213155823288,0.004429399605010937,0.006648000733152617,0.005826997105032206,0.006541277684651203,0.004429399605010937,0.00768407114235335,0.008861660957336426,-0.0028605770628215097,-0.00017622112007251427,0.004936925332126536,0.0028839120641350746,0.007311685188001607,0.004429399605010937,0.005830193646616489,0.005599283613264561,-0.0778558999300003,-0.059995461255311966,-0.03364649787545204,0.005780460312962532,0.03800708428025246,0.07021340727806091,0.09234407544136047,-0.07886528223752975,-0.06472950428724289,-0.03331340104341507,0.0005117197288200259,0.03260727599263191,0.06131886690855026,0.09330280125141144,0.004828980406170011,0.004795076763940316,0.0056112708584789865,4.681010279023702,0.0
2024-10-25,0.0726044109561616,0.0,0.004258013973555193,0.004258013973555193,0.003883345480709589,0.0025837626406486135,0.003425552960162696,0.004346441747509801,0.005199883464642535,0.0032356560695916414,0.004614970263635047,0.005763611813345988,0.003486182276533228,0.008931498974561691,0.0028028320724750064,0.004346441747509801,0.005144486462595462,0.0033677536994218826,0.0016110119335292568,0.004346441747509801,0.0041794622109829075,-0.00264850165694952,0.004324058733371791,0.004346441747509801,0.0038912339544315807,0.003967775031924248,0.004073483533713262,0.004346441747509801,0.0057892262670300445,0.003601377597078681,-0.0030880957293518696,-0.0007092710388259,0.003963655487058311,-0.005110426340252161,0.0055283223997654755,0.004346441747509801,0.003979899861461658,0.004436472896486521,-0.07550518214702606,-0.04405082389712334,-0.02907443977892399,0.0033812823239713907,0.03809329494833946,0.06711704283952713,0.08598804473876953,-0.0833108052611351,-0.05053580179810524,-0.031530123203992844,-0.0026957348454743624,0.030532164499163628,0.06217091530561447,0.08959776908159256,0.002951540254728985,0.0029020847057915416,0.004051883560476669,4.703256906707539,0.0
2024-11-01,-0.0473949903484616,0.0,0.004392026516658343,0.004392026516658343,0.0048096862838598355,0.002685817073032751,0.00519900148467131,0.004483231264962009,0.006456051704796115,0.007634481880813837,-0.0013375183775887244,-0.0002781838041407761,0.0033159460882869396,0.012817537412047386,0.002025826655091848,0.004483231264962009,0.006629346743534843,0.0017143329605460167,0.002448518253531301,0.004483231264962009,0.004917942473389813,0.002726174658164382,0.0034349399957125624,0.004483231264962009,0.0053121418311510545,0.005640771239995956,0.003709375488913588,0.004483231264962009,0.00414005289950243,0.006900752894580364,-0.003105276055092132,-0.00022457209189084056,0.0027336496946508025,-0.0033831039909273386,0.005838925716392875,0.004483231264962009,0.002284976250217247,0.0035582969430834055,-0.07771635055541992,-0.05790255591273308,-0.03454982116818428,0.005686541553586721,0.04015772044658661,0.07170233875513077,0.09094945341348648,-0.07878018915653229,-0.06320386379957199,-0.03482893854379654,-0.007958372123539448,0.033744171261787415,0.06671356409788132,0.09140610694885254,0.0033216345368899266,0.00331990572918166,0.005943191583810818,4.967018484968216,0.0
2024-11-08,0.0629520120055522,0.0,0.004290682060953607,0.004290682060953607,0.0033827399778521587,0.0027117399713151562,0.0004107141397385085,0.004379474821735162,0.004849383033340683,-0.0032836166210472584,-0.01255628055008074,-0.006927182548120275,0.0028428122045228627,-0.0059640901163220406,-0.002057214437545131,0.004379474821735162,0.004873059513677995,-0.006790990009903908,-0.0027896407453364552,0.004379474821735162,0.004315420563921984,-0.003058990463614464,-0.0007140202227960656,0.004379474821735162,0.0040587210956598355,0.002130386885255575,0.0015226714612239676,0.004379474821735162,0.006610397449010121,0.001140737091191113,-0.00585380107574981,-0.00043545581122372834,0.004475832412547301,-0.00760559132322669,0.00041993822346502244,0.004379474821735162,0.004797359702795094,-0.0024144714698195457,-0.10486515611410141,-0.08985652029514313,-0.028884895145893097,0.013258613646030426,0.03987410292029381,0.07038018852472305,0.08917991071939468,-0.10414249449968338,-0.0859190821647644,-0.03112955577671528,-0.0009695393964648247,0.030514203011989594,0.07243025302886963,0.08970170468091965,0.0010217384561753342,0.0010101211508492993,0.0015889888434417738,4.870696366077733,0.0
2024-11-15,-0.0001470263915024,0.0,0.00440525497100165,0.00440525497100165,0.005150761378235488,0.0027882813791322318,0.00275855730520243,0.0044963860735990685,0.007342269710237413,0.0014659466687589884,-0.003874549066802592,-0.001917752106409801,0.0037826666121335687,-0.008117043413221836,0.003281922991769922,0.0044963860735990685,0.007113624253054458,0.004871513694524765,0.0014423095930823611,0.0044963860735990685,0.005348415724263421,-0.0002235498686786741,0.004562601193953514,0.0044963860735990685,0.006929448978124325,-0.002328048460185528,0.0036383847243675574,0.0044963860735990685,0.008412000985140413,0.0043738712556660175,-0.0010399318009153419,0.0026151071588032776,0.007757485335833928,-0.008281883783638477,0.00528602067663301,0.0044963860735990685,0.007017291644477651,-0.0049489219672977924,-0.10399438440799713,-0.08757281303405762,-0.03526652604341507,0.010695802979171276,0.0385163314640522,0.0713614821434021,0.09057816118001938,-0.09063814580440521,-0.07937843352556229,-0.03240802511572838,-0.000678297714330256,0.03895418345928192,0.06861642003059387,0.09234720468521118,0.0032628996957072567,0.0033349542342879703,0.004015789939449475,4.577840907977361,0.0
2024-11-22,0.0183571588469666,0.0,0.004396381128189751,0.004396381128189751,0.003344717632096683,0.0027745025233639614,0.0006279084461720055,0.004487136247971376,0.005903934078172157,0.007929067127406597,-0.007581404309696528,-0.006281744199362561,0.0039968273962078145,-0.009420561604201794,0.0013246714074100665,0.004487136247971376,0.005614961755858809,0.009667360223829746,0.0005206359132993825,0.004487136247971376,0.005063158476641287,0.003210914321243763,0.001954022056193527,0.004487136247971376,0.004392298829239962,0.006740974262356758,0.0020224071720173864,0.004487136247971376,0.006370219944693221,0.013763883151113987,-0.003758721932112949,-0.0010648975878962876,0.006839336353566228,-0.002661304548382759,0.003318544688264124,0.004487136247971376,0.005649369672267189,0.010214065201580524,-0.10124103724956512,-0.08351138234138489,-0.02208973467350006,0.009466216899454594,0.041882116347551346,0.07029222697019577,0.08236497640609741,-0.09010940790176392,-0.07760164886713028,-0.022539786994457245,0.000242082605836913,0.03707681596279144,0.07280905544757843,0.08447474241256714,0.004234065858376702,0.004221423120334538,0.0047370114749305334,4.554271270729294,0.0
2024-11-29,-0.0021677875387133,0.0,0.004423542174335231,0.004423542174335231,0.004481313292473838,0.002782016375663451,0.0027701699200166434,0.004514710845583692,0.007904874808094944,-0.0014060970861464739,-0.005143618130787569,-0.003687062116341476,0.0036891972635996386,-0.014281467534601688,-0.0006650033819867313,0.004514710845583692,0.007939319586270794,-0.01259059738367796,0.00072913236486233,0.004514710845583692,0.006623259544434785,-0.009012408554553986,8.307294188926624e-05,0.004514710845583692,0.0059266187457605824,-0.014508250169456005,-0.003486962664524729,0.004514710845583692,-0.00026245627381810306,-0.005865388549864292,-0.007986066312079343,0.0006849765213410852,0.0029976498017270604,-0.018329765647649765,-0.0012334031874569216,0.004514710845583692,-0.00018039274897239683,-0.013439738191664219,-0.09546254575252533,-0.08013520389795303,-0.022030605003237724,0.00753768952563405,0.03260717913508415,0.06774204224348068,0.07893167436122894,-0.09360042214393616,-0.07660499215126038,-0.019847972318530083,-0.008781442418694496,0.03641144931316376,0.068049855530262,0.0809827595949173,-0.0016667853888125035,-0.0015132568874889338,0.0034459146218872015,5.032176879293465,0.0
2024-12-06,-0.0017376198985408,0.0,0.004410743475863293,0.004410743475863293,0.004170744191830622,0.002729085309971568,0.0007265322987501221,0.004501451920218023,0.005923080778257442,0.006113388109952211,-0.0025840706453539664,-0.0005278068153366572,0.004603782619808773,0.005510504357516766,-0.0035418941416161523,0.004501451920218023,0.0060229085421950055,-0.0070730713196098804,-0.0032550366729740213,0.004501451920218023,0.003743832914162226,-0.0062952772714197636,-0.0022138794079617965,0.004501451920218023,0.005937373771623888,-0.0006372843054123223,0.0007108774619042019,0.004501451920218023,0.004557989168891464,0.002545102033764124,-0.007749308553204254,-0.002629868758811202,0.002470712376782085,-0.009315038099884987,-0.00017770492864993808,0.004501451920218023,0.003355734159419921,-0.0013980300864204764,-0.09113550186157227,-0.07814944535493851,-0.020759303122758865,0.0096566341817379,0.040074221789836884,0.07005497068166733,0.07986867427825928,-0.09376171976327896,-0.0749828889966011,-0.01099744439125061,-0.0047318763099610806,0.034990571439266205,0.06661858409643173,0.08221662789583206,0.0003152248534945099,0.00040913954387999344,0.00431611327679445,5.114467115040024,0.0
2024-12-13,-0.0580283573484887,0.0,0.004398828042967161,0.004398828042967161,0.004533337900849538,0.00267322274676546,0.0034067074387156603,0.004489097322557115,0.007073217158234434,0.007090062368661165,-0.0006257475532688,0.0020512753977275505,0.004284243028008784,-0.0011504830326884985,0.00012109374141520187,0.004489097322557115,0.00723203825254027,0.006877998821437359,-0.0013478660660841786,0.004489097322557115,0.003962047806780312,0.004570627119392157,0.002832105237806828,0.004489097322557115,0.00602992070134722,0.003928713034838438,0.005190839333699116,0.004489097322557115,0.006690059369790952,0.004030981566756964,-0.005836645684987416,-0.0013434269130967302,0.0028924863586936183,-0.0007919794879853725,0.004088385425047785,0.004489097322557115,0.00413280881552015,0.004689791239798069,-0.07393280416727066,-0.052618782967329025,-0.01817665435373783,0.002640757942572236,0.03435993939638138,0.06734557449817657,0.07854192703962326,-0.07787932455539703,-0.052711766213178635,-0.017027605324983597,-0.0055657341144979,0.03195292875170708,0.05943544954061508,0.08107706159353256,0.0033498110535623467,0.0033661402208805752,0.0055147710720420936,5.026934136764513,0.0
2024-12-20,0.0263731562991811,0.0,0.00427807913505332,0.00427807913505332,0.004513179795467876,0.002732908378018896,0.005429287144491255,0.0043655450405985265,0.005865856451967231,0.009953844361007214,0.00722926337276872,0.00694933106095834,0.003734984653019095,0.016779733821749687,0.0013172423493954203,0.0043655450405985265,0.005997431635390561,0.006936335936188698,1.7257680006775404e-05,0.0043655450405985265,0.002510769725251208,-0.0007655717199668288,0.004569071783252493,0.0043655450405985265,0.00480442168820343,0.00793685857206583,0.005396823475444586,0.0043655450405985265,0.004845212257857907,0.008767174556851387,-0.008987881271580667,-0.006516677960226054,-0.0003356186231504889,9.731933823786676e-05,0.005924895508042025,0.0043655450405985265,0.0023893005052775845,0.008886659517884254,-0.07740934938192368,-0.045820239931344986,-0.028269046917557716,0.007797540165483952,0.041227247565984726,0.06957940757274628,0.08536385744810104,-0.1247137114405632,-0.06956441700458527,-0.029428454115986824,-0.0030051791109144688,0.030725449323654175,0.06755419075489044,0.09032425284385681,0.003150781256559109,0.003078145347693818,0.006403633249516057,5.113981260986331,0.0
2024-12-27,0.0481845030005176,0.0,0.004320733724173258,0.004320733724173258,0.0054083477874827795,0.0024151753457632907,0.005365822322360195,0.004408952557873837,0.0009443914371500225,-0.0018287576967850327,0.0006547774896132836,0.0012720722688170918,0.004727820325152088,-0.010226588696241379,0.0028240607938640116,0.004408952557873837,0.0009763087739892745,-0.006869643460959196,0.0009547349360147228,0.004408952557873837,-0.0016835840244568473,-0.0038834691513329744,0.00535197844671614,0.004408952557873837,0.0009672546001515715,0.008845501579344273,0.0066860117040026795,0.004408952557873837,0.0028069889899313433,0.01563343219459057,-0.002392664543714989,0.00019679845757061137,-0.001474989490656135,-0.007897326722741127,0.006473892334735545,0.004408952557873837,0.003849557597115979,0.0030480320565402508,-0.0843503400683403,-0.0665840283036232,-0.033872976899147034,0.009864449501037598,0.0443512387573719,0.07128477096557617,0.09694881737232208,-0.08331282436847687,-0.06319990009069443,-0.03267452493309975,0.002648432506248355,0.029170548543334007,0.07251843810081482,0.0967196449637413,0.00235240157750312,0.002395180276573746,0.002222602155149755,4.9179241740517305,0.0
2025-01-03,0.0594919525815482,0.0,0.004405249657268333,0.004405249657268333,0.003908616180087103,0.002459524757703242,-0.00934355735368923,0.004495124901264869,0.0026771705367284607,-0.018382446840405464,-0.01650966444316923,-0.010954481717433122,0.004075365851110435,-0.02361442893743515,-0.010762103692011228,0.004495124901264869,0.0026249861683125563,-0.020295118913054466,-0.012639028725165913,0.004495124901264869,0.0007381454935796077,-0.024091949686408043,-0.008247518308340052,0.004495124901264869,0.0016341022677519024,-0.013023841194808483,-0.008383509621477372,0.004495124901264869,0.004356677030083608,-0.00014907203149050474,-0.01613678187902591,-0.007880748733562582,0.001005000425030285,-0.018831051886081696,-0.006607466478308441,0.004495124901264869,0.004500229562252896,-0.007956799119710922,-0.0830545648932457,-0.06409056484699249,-0.047172777354717255,0.001524692983366549,0.044035591185092926,0.07359816133975983,0.09215635806322098,-0.08138475567102432,-0.06427810341119766,-0.05475433170795441,-0.0008209645166061819,0.03532208874821663,0.0740615501999855,0.09365960955619812,-0.0049029260340046005,-0.0046984707402669525,-0.0051384271890253415,4.785026054990044,0.0
2025-01-10,-0.0150215964868376,0.0,0.004511185624430409,0.004511185624430409,0.0036068652385301513,0.0024781159159445285,-0.009082058291877498,0.004603173678632813,0.0038737976689136653,-0.007261333521455526,-0.020416184809225857,-0.015043752946948472,0.004667582043443972,-0.021458687260746956,-0.010325498155856984,0.004603173678632813,0.0036445377888655395,-0.002928209723904729,-0.011228943408747995,0.004603173678632813,0.0015513660228119504,-0.006116386968642473,-0.008649606770857111,0.004603173678632813,0.0035846925428109112,-0.011175575666129589,-0.007917817541650286,0.004603173678632813,0.0039367005946584445,-0.006667508743703365,-0.01704106340208659,-0.0104441962160517,0.0011766939056886555,-0.014129655435681343,-0.005910887335333202,0.004603173678632813,0.004447464546907611,-0.0006940146558918059,-0.08463113009929657,-0.06295952945947647,-0.03250109404325485,0.004134885035455227,0.04723944514989853,0.0735015720129013,0.09097761660814285,-0.08329065889120102,-0.06416966766119003,-0.0360475592315197,-0.0036157136783003807,0.03607412427663803,0.06868813931941986,0.09280863404273987,-0.00299466834290125,-0.0026192164332900273,-0.001966605116446637,4.746196348855502,0.0
2025-01-17,0.0564612645459927,0.0,0.004473694679879032,0.004473694679879032,0.0035766909037945557,0.0020545908796876684,-0.00083721999143508,0.00456469373713189,0.005050308575447762,0.010277574881911278,-0.007953190837184557,-0.004507075710545124,0.004170394257551838,0.00023128202883526683,0.0010574221789674734,0.00456469373713189,0.00482294098581261,0.01598730869591236,-1.8014413558396954e-05,0.00456469373713189,0.004306068049079979,0.01431160606443882,0.0012250235394372215,0.00456469373713189,0.004525598015054866,0.009733050130307674,0.0003067691035323521,0.00456469373713189,0.00625029352663262,0.0035716185811907053,-0.0016578126326226607,-0.0007921373659257732,0.0064291149869931,-0.0017956653609871864,0.003203159342635759,0.00456469373713189,0.0068676017929557905,0.002597725484520197,-0.07610209286212921,-0.057271022349596024,-0.025519808754324913,0.002331697614863515,0.04234405979514122,0.07303758710622787,0.09087064117193222,-0.07595435529947281,-0.056741900742053986,-0.02408147230744362,-0.0027283173985779285,0.03050720877945423,0.06806544214487076,0.09253934770822525,0.004323130807918207,0.004259213859871625,0.004763839300763963,4.439045072630928,0.0
2025-01-24,0.0298340120907898,0.0,0.004573287725599556,0.004573287725599556,0.004817779877298784,0.0021073329271807674,-0.002572167590400791,0.004666252584115962,0.005419085878162682,0.01094234362244606,-0.006369886758338529,-0.004025658594506646,0.004869499485073305,0.0016057672910392284,-0.0026880030962944572,0.004666252584115962,0.00531976507918673,0.010761762037873268,-0.0024338265951971477,0.004666252584115962,0.004979795501008693,0.010548705235123634,-0.002378174968166999,0.004666252584115962,0.0029763767163819323,0.008417929522693157,-0.0030609640957168192,0.004666252584115962,0.003558907422729041,0.00499971117824316,-0.0019747469230381384,0.0003018040581697504,0.004793669040253623,0.006738279014825821,0.00041470269803560444,0.004666252584115962,0.0037140980950391093,0.006595203187316656,-0.07564278692007065,-0.055096302181482315,-0.023263275623321533,0.004626173991709948,0.03893427178263664,0.07261279970407486,0.09020382165908813,-0.07743438333272934,-0.055892959237098694,-0.012980369850993156,0.006368028465658426,0.044065605849027634,0.06800277531147003,0.09182325750589371,0.003538177334543601,0.003536028331567468,0.004613878623580979,4.655364521857316,0.0
2025-01-31,0.0276322008804452,0.0,0.0046215873897777395,0.0046215873897777395,0.0036375675613876824,0.0021182995226005736,0.0005123841326430496,0.004715408364402434,0.0061589890199037125,0.00926512572914362,0.004109906197233032,0.003764650912294923,0.005321117216631029,-0.0006472006207332015,-0.00012141945413355996,0.004715408364402434,0.006168887376384125,0.00798750389367342,0.0003513006176657039,0.004715408364402434,0.00570902926660257,0.006398039869964123,-0.0007207862299737338,0.004715408364402434,0.004792420805429109,0.005153772421181202,0.0010740474491167523,0.004715408364402434,0.005434819779672394,0.0071897865273058414,-0.005269490126525157,-0.0035340418561428926,0.005554371547452989,-0.0006172461435198784,0.002554490487102849,0.004715408364402434,0.004758219559350927,0.006739871576428413,-0.07557084411382675,-0.056229326874017715,-0.010278820991516113,0.005084536038339138,0.03789915889501572,0.06720683723688126,0.08981430530548096,-0.07701411098241806,-0.06125681474804878,-0.026256229728460312,-0.004037137143313885,0.038042012602090836,0.06703951954841614,0.08952059596776962,0.0034658591328769737,0.003588968756854139,0.005162976811523204,4.713412732564317,0.0
2025-02-07,-0.0189148355891903,0.0,0.004665500774301915,0.004665500774301915,0.004185323015030497,0.002128315993995843,0.0016419915671852508,0.004760080474570159,0.004919985568537818,0.015888426452875137,0.008315755973519367,0.007450616184533041,0.005599832776022627,0.017164573073387146,-0.00039160933895977367,0.004760080474570159,0.005034773095936251,0.006967377383261919,-0.000132476791286037,0.004760080474570159,0.0038164446235010086,0.00933543685823679,0.00021389900734315737,0.004760080474570159,0.0029837394442998513,0.009892688132822514,0.0008218558242626735,0.004760080474570159,0.003741436140701032,0.008998488076031208,-0.004742127140289073,-0.00239083869002094,0.0025439119041457212,-5.001314275432378e-05,0.0033427424130790216,0.004760080474570159,0.003492950849630712,0.005943723488599062,-0.07664546370506287,-0.05617480352520943,-0.006761237513273954,0.009171017445623875,0.04011701047420502,0.06903933733701706,0.09182482212781906,-0.07753163576126099,-0.06155124306678772,-0.021326638758182526,0.0007118839421309531,0.036930691450834274,0.06979700177907944,0.0943787693977356,0.003467616854641316,0.00359520636227666,0.006802621015792092,4.8793979836131465,0.0
2025-02-14,-0.03187269856274,0.0,0.004620585847895263,0.004620585847895263,0.004275134504848225,0.0020091707623571867,0.0015382186066318299,0.004714020326586189,0.007360439802705635,0.005475091747939587,0.011127124769811862,0.004714020326586189,0.004988328451197215,0.0031528363469988108,0.00016328694629723275,0.004714020326586189,0.007276844439761495,0.006148128304630518,-0.00031495601962888177,0.004714020326586189,0.004713601217258863,0.009753717109560966,0.0009927912123077797,0.004714020326586189,0.00666090004286563,0.0076829418540000916,0.0027715731986139693,0.004714020326586189,0.006609530209177497,0.011986215598881245,-0.002931458248913712,0.0023873634199711113,0.005063363359146012,0.004890847485512495,0.004466023814102426,0.004714020326586189,0.005170633312067197,0.013090596534311771,-0.07194698601961136,-0.05404141917824745,-0.014119038358330727,0.0007028219406493008,0.028589632362127304,0.06449120491743088,0.07808772474527359,-0.07569743692874908,-0.05874728411436081,-0.0043069529347121716,0.002740010619163513,0.0321400985121727,0.06708114594221115,0.08004416525363922,0.0050063352259522775,0.005073164559750993,0.00477194262096581,4.784018539844894,0.0
2025-02-21,-0.0764542571304414,0.0,0.004551206980194435,0.004551206980194435,0.0050307098283002534,0.002012982389011779,0.004240603257658026,0.004642978153985556,0.006093315723591426,0.006424553692340851,0.010925033837736034,0.004642978153985556,0.004675324156300603,-0.0015579252503812313,0.0044061303895667715,0.004642978153985556,0.005684079210917119,0.007433852180838585,0.003694550640462452,0.004642978153985556,0.004542574925590588,0.004692521877586842,0.005268755041512325,0.004642978153985556,0.004058222733912417,0.01126351673156023,0.005475920290168315,0.004642978153985556,0.00691920234884863,0.012747354805469513,0.0036436123399170113,0.004453732783343994,0.005373084920227614,0.004814642481505871,0.008176494508754153,0.004642978153985556,0.005455062318267721,0.009323153644800186,-0.07154276967048645,-0.04304542392492294,-0.027951300144195557,0.002541178371757269,0.03875944763422012,0.0692097395658493,0.0849376916885376,-0.07559258490800858,-0.046446483582258224,-0.02933625504374504,0.0035513783805072308,0.03511233627796173,0.0703551173210144,0.08775399625301361,0.0058600564559657545,0.00585563096146364,0.005350362706893964,4.680839117685829,0.0
2025-02-28,-0.0396021593919542,0.0,0.004397496422109737,0.004397496422109737,0.0051686275616677855,0.001988013939722383,0.007924907677019307,0.004485812969325814,0.007493011287746442,-0.009163763374090195,0.013951928658299861,0.004485812969325814,0.0038129341557929233,-0.011145984753966331,0.004334094391630306,0.004485812969325814,0.007159692722043674,-0.014579451642930508,0.0051984889211761694,0.004485812969325814,0.005182173243041426,-0.013804222457110882,0.005536433054399989,0.004485812969325814,0.0038696331152447065,-0.013936000876128674,0.0016921571047164101,0.004485812969325814,-0.00032590193073218747,-0.011511305347084999,-0.003031225712385825,0.0038398594083206045,0.0006967824818117979,-0.01602836139500141,0.005143353156619148,0.004485812969325814,-0.0008895725514934463,-0.011590274050831795,-0.07574064284563065,-0.04536662995815277,-0.02700742334127426,-0.002653694013133645,0.03197560831904411,0.06695294380187988,0.08442698419094086,-0.07951540499925613,-0.04799986258149147,-0.02931925281882286,-0.00977651122957468,0.03096822462975979,0.06597211956977844,0.08564864099025726,-0.0008589409799194346,-0.0006068038737288544,0.002684992140000342,5.129187883881976,0.0
2025-03-07,-0.0343676435042077,0.0,0.004314163740643707,0.004314163740643707,0.005642598223649676,0.001945839208110757,0.009815374672785801,0.004400536427040939,0.006403077745132706,0.007685536053031683,0.016368406587968627,0.004400536427040939,0.0030069026532496953,-0.0013523257803171873,0.008304119600443263,0.004400536427040939,0.006057514508983261,-0.003935853019356728,0.007823785530882683,0.004400536427040939,0.0036330189149275157,0.0010913654696196318,0.0088247633437918,0.004400536427040939,0.006976949465075016,0.009435437619686127,0.011173082960314114,0.004400536427040939,0.007662031846407543,0.010478183627128601,0.0019504475303665065,0.0025760364990402513,0.003230278894713847,0.0024005973245948553,0.012320018474899405,0.004400536427040939,0.004918183954199562,0.0001242898142663762,-0.07547488063573837,-0.049892596900463104,-0.030454158782958984,0.004472220316529274,0.04408443719148636,0.06940770894289017,0.09080895781517029,-0.07981052994728088,-0.04602072387933731,-0.025660905987024307,0.0030483456794172525,0.029541021212935448,0.06832557916641235,0.09205833077430725,0.005293622270632847,0.005280386712533921,0.007076131224497783,4.920925792310322,0.0
2025-03-14,0.0415299717874662,0.0,0.004241041231674234,0.004241041231674234,0.004909180473859484,0.001949947828079172,0.010948554596385383,0.0043256943808416175,0.008085813953465505,-0.012370569631457329,0.013342696256330534,0.0043256943808416175,0.0019109113663012232,-0.008394654840230942,0.007009407855080587,0.0043256943808416175,0.007333124267930193,-0.018055807799100876,0.0065132513196228484,0.0043256943808416175,0.003414124819901314,-0.01646389253437519,0.009886193275139572,0.0043256943808416175,0.007147669570188996,-0.01174455601722002,0.009441414382967165,0.0043256943808416175,0.005597134117422398,-0.012966546230018139,0.010103138690779136,0.006763558205871127,0.0018166215283358755,0.0006911541568115354,0.011635031041610431,0.0043256943808416175,0.0014753163833470181,-0.0064139957539737225,-0.07524844259023666,-0.05112376809120178,-0.03814924508333206,-0.0014305522199720144,0.030823079869151115,0.06322522461414337,0.09011802077293396,-0.07982773333787918,-0.04764280095696449,-0.03409620374441147,0.008286207914352417,0.029640480875968933,0.06654754281044006,0.0940994918346405,0.0018671172160220142,0.0018097939514731928,0.0027473733248087944,5.145137608808549,0.0
2025-03-21,0.0064025259616089,0.0,0.004311397704421011,0.004311397704421011,0.0047302960230848805,0.001975836517477173,0.008064122265273074,0.004397378923050914,0.0058887011193571445,0.010599355213344097,0.0036899990881488405,0.004397378923050914,0.002676443352389476,0.0020496852230280638,0.0021773861756942455,0.004397378923050914,0.005821382322475792,0.0019864013884216547,0.0017933807961814851,0.004397378923050914,0.0018837583813315706,-0.0008209918742068112,0.004809951386465697,0.004397378923050914,0.004581145276622504,0.009837201796472073,0.007075156001868611,0.004397378923050914,0.0034528123980626384,0.005788074806332588,0.0017683568531026176,0.004586360112234861,-0.001297602957763093,0.002426455495879054,0.006324537802206481,0.004397378923050914,0.000936107194867546,0.007020626682788134,-0.07658037543296814,-0.05876140668988228,-0.029423018917441368,0.008002208545804024,0.04229831323027611,0.07226463407278061,0.08807439357042313,-0.07881860435009003,-0.05096796900033951,-0.030351834371685982,-0.0035969081800431013,0.04130558669567108,0.06534336507320404,0.09009984135627747,0.003839058110595509,0.0038157890465034864,0.007237389380256308,5.3390962170014395,0.0
2025-03-28,-0.0375712446052496,0.0,0.004315335799067316,0.004315335799067316,0.0038155495877127237,0.0019561637589748035,0.004445295784967705,0.004401234975048141,0.006763845991322296,-0.003236589953303337,-0.00030406467275091633,0.004401234975048141,0.0023065056106774343,-0.012086709961295128,2.2452218278564556e-05,0.004401234975048141,0.006725080785493582,-0.011293037794530392,-0.0017816129134619,0.004401234975048141,0.002210406698529312,-0.012148294597864151,0.003390103039345331,0.004401234975048141,0.0060825927921038525,0.0019900279585272074,0.006267757801501307,0.004401234975048141,0.006835072610855091,-0.0007306679035536945,-0.001457018882302175,0.003588648987447571,0.0013016066386652117,-0.0008981002611108124,0.003141057249213627,0.004401234975048141,0.003600546018916137,0.005637494381517172,-0.0745016485452652,-0.05871635302901268,-0.030676905065774918,0.0016227246960625052,0.03227899223566055,0.06362482160329819,0.08005369454622269,-0.07639565318822861,-0.05173340067267418,-0.028229964897036552,-0.0028482675552368164,0.03441684693098068,0.06121198460459709,0.07903098315000534,0.001853762070950481,0.001973262708986562,0.003093446699508701,5.176162448150538,0.0
2025-04-04,-0.0737795370308624,0.0,0.004236601625374991,0.004236601625374991,0.004288962400619214,0.0019861465405855957,0.0030471355677654465,0.004320673593895937,0.005720947614465374,0.0025376640260219574,0.0010431676016686231,0.004320673593895937,0.0020180508817043714,-0.010398531332612038,0.000994678991027995,0.004320673593895937,0.00549758164963225,-0.005407258402556181,-0.0014076626938239294,0.004320673593895937,0.0016572278221870101,-0.0033777146600186825,0.004614754188322343,0.004320673593895937,0.004526164457150625,0.001531338319182396,0.004147479456994341,0.004320673593895937,0.0072761551855813865,0.004767941311001778,-0.00163917358030969,0.00317083209265142,0.001968314916112492,-0.004208410158753395,0.0034310500581309178,0.004320673593895937,0.004672376422133182,-0.0036275824531912804,-0.07463742047548294,-0.04714231565594673,-0.02930465154349804,0.0026421626098454,0.0401223823428154,0.067591592669487,0.08252837508916855,-0.07635919004678726,-0.053415484726428986,-0.032627172768116,0.0028875500429421663,0.03790998458862305,0.06933146715164185,0.08472681045532227,0.002091310870455611,0.002105424398643329,0.0039066052005371785,4.917662548181243,0.0
2025-04-11,0.0157285406652665,0.0,0.0040902298830555964,0.0040902298830555964,0.004796318467503447,0.002089250453315536,0.003934066635993037,0.004171056332162684,0.009599499393740338,-0.00706164026632905,0.0015320449605709008,0.004171056332162684,0.0015647721628932135,-0.010693008080124855,0.003076466597067549,0.004171056332162684,0.0069113808570457295,-0.004891344346106052,0.001345744629627422,0.004171056332162684,0.0036253506503877027,-0.004810798913240433,0.005519824281674396,0.004171056332162684,0.010461957644851576,0.0022082249633967876,0.005318377854783439,0.004171056332162684,0.008038142223973482,0.01096982229501009,0.0031050731379745015,0.004524935795405492,0.004531712458552039,-0.007260966580361128,0.005623766799786513,0.004171056332162684,0.004186736262334994,0.00034459904418326914,-0.10300993919372559,-0.07421784847974777,-0.02667214721441269,0.006593835540115833,0.033542241901159286,0.06249355897307396,0.08529593795537949,-0.08996090292930603,-0.07112515717744827,-0.02469153143465519,0.0004248684272170067,0.03820934519171715,0.065104179084301,0.08422698080539703,0.0034868453048817,0.0033990721289435598,0.002660745523891752,4.807841798455502,0.0
2025-04-18,0.0160994189341812,0.0,0.0041120244725353925,0.0041120244725353925,0.005001310505927348,0.0015937156602579257,0.005725137308807155,0.004193154772570148,0.005511996097732511,0.0006381880375556648,0.007890310202382653,0.004193154772570148,0.0033296610631447544,0.011650929227471352,0.0030230387295995,0.004193154772570148,0.004995588595123098,-0.006087433081120253,0.002727778206860513,0.004193154772570148,0.0027695784046402284,-0.008094852790236473,0.004985431109892167,0.004193154772570148,0.0035419082065828037,-0.0032134719658643007,0.005336477606005011,0.004193154772570148,0.004256387610012481,0.004978318698704243,0.0015854158904807939,0.004366318564128758,0.0015756330499320167,-0.009357713162899017,0.0054119011947837805,0.004193154772570148,0.002161103152711335,-0.001437177648767829,-0.08860892802476883,-0.08141858130693436,-0.03476879373192787,0.006073593627661467,0.037894122302532196,0.0717586949467659,0.0903429165482521,-0.0937759205698967,-0.0697825625538826,-0.035078175365924835,-0.00212970282882452,0.035390593111515045,0.0691850557923317,0.09119731187820435,0.0018537501763924832,0.0018159445720061613,0.00401711905416637,4.970564905990326,0.0
2025-04-25,0.008714985210096,0.0,0.004134430817323514,0.004134430817323514,0.003972665336147725,0.001564212172249403,0.0021878279361282503,0.004215876650741162,0.006294506563146647,-0.012052622623741627,-0.001203767309778143,0.004215876650741162,0.0035769756835445066,-0.013862566091120243,0.00010819440445041396,0.004215876650741162,0.005819630753827569,-0.01819443702697754,-0.0005652703022815371,0.004215876650741162,0.0038623397790159956,-0.017899632453918457,0.001277893294948344,0.004215876650741162,0.005540691461928985,-0.013919101096689701,0.0034042754641360282,0.004215876650741162,0.006778356508086468,-0.006906622089445591,-0.0005740891615675136,0.004491511081958032,0.0034534106177687234,-0.015135998837649822,0.0015332708436001609,0.004215876650741162,0.0036368374949730525,-0.009873189963400364,-0.09342330694198608,-0.07835589349269867,-0.028712598606944084,0.0022773239761590958,0.027730079367756844,0.06648796796798706,0.08430251479148865,-0.09075818955898285,-0.0687180906534195,-0.0327950082719326,-0.0016967728734016418,0.03151790797710419,0.06843830645084381,0.08640710264444351,-0.0009201060822304559,-0.0008780701243241563,0.0001613971315686082,4.922634975799827,0.0
2025-05-02,0.0345609982717256,0.0,0.0041429766277577915,0.0041429766277577915,0.003991687056846375,0.0015621136862926334,0.0015065958406295199,0.004224446381330409,0.004796115457541112,0.006808875128626823,-0.002210129171128946,0.004224446381330409,0.0040958943621369715,7.830034883227199e-05,-0.0019312088955419316,0.004224446381330409,0.004352285784655535,0.0010527458507567644,-0.0025206408667941107,0.004224446381330409,0.0018186005737241178,0.0005482800188474357,0.00045332345165465925,0.004224446381330409,0.0032808539594530763,0.005011771805584431,0.0007082628412915975,0.004224446381330409,0.0044036509133795025,0.005904961843043566,-0.002204125321619322,0.004300523295318399,0.0005031652393060445,-0.0029406999237835407,0.0002584766346009678,0.004224446381330409,0.0021964347210370054,0.007683524861931801,-0.08691119402647018,-0.07768060266971588,-0.029076000675559044,0.002855142578482628,0.035961125046014786,0.07173053175210953,0.08175534754991531,-0.09099497646093369,-0.07562363147735596,-0.03297294303774834,-0.005485850851982832,0.03225170820951462,0.06800463050603867,0.07903113216161728,0.002250100778895752,0.002219125742811506,0.004334008202031966,5.052860830255701,0.0
2025-05-09,0.023256862164267,0.0,0.004199620988361083,0.004199620988361083,0.004089341110352675,0.0015099256048441664,0.0040041725337787,0.004282120434353974,0.006808505196281291,0.011679577641189098,-0.0002466594901738067,0.004282120434353974,0.004620531421238273,-0.006297330372035503,0.0019872994342773507,0.004282120434353974,0.005201745949324906,0.0026814432349056005,0.0006048139837432753,0.004282120434353974,0.0019157785833334704,-0.0005852769245393574,0.0037777567665135525,0.004282120434353974,0.008293429064430757,0.012036416679620743,0.004454173747278559,0.004282120434353974,0.006770424654884265,0.01484489906579256,-0.001043239759416668,0.0029043903476930846,0.0022618971234315945,-0.00019318026897963136,0.00226214977901354,0.004282120434353974,0.0037458922305017876,0.0074962652288377285,-0.08670662343502045,-0.07210575044155121,-0.03505465015769005,0.013365616090595722,0.03482750430703163,0.06674343347549438,0.09040388464927673,-0.0867786705493927,-0.07210303097963333,-0.03918512910604477,0.007692390121519566,0.03369470313191414,0.07122547924518585,0.09012673050165176,0.004201153378850708,0.004171085115393132,0.006693593951400767,4.906144256264204,0.0
2025-05-16,0.0080137807235534,0.0,0.004235043369728938,0.004235043369728938,0.003838386705474454,0.0015209155872801298,-0.004289286993883194,0.004318125636877528,0.005936923892501083,-0.005112667568027973,-0.012643844228122952,0.0031326822548183877,0.003820247334067076,-0.013645672239363194,-0.009019251425061034,0.004318125636877528,0.005963567932489602,-0.012316816486418247,-0.009421464755712042,0.004318125636877528,0.002341096557190376,-0.009130919352173805,-0.005825684868209327,0.004318125636877528,0.0037493585751066484,-0.007865793071687222,-0.010416270424368584,0.004318125636877528,-0.0006978607820323137,-0.008208028972148895,-0.018058747950501476,0.0016887732395176242,-0.0011863792173141229,-0.01444112230092287,-0.012366507050103042,0.004318125636877528,-0.0007769864966581681,-0.009069686755537987,-0.08601994812488556,-0.07131286710500717,-0.03388577699661255,0.005009476561099291,0.031311292201280594,0.06435489654541016,0.07924626767635345,-0.09061463922262192,-0.07090096175670624,-0.040906958281993866,-0.009146837517619133,0.02887372300028801,0.0669836476445198,0.07955093681812286,-0.0038945039758398856,-0.003781656020010447,0.00021327374186686085,5.189680598855188,0.0
2025-05-23,0.0085155212276575,0.0,0.004242054014170171,0.004242054014170171,0.004014805491409842,0.0015180737669508433,-0.0017501628901475707,0.004325124983632595,0.006567946545683583,-0.009752235375344753,-0.008356954105938535,0.003283762791391899,0.0032282277318641,-0.022664781659841537,-0.005413871891752535,0.004325124983632595,0.006519384033674035,-0.01496004220098257,-0.006654689526371638,0.004325124983632595,0.0030174519853059384,-0.01804906502366066,-0.0033503992761651624,0.004325124983632595,0.0062035019274144995,-0.010236391797661781,-0.0008864738739625859,0.004325124983632595,0.007375278348775905,-0.0069046332500875,-0.0028179026893810615,0.0051474150561342654,0.0033336311895581943,-0.004966393578797579,-0.004918483254037208,0.004325124983632595,0.0036141556943713616,-0.009808816015720367,-0.0941481739282608,-0.06460090726613998,-0.031039267778396606,-0.001326200901530683,0.024602342396974564,0.06009962782263756,0.08098563551902771,-0.08867540955543518,-0.0665859580039978,-0.031070688739418983,0.004266719333827496,0.03467709198594093,0.06363550573587418,0.0813387855887413,-0.0013387799677159779,-0.001138728344433005,-0.00015233168404403617,5.090245296344529,0.0
2025-05-30,-0.0163856341110095,0.0,0.004249967842343296,0.004249967842343296,0.004199500171527245,0.0014182197797984264,-0.0015431535349297656,0.004333046337591055,0.005679561494220957,-3.907026257365942e-05,-0.011535494124394054,0.0027258989039673793,0.0031891964877806137,-0.02158718928694725,-0.005786446606773873,0.004333046337591055,0.005496313735443727,-0.008624039590358734,-0.007185859145892459,0.004333046337591055,0.0016620125503166508,-0.007485611364245415,-0.0022535237008262984,0.004333046337591055,0.003971979321769131,-0.005872233770787716,-0.0019185717968383887,0.004333046337591055,0.005437485181643809,-0.0016658301465213299,-0.005067940883795938,0.0039509559982230285,0.0007448432139248447,-0.0017227513017132878,-0.004212409416197835,0.004333046337591055,0.002446474764111567,-0.0021441993303596973,-0.09196779876947403,-0.060378700494766235,-0.0280383862555027,0.004388777539134026,0.03424890339374542,0.06660028547048569,0.07839620113372803,-0.09037665277719498,-0.06549980491399765,-0.029582500457763672,0.011312799528241158,0.030922597274184227,0.06591043621301651,0.07938198745250702,-0.00035683835837178917,-0.00017673855930239776,0.0021075960085771466,5.153246012394163,0.0
2025-06-06,0.0430204094479691,0.0,0.0042118244006550285,0.0042118244006550285,0.004201714622216704,0.001413676271827831,-0.0016961338147176482,0.004293954487688036,0.004418507531925611,-0.0017195404507219791,-0.008997668498166463,0.0037108926202567617,0.002810321126246348,-0.007273885887116194,-0.00565925450456542,0.004293954487688036,0.0035011671949243058,-0.0062563722021877766,-0.006976519554607133,0.004293954487688036,0.0010344683334236222,-0.008797690272331238,-0.002778893350314663,0.004293954487688036,0.0036182675965550125,-0.006223950069397688,-0.0017291541800571013,0.004293954487688036,0.005421035140004103,-0.005368771031498909,-0.0036171819040860297,0.004877744803677043,-0.0006169605191290164,0.00039470981573686004,-0.004444799502365882,0.004293954487688036,0.0024390718360741874,-0.0017424571560695767,-0.09903798997402191,-0.06870100647211075,-0.02696654200553894,0.006640926469117403,0.02995271421968937,0.06694543361663818,0.08297957479953766,-0.09730127453804016,-0.06430073827505112,-0.02468258887529373,0.013965772464871407,0.0403490774333477,0.0655675083398819,0.08356169611215591,-0.0004773236286572966,-0.00036484436681934933,0.0013241969385435048,5.1432009750065095,0.0
2025-06-13,0.0440149101751119,0.0,0.0042834269560928775,0.0042834269560928775,0.004452776675673756,0.0014250569574132186,-0.0072982152510266,0.004366885664637716,0.005353932879272634,0.009472159668803215,-0.012054175131848942,0.0034354879697366635,0.0018578251744175139,0.0009723905241116881,-0.01151322144021175,0.004366885664637716,0.006247830275626717,-0.0033638235181570053,-0.012854382274502578,0.004366885664637716,0.0018909901970409104,0.001412082347087562,-0.008248942733600065,0.004366885664637716,0.0032853909041543864,0.005563103128224611,-0.007472035326160136,0.004366885664637716,0.005763522732132498,-0.0012794381473213434,-0.010982173664943874,0.0038337596681608734,0.0015530769159239955,-0.002292111050337553,-0.015186425069560139,0.004366885664637716,0.0021940228971578783,-0.0024024860467761755,-0.07363907992839813,-0.05510963499546051,-0.030298365280032158,0.01074056327342987,0.026927847415208817,0.060034435242414474,0.07839631289243698,-0.07671234011650085,-0.059903379529714584,-0.03321532532572746,-0.0018800487741827965,0.023920496925711632,0.06293565034866333,0.07907178997993469,-0.0009173679951196917,-0.0007150071414048515,0.0029736907404217415,5.18387155663514,0.0
2025-06-20,-0.0398951570261276,0.0,0.004356597275096596,0.004356597275096596,0.0038181941994760785,0.0014257140059807329,0.00027435867229645607,0.0044414120264995105,0.004687496705125234,0.012192065827548504,0.0030679976261423526,0.004083040345716827,0.0030157625664690656,0.013053542003035545,-0.0025247304464780717,0.0044414120264995105,0.005001013628264062,0.008381160907447338,-0.0042539914353800015,0.0044414120264995105,0.0013037878460656323,0.007202096749097109,0.00019759864286978974,0.0044414120264995105,0.0038737550448312216,0.0164956022053957,0.0010804983899582923,0.0044414120264995105,0.006564233613406069,0.015242399647831917,0.002368053677660786,0.006728035231746999,0.0022252476505673314,0.01779096946120262,-0.006519617859102246,0.0044414120264995105,0.0035166608839633717,0.012530824169516563,-0.07647508382797241,-0.056482695043087006,-0.027035022154450417,0.005674323067069054,0.04066304862499237,0.0712045356631279,0.08942634612321854,-0.0765644907951355,-0.05749940127134323,-0.026556197553873062,0.014016403816640377,0.0486169308423996,0.07147610187530518,0.09353863447904587,0.0049754440892234185,0.005046711138489795,0.0053988333078674264,5.018084194207718,0.0
2025-06-27,-0.0279320597762051,0.0,0.004275252138513463,0.004275252138513463,0.003911258843765209,0.001457468464980961,-0.0009478262497872245,0.004358228970115595,0.005099717476079642,0.0010988402646034956,0.003112792833366162,0.004317989965671462,0.0016639623280737962,0.014853041619062424,-0.0083871841696088,0.004358228970115595,0.005694309942237441,-0.005816219374537468,-0.008315062880607724,0.004358228970115595,0.0007905536086959767,-0.0036274914164096117,-0.0040977780656565165,0.004358228970115595,0.0017469031420504714,-0.013261068612337112,-0.008734782548727393,0.004358228970115595,-0.0031764137190352596,-0.004642618354409933,-0.008008932485374282,0.005756983075644187,-0.004222441774416692,0.00046763973659835756,-0.014918287874948262,0.004358228970115595,-0.0037001212753774116,-0.004385233391076326,-0.0749499648809433,-0.05636599659919739,-0.031023675575852394,0.004283268470317125,0.031130649149417877,0.05925274267792702,0.08342957496643066,-0.07659514993429184,-0.05385741591453552,-0.02730758674442768,0.011725001968443394,0.037941932678222656,0.06220942735671997,0.08546802401542664,-0.0024602542327799323,-0.002135158254343626,0.002402240115252877,5.579664017722523,0.0
2025-07-04,0.0099559120045045,0.0,0.004216156153348842,0.004216156153348842,0.004812397441312473,0.0014712745119080002,0.0007939712850488045,0.004297760264598141,0.00500958039131141,-0.0019579418003559113,0.005847647945798689,0.004677664806614137,0.0005477057209090095,0.006436878815293312,-0.007809402078183047,0.004297760264598141,0.0003207515433689108,-0.011561012826859951,-0.008854475369174672,0.004297760264598141,-0.0007927288984972049,-0.014493422582745552,-0.0039920431858509065,0.004297760264598141,0.00473317985157279,-0.0054668644443154335,0.0002833017371250499,0.004297760264598141,0.003444146166710429,-0.0040139020420610905,-0.005007192842183894,0.004466719590996504,-0.0037956197854993184,-0.006112128961831331,-0.010452468663166521,0.004297760264598141,-0.0006516889230557474,-0.009487684816122055,-0.07376598566770554,-0.0542280487716198,-0.02800321765244007,-0.0021033245138823986,0.02940092235803604,0.058733660727739334,0.07804834097623825,-0.0816841647028923,-0.052533332258462906,-0.025701820850372314,0.00047126846038736403,0.030398039147257805,0.05986277759075165,0.07661501318216324,-0.002406405633615931,-0.002143014557265425,0.002035842535150611,5.694664361849197,0.0
2025-07-11,-0.015750571707005,0.0,0.004226668526702606,0.004226668526702606,0.004583893879038363,0.001437780607447444,-0.00028326696513779077,0.004308336249158713,0.0007853757326397102,0.016447657719254494,0.0002172802051312421,0.004869196827115272,0.0012583014170413566,-0.0038604733999818563,-0.0013382326546118612,0.004308336249158713,-0.0019919508868093197,0.011516568250954151,-0.006033559271334723,0.004308336249158713,-0.0014125044064712206,0.012258064933121204,0.002677053708728694,0.004308336249158713,0.0021587671680145604,0.016068454831838608,0.0006969962871321888,0.004308336249158713,0.007640341594376515,0.014039027504622936,-0.0060401860227190405,0.002967909468028126,0.0006109395622724166,0.007204813417047262,-0.004908615354444575,0.004308336249158713,0.007113568956610382,0.006839836481958628,-0.07421796023845673,-0.054731257259845734,-0.023853536695241928,0.013878694735467434,0.03586464747786522,0.0683799609541893,0.09119651466608047,-0.07649015635251999,-0.05018985643982887,-0.026104968041181564,0.004822811111807823,0.03297172114253044,0.06034691259264946,0.08906621485948563,0.0038170406172545203,0.003698475893934081,0.005314525683978782,4.849980404246096,0.0
2025-07-18,-0.0093991008097855,0.0,0.0041901470637525015,0.0041901470637525015,0.0041620299753920564,0.001438628686527482,0.004972571882054317,0.004270912913419602,0.0037068392486289763,-1.7584981833351776e-05,0.009620960042816429,0.005209882200783682,0.0007163780951055052,0.004493980668485165,0.00453726781245269,0.004270912913419602,0.0007862649962218924,-0.0002607702335808426,0.001821981656581314,0.004270912913419602,0.0012990905193402155,-0.0009718976216390729,0.008780993726483367,0.004270912913419602,0.0014081538915091743,0.009807469323277473,0.007553439059305699,0.004270912913419602,0.005307260483861757,0.00019707597675733268,0.00655104336857617,0.005563095925919674,0.0022384874633369104,0.0013154092011973262,0.0038909716226854726,0.004270912913419602,0.0034185607264413604,-0.0034194544423371553,-0.07282712310552597,-0.056188952177762985,-0.027404652908444405,0.0027875767555087805,0.025807201862335205,0.0576067790389061,0.07663700729608536,-0.07694657891988754,-0.05445055663585663,-0.024496152997016907,0.010609141550958157,0.027630604803562164,0.05858328938484192,0.08363467454910278,0.0033824586676453653,0.003439017482047498,0.003233184765567386,4.780188325585698,0.0
2025-07-25,0.0205346024417076,0.0,0.004165349166173052,0.004165349166173052,0.004421566488438449,0.0013920816561802788,0.0033809671629904123,0.004245456649503019,0.0029390517683504512,-0.0017848705174401402,0.010821663939522679,0.004703131632668587,0.0012256834418112195,0.007990341633558273,0.0021815567854323427,0.004245456649503019,0.00037147655359346136,-0.00798100046813488,0.0020207754804978115,0.004245456649503019,0.003034548466808495,-0.008532279171049595,0.0031151558145858316,0.004245456649503019,0.0022634908935320083,-0.004904093220829964,0.004716348033648637,0.004245456649503019,0.0033615686139534667,-0.004792975727468729,0.005778317361630907,0.005494702451198825,0.0014405033374406836,-0.002044335473328829,0.0011033776695719751,0.004245456649503019,0.0017561191096498088,-0.009152707643806934,-0.07132798433303833,-0.05553008243441582,-0.02717236429452896,-0.0013096067123115063,0.031478747725486755,0.06290194392204285,0.0763336569070816,-0.07636705785989761,-0.05445639044046402,-0.02286396734416485,0.007968795485794544,0.03868856281042099,0.06138060986995697,0.07642263174057007,0.0008524096714350174,0.0010992873428299417,0.0021951512658509357,4.870909492599815,0.0
2025-08-01,-0.0042140812468307,0.0,0.004195165656656722,0.004195165656656722,0.004321242814984768,0.0013854723666797896,0.0026198663444905465,0.004275733872165109,0.002671822065878628,0.006727416533976793,0.010721612595736483,0.004405145190694705,0.001591176987092846,0.009534182958304882,0.0015746125190345857,0.004275733872165109,-0.0004841549441777235,0.0027387235313653946,0.0011307464431076159,0.004275733872165109,0.002815363983664744,0.004065033048391342,0.002294714992335039,0.004275733872165109,0.002639067677288946,0.007567741442471743,0.005227635891359626,0.004275733872165109,0.004035392868010827,0.004391371738165617,0.0033846162139514954,0.004718764796833593,0.0025213026732636163,0.007237036246806383,-6.153382428474626e-05,0.004275733872165109,0.0026384191938132987,0.0012216679751873016,-0.07376030832529068,-0.053427014499902725,-0.02446332946419716,0.0031998835038393736,0.029824115335941315,0.05863545089960098,0.08228766173124313,-0.07623729109764099,-0.05155808478593826,-0.020138785243034363,0.007716944441199303,0.029970744624733925,0.05798431858420372,0.08546409755945206,0.0033764663261422606,0.0033381964666338304,0.004073709704127769,4.828770664145329,0.0
2025-08-08,0.0300889249746365,0.0,0.004179876116832199,0.004179876116832199,0.004008156941454053,0.001357238258190518,-0.0006334233867151297,0.00425998282370686,0.0013101775774763467,0.015317235141992569,0.005599916870649264,0.0045743762186691815,0.0017117118535322291,0.01802213490009308,-0.0035816263745052073,0.00425998282370686,-0.0018664763407827906,0.010118960402905941,-0.003438763508256646,0.00425998282370686,0.0021016005576735683,0.0153224291279912,-0.001973440889551493,0.00425998282370686,0.00022427478163445595,0.012528358958661556,-0.0007496112018113895,0.00425998282370686,0.002058943273592375,0.011514044366776943,-0.0031457776317993028,0.0034620126861696072,-0.00043879641283540646,0.002074516611173749,-0.003936672969749167,0.00425998282370686,0.0008565752822751122,-0.0015408964827656746,-0.07015830278396606,-0.053939685225486755,-0.024397846311330795,0.012588175013661385,0.03651392087340355,0.06174589693546295,0.0776529610157013,-0.07624729722738266,-0.055092521011829376,-0.02324141003191471,0.001728565082885325,0.027529733255505562,0.05842232331633568,0.07807835191488266,0.002537065348138822,0.0023147090276689685,0.005063493039115161,5.075643941076895,0.0
2025-08-15,-0.0351693762070555,0.0,0.004226897984087742,0.004226897984087742,0.004278307060328849,0.0013732335704444941,0.00178941038727301,0.0043078141980604345,0.0013989884051119842,0.006003392394632101,0.00662919969459994,0.004010937825312462,0.0023848060516910886,0.016079822555184364,0.0001513336104047979,0.0043078141980604345,-0.0014563114264239058,0.0025933447759598494,-0.0008019891626825587,0.0043078141980604345,0.0015683999516915726,-0.0011658663861453533,0.0011661250367452913,0.0043078141980604345,0.0024300236109437412,0.012401804327964783,0.0026490025540605927,0.0043078141980604345,0.006307644372117642,0.01352827250957489,0.00036294952287849614,0.004699851198805971,0.0030766117547747036,0.015222201123833656,-0.0021946476865512786,0.0043078141980604345,0.003901548369728473,0.009157891385257244,-0.07255985587835312,-0.0531991645693779,-0.02436082810163498,0.004671059083193541,0.028272850438952446,0.05675901845097542,0.08900981396436691,-0.07606877386569977,-0.05585262179374695,-0.024402834475040436,0.007342875935137272,0.03899456933140755,0.05874032899737358,0.08602150529623032,0.003964052518051699,0.0038732009690359854,0.0033749013462693826,4.914040239569337,0.0
2025-08-22,0.0258376219238254,0.0,0.004155527922147266,0.004155527922147266,0.0039256356964086445,0.0013760407920825146,0.0013556423248974473,0.004234843420971495,0.0013907989022206215,0.0004902819055132568,0.009167610169719283,0.0040857638017591505,0.0030952130950635246,0.007769435178488493,-0.0005730897800727422,0.004234843420971495,-0.0008388464311078264,-0.0044634221121668816,-0.0014454220781204659,0.004234843420971495,0.0016925696824198217,-0.0006292563630267978,0.0014728709438474896,0.004234843420971495,0.0009480640154947316,-0.001827759318985045,0.0013837280228421057,0.004234843420971495,0.005509479068361899,0.0008395109907723963,-0.0003656152455632448,0.004110338239435391,0.0014969756421326402,-0.00019575911574065685,-0.0018408397467700958,0.004234843420971495,0.002684036337812859,-0.00452853599563241,-0.07109292596578598,-0.05246933922171593,-0.026679836213588715,0.002955719130113721,0.03180738165974617,0.06012186035513878,0.07798784971237183,-0.07602749019861221,-0.0597226545214653,-0.03082190454006195,-0.00013505959941539913,0.02964336797595024,0.06004111096262932,0.08030133694410324,0.0010251351608662766,0.0011505781596980323,0.0018678916384007051,4.969846511111003,0.0
2025-08-29,0.0063221760882195,0.0,0.004194736048732579,0.004194736048732579,0.004636601696225238,0.0013817798714539145,0.0021782768381115765,0.00427470094588451,0.0011888038620949488,0.004918830003589392,0.010024913168305748,0.0039020232728577803,0.0034315519226735,0.017401140183210373,0.00027363338283236446,0.00427470094588451,-0.0010556057921636683,0.0027428329922258854,-0.0004245024908110951,0.00427470094588451,0.0017185405423812451,-0.0020975677762180567,0.001660284919443276,0.00427470094588451,0.001488466455813193,0.0058681052178144455,0.0026172129237392646,0.00427470094588451,0.006001328335843551,0.0016713796649128199,-0.002319396020818287,0.0031507239687930387,0.0026360503228731857,-0.0047110700979828835,-0.0014701971473879078,0.00427470094588451,0.00321685638572489,-0.0030651099514216185,-0.06995095312595367,-0.050782687962055206,-0.02136845327913761,0.005652470979839563,0.024460621178150177,0.055452439934015274,0.07539387792348862,-0.07604881376028061,-0.05650397762656212,-0.029772114008665085,0.00046325736911967397,0.02831764705479145,0.05836721882224083,0.0757320299744606,0.001636477940209008,0.0017497840116073215,0.0031401529124201067,4.958660598437095,0.0
2025-09-05,0.0409370721566881,0.0,0.004198576193208186,0.004198576193208186,0.003922855227967264,0.0013795181990220728,0.0014896901364456166,0.004278471618338165,0.00032572584109449854,0.01107776165008545,0.00974580802119216,0.00458118482209757,0.004090432719972266,0.00718331104144454,-0.0002088541984145544,0.004278471618338165,-0.0015002909530314286,0.0066669718362390995,-0.001074688801313171,0.004278471618338165,0.0015129348725136096,0.0049702259711921215,0.001333068011639565,0.004278471618338165,0.0006666951607127766,0.009924892336130142,0.0019828359070560363,0.004278471618338165,0.005950240093030259,0.005902168806642294,-0.0004852366937664297,0.004233825539874314,0.0018352020393319238,0.005539421457797289,-0.0020556006101354243,0.004278471618338165,0.0031603667501127882,0.0014929501339793205,-0.0694442093372345,-0.05102314054965973,-0.01885712519288063,0.007620468735694885,0.030791163444519043,0.06481556594371796,0.08523725718259811,-0.07600138336420059,-0.05493183061480522,-0.02829589694738388,0.003832377726212144,0.029628830030560493,0.05916959419846535,0.08388643711805344,0.00296831190630339,0.0029013300840957865,0.004292912311490932,4.93135211657411,0.0
2025-09-12,-0.0035570816769467,0.0,0.004264771681430673,0.004264771681430673,0.004173110706962187,0.001346236418699934,0.004340807995329341,0.00434585875168072,0.0013142229631251177,0.010380350984632969,0.012109737709961748,0.004503046235715314,0.00388389732591732,0.020226364955306053,0.003834915036870618,0.00434585875168072,2.839734148903962e-05,0.006671536713838577,0.002780704073609654,0.00434585875168072,0.0022816785055032084,0.007877572439610958,0.004947834346858011,0.00434585875168072,0.0018792931688526894,0.01245848648250103,0.005185762174015075,0.00434585875168072,0.007026890795118562,0.016791462898254395,0.0008613239237718574,0.0032141881070238223,0.003981120632955313,0.006035283673554659,0.0016030692776967726,0.00434585875168072,0.004424787146472564,0.002258902881294489,-0.07152067124843597,-0.05010421946644783,-0.028612352907657623,0.01684822514653206,0.031263478100299835,0.056300755590200424,0.08618737757205963,-0.07581775635480881,-0.056562379002571106,-0.02741745486855507,0.01049709040671587,0.03527720272541046,0.05715691298246384,0.08360780775547028,0.004828020974070621,0.004763268411337621,0.005095310173692037,4.80763701881887,0.0
2025-09-19,0.0232204536792659,0.0,0.004250703599850858,0.004250703599850858,0.0038055073908281733,0.0013342703864810017,-0.0004949165849707426,0.004331357943554798,0.00027024932171964156,0.0035743594635277987,0.004141761810923121,0.004709189660959456,0.004702054404638356,0.007868878543376923,-0.0017356628433361403,0.004331357943554798,-0.0007037999989166982,0.0002585049660410732,-0.002218430284989423,0.004331357943554798,0.002319767577484746,-0.0015453652013093233,-0.00039056665607579196,0.004331357943554798,0.00016169034396910573,0.0016527517000213265,-0.00047702384790211053,0.004331357943554798,0.005610906682725133,0.00022618577349931002,-0.003827373220816525,0.002615881409681902,0.00240243051436548,-0.003939630463719368,-0.002980475932255665,0.004331357943554798,0.003197487380529995,-0.003871575929224491,-0.06915569305419922,-0.050321195274591446,-0.020271997898817062,0.005264820531010628,0.03011617250740528,0.05982525274157524,0.07345284521579742,-0.07539395987987518,-0.05686869099736214,-0.022429225966334343,0.00044667793554253876,0.030393140390515327,0.05750797316431999,0.07277656346559525,0.0007671871536477718,0.000938115389247714,0.0019202625359578738,4.864361975535394,0.0
2025-09-26,-0.0204527418630684,0.0,0.004284760601788766,0.004284760601788766,0.004351097517390365,0.0013263672943848216,9.147291875439764e-06,0.004365953356990166,0.000264955888604204,0.0012438244884833694,0.005654044734592386,0.004637242938306302,0.004454717161154079,0.005926162004470825,-4.215616525949338e-06,0.004365953356990166,-0.00033514322770808024,-0.0008492293418385088,-0.0007735995950079984,0.004365953356990166,0.0024987674453989172,-0.0022506937384605408,0.0003970089599618304,0.004365953356990166,0.0011211691636058337,0.005398918408900499,0.0007890996227462692,0.004365953356990166,0.006632967792737542,0.006877757143229246,-0.003125678667650929,0.002667804093776821,0.004620596045696896,0.00023994283401407301,-0.002153540909401776,0.004365953356990166,0.004562443876720863,0.0010056070750579238,-0.06894204020500183,-0.04941370338201523,-0.02575373463332653,0.005059944465756416,0.023271117359399796,0.05258229374885559,0.07271290570497513,-0.07543846219778061,-0.051818154752254486,-0.026084573939442635,0.003825225867331028,0.027727343142032623,0.05612456053495407,0.07215942442417145,0.0020479061729251568,0.0021601198787503037,0.0014709702564882948,4.714398884138732,0.0
2025-10-03,0.0410009729748859,0.0,0.004240428160095473,0.004240428160095473,0.004044275647364022,0.0013030956059574667,0.0005645959897177776,0.004320580970847463,2.3245013308241524e-05,0.005289777647703886,0.004807273267926071,0.004750130161028278,0.004526871829113936,0.003655781503766775,-0.0009656056184750642,0.004320580970847463,-0.000776887088617873,0.0018478864803910255,-0.0008734412108260719,0.004320580970847463,0.002929566788202621,0.001086105010472238,0.0002671462093034637,0.004320580970847463,-0.0004690104606589222,0.005144743248820305,-5.611170132628369e-05,0.004320580970847463,0.004925115693008448,0.005611495580524206,-1.9383948406606274e-05,0.004087665490661758,0.0027278846924557744,0.002134947804734111,-0.0018452296940429493,0.004320580970847463,0.002611194252221373,-0.00532772671431303,-0.06923243403434753,-0.04767598584294319,-0.018877767026424408,0.011536122299730778,0.029334591701626778,0.059275586158037186,0.07170923054218292,-0.07538671791553497,-0.04946773871779442,-0.01870265044271946,0.012208912521600723,0.03414934128522873,0.0556035116314888,0.0716206431388855,0.0018601358195152434,0.0019332614330601489,0.002549549905394342,4.901842416469043,0.0
2025-10-10,0.0065474925419772,0.0,0.00430618942094483,0.00430618942094483,0.004562748925583664,0.0012347537526159736,0.0009892454267771459,0.004387515992752643,0.00022951202995380188,0.007655084133148193,0.003445389245688736,0.004339820615488484,0.0037484733517590026,0.007452522404491901,-0.0016857682701715377,0.004387515992752643,-0.0015046305440782996,0.006055368576198816,-0.001596149670500948,0.004387515992752643,0.0012057148213339068,0.00697071710601449,-0.0007723342095822712,0.004387515992752643,0.000741653864751955,0.00767927709966898,0.0007563687787743175,0.004387515992752643,0.004480824099143417,0.004027663264423609,-0.004559378259684795,0.002490123372656699,0.0010998591645745744,0.004396405536681414,-0.0027225627972129055,0.004387515992752643,0.0018052343955017565,0.0036830632016062737,-0.07090198248624802,-0.0480242557823658,-0.02946094051003456,0.004773547872900963,0.03080635517835617,0.05418543517589569,0.08157836645841599,-0.07507157325744629,-0.051962751895189285,-0.02439783327281475,0.004419687669724226,0.03269696980714798,0.05530938133597374,0.07938612252473831,0.0022703762289109446,0.0023148183845250253,0.003315339395657946,5.0223458426996626,0.0
2025-10-17,-0.0027648628898901,0.0,0.004310191747946674,0.004310191747946674,0.003813882435816635,0.0012096071261340376,0.002327850022222021,0.004391450376266713,-2.5611002698209748e-06,0.0008666559588164091,-0.0006597187483483331,0.004100144818806254,0.0024867348804741172,-0.0031232538167387247,0.00015975026435247064,0.004391450376266713,-0.0006284054990388028,-0.003042503260076046,-0.0006578966783365855,0.004391450376266713,0.0009355544999244672,-0.006779431365430355,0.0015507954840560494,0.004391450376266713,0.0005853075750547583,-0.0005320620839484036,0.0031723390652890187,0.004391450376266713,0.005834689430308578,0.0009217186598107219,-0.005167104389674956,0.0013838573476156568,0.0016103294128102202,-0.005746372044086456,-0.0014907546422188514,0.004391450376266713,0.0028084210169300908,-0.0035289644729346037,-0.06743454188108444,-0.0462261401116848,-0.022130945697426796,0.005429724231362343,0.029039429500699043,0.05142432078719139,0.07274440675973892,-0.07468215376138687,-0.04936433210968971,-0.022255003452301025,-0.0020939460955560207,0.029524914920330048,0.054189443588256836,0.071847103536129,0.0005561050084058558,0.0007402599127856723,0.0018958488142588306,4.981170462106872,0.0
2025-10-24,-0.0144507521641976,0.0,0.004297580242353382,0.004297580242353382,0.004281552755125137,0.0011778753149907643,0.0028411910156023318,0.004378438897600974,0.00016680676727578655,0.004954603500664234,-0.0009450289162255656,0.004330540330687909,0.002496212619622457,-0.0038471617735922337,9.721300931133693e-05,0.004378438897600974,-0.0006357090290328776,0.0011333286529406905,-0.0006379918943512928,0.004378438897600974,0.00024730621163818016,-0.000903352745808661,0.0022316158278801543,0.004378438897600974,4.144598258021357e-05,0.00478056026622653,0.002965692164320796,0.004378438897600974,0.004847275015655248,0.006330799777060747,-0.0002971490100775222,0.0036511976092324485,0.001225300706696875,-0.0007390488754026592,-0.0006224705606662799,0.004378438897600974,0.002046765469522346,0.0031345486640930176,-0.06791628897190094,-0.046276211738586426,-0.02207033336162567,0.003668685909360647,0.027754489332437515,0.05207868292927742,0.08076643198728561,-0.0745164155960083,-0.05248729884624481,-0.019331617280840874,0.0034046447835862637,0.03159799799323082,0.05424998328089714,0.08222442120313644,0.0021162300720760064,0.002176810176249793,0.0030852600452858318,5.0577873717343005,0.0
2025-10-31,0.0028050509276091,0.0,0.0042642202202776685,0.0042642202202776685,0.004393637259320007,0.0010934015881442043,0.001376967514662261,0.004344266137053245,0.0004421700892473313,0.00234772264957428,-6.0135385535419784e-05,0.004759690404338242,0.003016039003655458,0.009117473848164082,-0.0007450572045286982,0.004344266137053245,-0.00011642194258299453,-0.0007846814696677029,-0.0017804536734089245,0.004344266137053245,0.001004838399869831,-0.002599418396130204,0.0008734517274470448,0.004344266137053245,0.0009219711245590286,0.0016701121348887682,0.0023011043882954483,0.004344266137053245,0.0060246451515504245,0.002460111863911152,-0.0013268430560155952,0.00347785829685056,0.0008823560946189858,0.00028542251675389707,-0.0021771797282032655,0.004344266137053245,0.0025618785029101346,0.002087607514113188,-0.06806883960962296,-0.04602550342679024,-0.01742124930024147,0.008863299153745174,0.02984759584069252,0.05801915004849434,0.07320378720760345,-0.07360609620809555,-0.045142848044633865,-0.022701187059283257,0.004592376295477152,0.03032555803656578,0.05276546627283096,0.07308939844369888,0.001530943038770721,0.00160315124110814,0.0021277815976342793,4.992257637636422,0.0
2025-11-07,0.011771542802224,0.0,0.004261628445335096,0.004261628445335096,0.004515267413208839,0.001043610102210569,0.0028550422957155427,0.0043414777037028025,0.0008860244336402908,-0.0036283875815570354,0.003614269079067026,0.005020613418127387,0.003092559471483085,-0.006302786059677601,0.0017481288521798877,0.0043414777037028025,0.00043008236473818153,-0.007489357143640518,0.0004678556380295403,0.0043414777037028025,0.000877408962848616,-0.007288333959877491,0.0033760155585992793,0.0043414777037028025,0.001131675642805371,0.001969012664631009,0.0036530411025114656,0.0043414777037028025,0.007013944052869537,0.0005777464248239994,0.0016679629110869319,0.004409537518710462,0.003314251383878231,-0.0005055288202129304,0.00018815760529563436,0.0043414777037028025,0.0034726113977263462,-0.0011857884237542748,-0.06686404347419739,-0.0472506508231163,-0.022475125268101692,0.0013904953375458717,0.02247573807835579,0.049628183245658875,0.07107897847890854,-0.07293751835823059,-0.042582444846630096,-0.022494392469525337,0.008489692583680153,0.029594484716653824,0.05180436745285988,0.07076624035835266,0.001647325510490137,0.0017436146242063833,0.0011135392128754002,4.875646042236883,0.0
2025-11-14,0.0182049915555229,0.0,0.004274943896322487,0.004274943896322487,0.004282373505382287,0.0009769223907927793,0.0037075945468756145,0.004354913626123275,0.0017495196502730825,-0.006151237525045872,0.007920235204386207,0.005380383264497481,0.004259618790738093,0.0014533278299495578,0.003883079211875676,0.004354913626123275,0.0015430025836080789,-0.004807434510439634,0.0027713006879996472,0.004354913626123275,0.002865275967961141,-0.0018399255350232124,0.0048648735011582525,0.004354913626123275,0.002083505872359044,-0.00023407183471135795,0.004456524869720999,0.004354913626123275,0.007133458017340823,0.0011261748149991035,-0.0009527211849987578,0.0020411767163824143,0.0031675950088583043,-0.0017976328963413835,0.0027307852443793044,0.004354913626123275,0.005588599877707577,0.004178761970251799,-0.0672120451927185,-0.045006606727838516,-0.017055170610547066,0.008754180744290352,0.02992400713264942,0.05650126934051514,0.07568112760782242,-0.07323960959911346,-0.04321928694844246,-0.018667353317141533,0.0027975616976618767,0.025719085708260536,0.05130789801478386,0.07821010798215866,0.002524037354737675,0.0026162370410459527,0.0009151975745565252,4.723220214807222,0.0
2025-11-21,-0.0064460369475529,0.0,0.004299598847931692,0.004299598847931692,0.004176328086051732,0.0009810591049451505,0.0017633105452083998,0.004379913766790061,0.001593137157562418,-0.0017142870929092169,0.00530963887137442,0.005387763935515439,0.004232475151751437,0.003268857952207327,0.004657090287947556,0.004379913766790061,0.002354384544174897,0.003190490184351802,0.0031289144310914256,0.004379913766790061,0.0035224878824197665,0.0007820483879186213,0.004528053938959725,0.004379913766790061,0.002373063519055328,-0.0008523812284693122,0.0022264846055981323,0.004379913766790061,0.006892804047221105,-0.001952263992279768,0.0036021995415699785,0.004247969984021561,0.007370425628119754,-0.004529478028416634,0.002274170717023339,0.004379913766790061,0.007532973554183912,-0.002963531529530883,-0.06650839745998383,-0.04370373860001564,-0.022499777376651764,0.004058236721903086,0.02203335240483284,0.050738219171762466,0.06949608772993088,-0.07363944500684738,-0.04509614035487175,-0.020988324657082558,0.008488766849040985,0.023480281233787537,0.06056671589612961,0.07334437966346741,0.0029285614712046084,0.003102797357882313,0.0015055185941629154,4.324765738869799,0.0
2025-11-28,0.0348296952067714,0.0,0.004280613625678185,0.004280613625678185,0.00411625439836125,0.0009783410097317135,0.001398713865179045,0.00436040754928674,0.0013826355638181993,0.003024627920240164,0.008544070986988554,0.005649169566645294,0.005093451012786189,0.01155692059546709,0.0025105521746139493,0.00436040754928674,0.0018167257194141111,0.00736889336258173,0.003200848884968016,0.00436040754928674,0.0048154947067268585,0.008998689241707325,0.002691538488592316,0.00436040754928674,0.00038578729188468164,0.004904754925519228,0.001871069294402181,0.00436040754928674,0.00359576966643383,0.003205714514479041,0.007605593605342136,0.005699389397435854,0.005262649641017043,0.009954909794032574,0.0026747263244146415,0.00436040754928674,0.004155100890257704,0.0051448289304971695,-0.06653549522161484,-0.04288285970687866,-0.013046539388597012,0.009475198574364185,0.028168680146336555,0.05432910844683647,0.0697832778096199,-0.07343944907188416,-0.04248781502246857,-0.010378914885222912,0.01421179436147213,0.03906923159956932,0.05922474339604378,0.07142135500907898,0.00448604477503142,0.004438059774023064,0.002541596224631037,4.5406262414262155,0.0
2025-12-05,-0.0085640714006922,0.0,0.004334492076438491,0.004334492076438491,0.00442517971833794,0.0009969925633910855,0.0009189657279445118,0.0044152084263685476,0.0006564277433401965,0.006096139084547758,0.00588673051029351,0.0054535368808535266,0.0047344353096625755,0.0021147411316633224,-0.0012846830794254402,0.0044152084263685476,0.0002830163049047582,0.0019111210713163018,0.0004917482187937272,0.0044152084263685476,0.00315727659435642,0.0011372980661690235,-0.0017112617206802225,0.0044152084263685476,0.000197647628045838,0.005230444483458996,-0.005051039327717833,0.0044152084263685476,-0.00258663920657523,0.004186681006103754,-0.004783657583477982,0.004767070864250667,0.0021678112546117644,0.0014057087246328592,-0.007336834134385033,0.0044152084263685476,0.000960954710708355,-0.0009894982213154435,-0.0661853477358818,-0.04182703047990799,-0.019495245069265366,0.003164588240906596,0.026352325454354286,0.049256421625614166,0.07798391580581665,-0.07310336083173752,-0.0418340303003788,-0.015545944683253765,0.008331897668540478,0.030065156519412994,0.054720837622880936,0.08054690062999725,0.0010095503244007507,0.0010965519989315129,0.0030216852455502534,4.925510295005046,0.0
2025-12-12,0.0216891852444369,0.0,0.004311783337922415,0.004311783337922415,0.00392358906297536,0.0009992674827232074,0.002136081633276991,0.00439190630818711,0.001037432828790606,0.019593743607401848,0.011396221259681063,0.006094463778739755,0.005731979744465021,0.009057974442839622,0.0013193100442541053,0.00439190630818711,0.0010145871854228211,0.017753081396222115,0.0009809843815544246,0.00439190630818711,0.0029502963126458196,0.01750136911869049,0.0007630668058821025,0.00439190630818711,0.002098560897765413,0.019831931218504906,0.0034635384535999405,0.00439190630818711,0.0056123103478733435,0.023130718618631363,5.8506348160648584e-05,0.003339910489654759,0.002718399786217958,0.012265294790267944,0.0006215890436689631,0.00439190630818711,0.003648392605876477,0.017588011920452118,-0.06497595459222794,-0.04277270659804344,-0.012013083323836327,0.021503211930394173,0.03784285858273506,0.055682823061943054,0.06851386278867722,-0.07281512767076492,-0.038998983800411224,-0.01283173356205225,0.007819446735084057,0.0310799740254879,0.06174496188759804,0.0705018863081932,0.006609141304428387,0.006439771509507134,0.006789791094414139,4.789526392842848,0.0
2025-12-19,0.0120185257192417,0.0,0.00434232358731875,0.00434232358731875,0.004489650755379197,0.0009306364031328404,0.001295577903807665,0.004422905015958167,0.00015975512805064054,0.000627608154900372,0.00920864016225005,0.005821340639489143,0.005302264031849041,0.006326279137283564,0.001725067358256725,0.004422905015958167,0.0001642088533125273,-0.0007278413395397365,0.0008992082180395099,0.004422905015958167,0.001426745795475113,-0.002503457712009549,0.002455655916894185,0.004422905015958167,0.00025808607065820003,0.003923781216144562,0.002639435197739022,0.004422905015958167,0.005857794734293664,0.006816518027335405,0.004195420144277968,0.005333268172036135,0.004759295200634512,0.006854271981865168,0.0015199200531276348,0.004422905015958167,0.004416678550771218,0.006238286383450031,-0.06654834002256393,-0.04160674288868904,-0.020682895556092262,0.0014356684405356646,0.02094360813498497,0.04602279141545296,0.06782315671443939,-0.07261054217815399,-0.04025319963693619,-0.01742568239569664,0.007453384343534708,0.02660631202161312,0.04874720796942711,0.0680738016963005,0.0032652861626063802,0.0032919440299665026,0.001626461550679211,4.6762981666430985,0.0
2025-12-26,0.0111811087975155,0.0,0.004355790608602826,0.004355790608602826,0.004103952169644841,0.0009227122028299078,0.002298595018106432,0.004436492888414845,-0.0012516070495198622,0.00621040491387248,0.008440368311319132,0.005277742422186829,0.00673485227270366,0.0005570663488470018,-1.4622414591854496e-05,0.004436492888414845,-0.0012232109083467751,0.0035620764829218388,0.0007119593869899139,0.004436492888414845,0.004056036411163717,0.002382072387263179,0.001176295357841371,0.004436492888414845,-0.001814313182545049,-0.003329256782308221,-0.0037194502615731486,0.004436492888414845,-0.0016488897827630833,-0.0018571442924439907,-0.010630295177012857,0.0013902408849866643,-0.0047987232548168,-0.009723355062305927,-0.005414664030488287,0.004436492888414845,-0.0009837905613717104,-0.0009942942997440696,-0.07196734100580215,-0.04908720403909683,-0.005806563887745142,0.008732600137591362,0.031442806124687195,0.05727556720376015,0.06928186118602753,-0.07626374810934067,-0.04805987328290939,-0.01289787795394659,-0.0040105190128088,0.027106596156954765,0.04934373125433922,0.07346361875534058,-0.0004454526940446194,-0.00038378131067619,0.002923471442718474,5.0035902651161175,0.0
2026-01-02,0.003584026034284,0.0,0.004367743880387262,0.004367743880387262,0.00425177120954785,0.0008866572388448745,-0.010768129997862273,0.004448536845395382,-0.0007266378990051642,-0.01311931200325489,-0.009936167597780397,0.0049119621690764444,0.005923992989794304,-0.012670055031776428,-0.011580974671002293,0.004448536845395382,-0.000594543020114675,-0.012645551934838295,-0.012253507621500554,0.004448536845395382,0.002751741904514075,-0.013548329472541809,-0.011747689491521565,0.004448536845395382,0.00023135651386200703,0.0004934777971357107,-0.009855682006570776,0.004448536845395382,0.005648990948639451,0.0034505969379097223,-0.013983883720209095,0.002319212193547523,0.00012478285932136964,-0.004335710778832436,-0.012031476985385123,0.004448536845395382,0.003581669660276363,-0.004607279319316149,-0.07227174937725067,-0.04901596158742905,-0.02442299574613571,0.002566027222201228,0.03192492574453354,0.05264045298099518,0.0680713877081871,-0.07746720314025879,-0.04082475230097771,-0.03245658800005913,0.0010200028773397207,0.025316938757896423,0.04905044287443161,0.06934147328138351,-0.0027641714991520684,-0.002487727900291663,-0.0050413857636817366,4.831468111103752,0.0
2026-01-09,0.0142090164149379,0.0,0.004366373744292676,0.004366373744292676,0.004275578804024413,0.0008262720374972501,-0.007956822467556813,0.0044469958279067705,-0.00047669845729333884,-0.013760900124907494,0.00042884126803263267,0.0055229535548881915,0.006104851592544732,-0.00858903769403696,-0.010235586851157084,0.0044469958279067705,-0.0011729160992318575,-0.014520399272441864,-0.01037976680165884,0.0044469958279067705,0.0011676822283180422,-0.012350891716778278,-0.008273067211556564,0.0044469958279067705,-0.000923329365946161,-0.01773470640182495,-0.008810503989526056,0.0044469958279067705,0.0022613126093873124,-0.016225524246692657,-0.004125375901032326,0.005294120502789588,-0.0014959599890406678,-0.009248338639736176,-0.007396637397981344,0.0044469958279067705,0.00116858258470818,-0.01593373343348503,-0.07124818116426468,-0.04698687046766281,-0.024121256545186043,0.00916597805917263,0.028020886704325676,0.06395451724529266,0.07707162201404572,-0.0767524391412735,-0.03917039558291435,-0.025749199092388153,0.017081165686249733,0.03829123079776764,0.055930424481630325,0.0693860873579979,-0.004445835843889703,-0.004079028101550138,-0.004436856305462719,5.045162970811007,0.0
2026-01-16,0.027715659023249,0.0,0.004383551131152441,0.004383551131152441,0.00437846359927536,0.0008222184164117489,-0.001915920226297406,0.004464365971300064,-0.0008200078751736672,0.003089367412030697,0.004604342492131395,0.005731411077402156,0.005822807035150078,0.0024502428714185953,-0.006702468825857074,0.004464365971300064,-0.0019525619680928535,-0.0008996825199574232,-0.006343845021086174,0.004464365971300064,-0.000259649509261794,-0.00041427341056987643,-0.004881473377970827,0.004464365971300064,-0.0012210747352359207,0.004187385085970163,-0.007925430567730197,0.004464365971300064,-0.0032897958549241635,2.169632352888584e-05,-0.004583290883358114,0.0067261156531186455,-0.004101276407522907,0.0028073734138160944,-0.009692581747315188,0.004464365971300064,-0.001855471602182697,0.0031075486913323402,-0.06655354052782059,-0.03445133939385414,-0.018197739496827126,0.0011698536109179258,0.025654401630163193,0.05749724805355072,0.06743423640727997,-0.07114554196596146,-0.03683191537857056,-0.012929774820804596,0.009699041955173016,0.03572482243180275,0.057001229375600815,0.07166095823049545,-0.0006229553086166151,-0.000272448313551813,0.001204451320464922,5.362948791684194,0.0
2026-01-23,-0.0403102839436488,0.0,0.004424199402741459,0.004424199402741459,0.004249974270495427,0.0007792277273697362,-0.00437225505314813,0.0045056648932395825,-0.0009266019521914741,-0.0010050276760011911,-0.0011742601299371954,0.00547908216325206,0.004910895698729095,0.0037248453591018915,-0.006840657912248818,0.0045056648932395825,-0.0015127432412191735,-0.0020844617392867804,-0.008744547024589886,0.0045056648932395825,-0.0003361864221139224,-0.007691382896155119,-0.005303154808179129,0.0045056648932395825,-0.00017961360058058734,0.002828683005645871,-0.0031959324323128716,0.0045056648932395825,0.006127348685645428,-0.0008997631957754493,0.002433382917434542,0.007969934969783099,0.0010528885206109047,-0.010326731018722057,-0.006248639158040847,0.0045056648932395825,0.0034706264806921806,-0.004306328482925892,-0.06623703986406326,-0.03442415967583656,-0.021341009065508842,0.0004040889907628298,0.021521523594856262,0.058495815843343735,0.067054882645607,-0.07083828747272491,-0.03635852783918381,-0.02055036649107933,0.004805661737918854,0.024911295622587204,0.062152422964572906,0.07503266632556915,-0.00046912303692252466,0.00013744126652509645,-0.00044955494702530324,5.08634524049777,0.0
2026-01-30,-0.0839679032003903,0.0,0.004346400301269476,0.004346400301269476,0.004108355313675251,0.0007994380622403796,0.0032485384990143702,0.004426203991046518,-0.00016682854954613337,-0.002509446581825614,0.009860353542649771,0.005778547616036597,0.0049721961546782415,-0.0009431341313757002,0.0008462833434868164,0.004426203991046518,-0.0009782178840769913,-0.005288202781230211,-0.0007789375598510262,0.004426203991046518,-0.0010076274682833033,-0.004949906840920448,0.004040651824500751,0.004426203991046518,-0.0004737438632656044,0.0008354593301191926,0.004022828255318046,0.004426203991046518,0.005123832416329754,-2.6304920538677834e-05,0.005441373663876308,0.006065007693760549,0.0006752282772944035,0.002623982960358262,0.002947367426741458,0.004426203991046518,0.002640377280035476,0.001779202139005065,-0.0648951455950737,-0.03945689648389816,-0.022929202765226364,0.0007699624402448535,0.01995689421892166,0.047204047441482544,0.06679198890924454,-0.06992882490158081,-0.039823487401008606,-0.018778566271066666,0.006769091822206974,0.020365972071886063,0.05161081999540329,0.06764901429414749,0.0019029030519955171,0.0019092044247663732,0.0012496168396722853,5.082120208958047,0.0
2026-02-06,-0.0315708501156333,0.0,0.004193076857690205,0.004193076857690205,0.004978942457807132,0.0009225133460429257,0.0052791446374240315,0.004269754243805037,0.002273448922958566,0.0004781028546858579,0.015627843740084215,0.005535897239299339,0.005079389870651248,0.011405861005187035,0.004388234018057822,0.004269754243805037,0.00157465206333026,-0.0009265771368518472,0.0029678006093746853,0.004269754243805037,0.0020331460277629226,-0.0015147527446970344,0.005639743287716305,0.004269754243805037,0.0024055545119214443,0.006568548735231161,0.006428221578492295,0.004269754243805037,0.0060240804144882885,0.0052950941026210785,0.011299694579259698,0.007562124268526442,0.002002063243126244,0.009596495889127254,0.005138165826161315,0.004269754243805037,0.0033590139684648726,0.007297989446669817,-0.07318910956382751,-0.051659516990184784,-0.02194073610007763,0.0023374410811811686,0.030289702117443085,0.050306592136621475,0.07232806831598282,-0.0699174553155899,-0.05113554373383522,-0.02323850616812706,0.008658071048557758,0.03463667258620262,0.05573282390832901,0.0769304558634758,0.004520335996158675,0.0044125342650553545,0.0030751126647183733,4.930480587905491,0.0
2026-02-13,-0.1073455851397771,0.0,0.0041310943152754334,0.0041310943152754334,0.005264733543961565,0.0009344653200111933,-0.0019832288272046686,0.004206431621261861,0.0004743386987586208,-0.006143429782241583,0.011687939566195816,0.004206431621261861,0.0048838132827684335,0.009434177540242672,-0.0037160310414030475,0.004206431621261861,0.0006077166778674708,-0.009994781576097012,-0.004734098173931122,0.004206431621261861,0.002331340759913812,-0.0045267012901604176,-0.0018347158965838347,0.004206431621261861,7.542932112284285e-05,-0.004342976957559586,-0.0011982561777412288,0.004206431621261861,0.005643405833890654,-0.006389287766069174,-0.0010743673126932885,0.005882336950983108,0.0036900598337189,-0.000967949687037617,-0.002550144736349503,0.004206431621261861,0.004602317782061679,-0.0024399522226303816,-0.0965723916888237,-0.05338512361049652,-0.0276916716247797,0.003517618402838707,0.024998124688863754,0.047607775777578354,0.09533923119306564,-0.09084566682577133,-0.04914894700050354,-0.02987676113843918,0.009063852950930595,0.027330756187438965,0.046350881457328796,0.08516068011522293,3.97926781714818e-06,-7.937308780832039e-05,-0.0008614720723564425,4.9420837168387,0.0
2026-02-20,0.0435310646544033,0.0,0.003938228087844546,0.003938228087844546,0.004507785439926483,0.0011320665550264741,0.010106080416863089,0.004009690850960204,0.006462143663794823,0.01326586864888668,0.02114848039556779,0.004009690850960204,0.004879658669832565,0.03283029794692993,0.01194830390862276,0.004009690850960204,0.006346333793951238,0.015347791835665703,0.010392722298680317,0.004009690850960204,0.005875337825656498,0.007481470238417387,0.011498146356432357,0.004009690850960204,0.007080446227831716,0.010523288510739803,0.010865555679052227,0.004009690850960204,0.006165935805881284,0.011577092111110687,0.013030847932116896,0.00546017095238514,0.0041542140424979885,0.016206132248044014,0.012105175819409238,0.004009690850960204,0.0056125048275722815,0.01449536718428135,-0.10711720585823059,-0.06447692215442657,-0.032990291714668274,0.006328445393592119,0.07749998569488525,0.08135334402322769,0.08516880869865417,-0.09366293996572495,-0.05760764703154564,-0.031610507518053055,0.009312952868640423,0.07544755935668945,0.08339662849903107,0.08973238617181778,0.008592303827214579,0.008711877556119227,0.0084609458951262,4.601193604161481,0.0
2026-02-27,-0.0430991924818515,0.0,0.004006609498149484,0.004006609498149484,0.004888096891445364,0.0010612151667387586,0.010830647892054148,0.004079270734416969,0.0037292261326572025,-0.0034727768506854773,0.009219787477185661,0.004079270734416969,0.005675509025009587,-0.00534836994484067,0.012967160989951453,0.004079270734416969,0.0037850002780831712,0.005861972458660603,0.012086970622275334,0.004079270734416969,0.0038728619557662036,0.00029520425596274436,0.013002024787187018,0.004079270734416969,0.0035962157109492928,0.004935933277010918,0.012074213626736462,0.004079270734416969,0.005715770317690382,-0.0013934614835307002,0.02275187430610843,0.009690581558055671,0.006824194268640393,0.010372228920459747,0.01398072496272573,0.004079270734416969,0.0053274397187273075,0.008212373591959476,-0.08531635254621506,-0.06581303477287292,-0.04475567117333412,0.0039195166900753975,0.03893302381038666,0.06976237893104553,0.08876020461320877,-0.08438999205827713,-0.061130598187446594,-0.03329504653811455,0.010368172079324722,0.0433993861079216,0.0699189230799675,0.09059397876262665,0.007264818241479354,0.007232817389911807,0.0037915919771107105,4.498292902036972,0.0
2026-03-06,0.0031613763935736,0.0,0.003925392598183965,0.003925392598183965,0.003586391415218984,0.001066778431444466,0.008082193182392065,0.0039963560363215946,0.004002013542520993,0.004627724178135395,0.0011858196896832357,0.0039963560363215946,0.004892271405867091,-0.0035033272579312325,0.006457512727597921,0.0039963560363215946,0.003152162394308829,-0.00011904165148735046,0.008452212728201316,0.0039963560363215946,0.0052954001622181725,0.001419675420038402,0.006848483179585784,0.0039963560363215946,0.0028496754351095884,0.0024058872368186712,0.003086198460439907,0.0039963560363215946,-0.002620895759071879,0.0030227000825107098,0.011367261118980038,0.007658768602272152,0.0018779137161360404,0.012384094297885895,0.004548298879654195,0.0039963560363215946,0.0002521979962011251,-0.0010936085600405931,-0.09242811799049377,-0.06356271356344223,-0.030293945223093033,0.009506999514997005,0.04356325790286064,0.0677153542637825,0.07731030881404877,-0.09714511036872864,-0.060731902718544006,-0.03270003944635391,0.016984404996037483,0.05125369131565094,0.07049606740474701,0.07889306545257568,0.004051111527040287,0.0039869299801422444,0.005177071734842512,4.941411599001919,0.0
2026-03-13,-0.0202905511897339,0.0,0.003924077596110625,0.003924077596110625,0.004470525322529651,0.00104376757099994,0.00787162240033572,0.00399489115975537,0.0032747520912492336,0.0017986170714721084,-0.0006752276314182168,0.00399489115975537,0.004332014140799748,-0.013009993359446526,-0.001400395244847077,0.00399489115975537,3.0033673499157976e-05,-0.003082568757236004,0.002276490069512237,0.00399489115975537,-5.707529294176651e-05,-0.003559449687600136,0.0018360222519721685,0.00399489115975537,0.001367083019545916,-0.001174807664938271,0.0008311751476021631,0.00399489115975537,-0.006776634928874643,-0.010383798740804195,-0.004156073344665875,0.0027802097716576844,-0.0074395306916953475,-0.007552540395408869,-0.0030062851632060676,0.00399489115975537,-0.006803028024355661,-0.005822453182190657,-0.08543889969587326,-0.06131216138601303,-0.029786789789795876,0.020322266966104507,0.029095042496919632,0.06383208185434341,0.07712499052286148,-0.09613049030303955,-0.057324979454278946,-0.029761116951704025,0.008675008080899715,0.03060184419155121,0.061847709119319916,0.07600565254688263,-0.0013382988077582664,-0.0014116192638331366,0.004234970680703108,5.8576628287417565,0.0
2026-03-20,-0.023255139661229,0.0,0.0038824717047260125,0.0038824717047260125,0.003934003411931287,0.0010187669799791898,0.0037476851195866463,0.0039523597370767554,0.003058214977455556,0.004771438892930746,-0.003183224301811882,0.0039523597370767554,0.00435997465425313,-0.01470690406858921,-0.005723035995118286,0.0039523597370767554,0.0002281681590547797,-0.006826107855886221,-0.0072619545916116955,0.0039523597370767554,-0.0036481551275461543,-0.008073214441537857,-0.0013558102191004034,0.0039523597370767554,0.003649456070431865,0.005102655850350857,0.0052235853976654225,0.0039523597370767554,0.0015584210429854606,0.0030308570712804794,-0.012039434334121718,0.00019065836888671438,-0.010112356363490636,-0.005027972161769867,-0.006341785694391151,0.0039523597370767554,-0.0024477164360022004,-0.0007542754174210131,-0.0842985138297081,-0.056174926459789276,-0.02781405858695507,0.0073342639952898026,0.04103538766503334,0.06871818751096725,0.08170384168624878,-0.10230491310358047,-0.09602639824151993,-0.028280388563871384,0.0021781153045594692,0.030747076496481895,0.06348542869091034,0.08418085426092148,-0.001286092416331577,-0.001350251495394791,0.003882424681762426,5.7830550514414245,0.0
2026-03-27,0.0568003565053158,0.0,0.003835923486259537,0.003835923486259537,0.004162252871535462,0.001027495302751134,0.006536146161472157,0.0039047941786881086,0.002716417346007042,-0.0013085352256894112,0.003913037185822721,0.0039047941786881086,0.0034328111040921603,-0.0037754580844193697,-0.0026600593344233286,0.0039047941786881086,-0.0002424879078490299,-0.008704174309968948,-0.007086533522874384,0.0039047941786881086,-0.007831008731043965,-0.01215250976383686,0.0051691920371634194,0.0039047941786881086,0.00242449722013105,-0.000513422186486423,0.007135012682603488,0.0039047941786881086,0.0018395071166871398,-0.004620155319571495,-0.009445770900416081,0.0009568333255188699,-0.010482368028377688,-0.010854167863726616,-0.002997051742275217,0.0039047941786881086,-0.002293470548208832,-0.006836683489382267,-0.07589298486709595,-0.058374837040901184,-0.027776675298810005,0.00038863479858264327,0.030750568956136703,0.06874677538871765,0.0788213238120079,-0.07372300326824188,-0.053473636507987976,-0.02811271883547306,-0.012464730069041252,0.023045890033245087,0.062407948076725006,0.07944642007350922,-0.0020696187655373597,-0.0023180281119836166,0.0029622056151194743,5.733385782472404,0.0
2026-04-03,0.0005661712819318,0.0,0.003926616008552442,0.003926616008552442,0.00414040603056788,0.0010629454520480097,0.00449294076101729,0.003997107550985889,0.002315600086515452,0.009975775144994259,0.0024937014875662323,0.003997107550985889,0.004437698468089339,0.0055339140817523,-0.003871549133454404,0.003997107550985889,-0.0001257138882992618,0.0025895682629197836,-0.007402980240911406,0.003997107550985889,-0.005746719840059993,0.0001575314236106351,0.0029961924780723334,0.003997107550985889,0.002093267497118182,0.008601502515375614,0.006391921411381772,0.003997107550985889,0.001495382673906687,0.007880443707108498,-0.007040181785623394,0.0016427393579027758,-0.009064742695053914,0.0009265834232792258,-0.002620733030647482,0.003997107550985889,-0.0017489695886331955,0.006217935588210821,-0.07627765834331512,-0.054581400007009506,-0.03313850238919258,0.005636244080960751,0.0420675128698349,0.06844209879636765,0.08658523112535477,-0.07419954240322113,-0.053678445518016815,-0.031806860119104385,-0.0020677882712334394,0.03383779525756836,0.06517061591148376,0.08861367404460907,0.0009732089954638634,0.0010626321207681234,0.005195355885878222,5.70340990188812,0.0
2026-04-10,0.0164202692911814,0.0,0.0039208716585924066,0.0039208716585924066,0.0032982709198988206,0.0009540668194617755,-0.030821646338243105,0.003991130310099035,-0.006289283946438088,0.009176762774586678,-0.03746263556069049,0.003991130310099035,0.004916486582815028,-0.011171686463057995,-0.03995617219263648,0.003991130310099035,-0.005024550905955963,-0.003351591294631362,-0.04362088194787079,0.003991130310099035,-0.00446573419665707,-0.008595933206379414,-0.03288700080757494,0.003991130310099035,-0.006813532630373764,0.006206449121236801,-0.029539846459579373,0.003991130310099035,0.0027181554219404304,0.001029109233058989,-0.04652125293160975,0.0010688450772316084,-0.004536328470827229,-0.004247365519404411,-0.04154549698211937,0.003991130310099035,0.0014658406454134045,0.0002465167490299791,-0.0913204699754715,-0.05788419768214226,-0.027814509347081184,0.010266088880598545,0.02967102639377117,0.0669998899102211,0.0840141549706459,-0.09211290627717972,-0.05614454671740532,-0.027560394257307053,0.009771189652383327,0.025413110852241516,0.06449472159147263,0.08649174869060516,-0.009933963322800563,-0.009827927540877506,-0.00598575929999887,5.635062083344753,0.0
2026-04-17,0.0624570830621893,0.0,0.003942201688682149,0.003942201688682149,0.003962210898510949,0.0009544361707253999,,,,,,,,,,,,,,,,,,,,,,,,,,,,,,,,,,,,,,,,,,,,,,,,,,5.651071073516163,0.0
2026-04-24,-0.0339150797227052,0.0,0.00404188632475286,0.00404188632475286,0.0037936508215155374,0.0010197545686096187,,,,,,,,,,,,,,,,,,,,,,,,,,,,,,,,,,,,,,,,,,,,,,,,,,5.701452368033706,0.0
2026-05-01,-0.0136204775229664,0.0,0.003977333661406843,0.003977333661406843,0.0033630627209209705,0.0010448077472889452,,,,,,,,,,,,,,,,,,,,,,,,,,,,,,,,,,,,,,,,,,,,,,,,,,5.358637586898552,0.0
2026-05-08,0.0167271187734794,0.0,0.003947456223063255,0.003947456223063255,0.004460159543557809,0.0010287529255804837,,,,,,,,,,,,,,,,,,,,,,,,,,,,,,,,,,,,,,,,,,,,,,,,,,5.253247387624152,0.0
2026-05-15,0.0057823061667336,0.0,0.00396911666806396,0.00396911666806396,0.004165995246766381,0.0010240536685765503,,,,,,,,,,,,,,,,,,,,,,,,,,,,,,,,,,,,,,,,,,,,,,,,,,5.457989386812052,0.0
2026-05-22,0.0175443096509093,0.0,0.00397218467059978,0.00397218467059978,0.0038110828708189954,0.0010235643146317363,,,,,,,,,,,,,,,,,,,,,,,,,,,,,,,,,,,,,,,,,,,,,,,,,,5.337294087471573,0.0
2026-05-29,0.0474717724161735,0.0,0.003995110557390843,0.003995110557390843,0.003950809948145938,0.0010276509578506568,,,,,,,,,,,,,,,,,,,,,,,,,,,,,,,,,,,,,,,,,,,,,,,,,,5.2567169503669104,0.0
2026-06-05,-0.0338625594936088,0.0,0.004068427019210038,0.004068427019210038,0.0038275174621354717,0.0010610054986446226,,,,,,,,,,,,,,,,,,,,,,,,,,,,,,,,,,,,,,,,,,,,,,,,,,5.158192247826274,0.0
2026-06-12,0.0029848831453627,0.0,0.004004570139558828,0.004004570139558828,0.003541435058283862,0.001052898362349024,,,,,,,,,,,,,,,,,,,,,,,,,,,,,,,,,,,,,,,,,,,,,,,,,,5.166135179676436,0.0
2026-06-19,0.0432396992936894,0.0,0.004002856379904716,0.004002856379904716,0.004496716834612429,0.0010169238784095047,,,,,,,,,,,,,,,,,,,,,,,,,,,,,,,,,,,,,,,,,,,,,,,,,,5.1302834706508635,0.0
2026-06-26,-0.0037299558350634,0.0,0.004068690008954691,0.004068690008954691,0.004017255563258472,0.0010187269852125777,,,,,,,,,,,,,,,,,,,,,,,,,,,,,,,,,,,,,,,,,,,,,,,,,,5.43416412512005,0.0
2026-07-03,0.0039781255844451,0.0,0.004055626950589503,0.004055626950589503,0.0035623716046656625,0.0010019982557524865,,,,,,,,,,,,,,,,,,,,,,,,,,,,,,,,,,,,,,,,,,,,,,,,,,5.042779419534007,0.0
2026-07-10,-0.0175223506922028,0.0,0.004055497349642772,0.004055497349642772,0.004158835149279487,0.0010009288435365094,,,,,,,,,,,,,,,,,,,,,,,,,,,,,,,,,,,,,,,,,,,,,,,,,,4.80751576007336,0.0
2026-07-17,-0.001137009787075,0.0,0.004019474231042029,0.004019474231042029,0.004057749339616479,0.0010022152658059813,,,,,,,,,,,,,,,,,,,,,,,,,,,,,,,,,,,,,,,,,,,,,,,,,,4.8406344062905315,0.0
2026-07-24,0.052809020331396,0.0,0.004010880091011833,0.004010880091011833,0.004302787758413034,0.0009998092095928367,,,,,,,,,,,,,,,,,,,,,,,,,,,,,,,,,,,,,,,,,,,,,,,,,,5.370617811295138,0.0
2026-07-31,-0.0259944188051202,0.0,0.004092074999897664,0.004092074999897664,0.004079221065855459,0.0010419874878820662,,,,,,,,,,,,,,,,,,,,,,,,,,,,,,,,,,,,,,,,,,,,,,,,,,5.341379658042725,0.0
2026-08-07,0.0246746033876688,0.0,0.004042097435437501,0.004042097435437501,0.0034521092372938175,0.0010569811554156418,,,,,,,,,,,,,,,,,,,,,,,,,,,,,,,,,,,,,,,,,,,,,,,,,,5.203184782187481,0.0
2026-08-14,-0.0148778069332093,0.0,0.00407631386321898,0.00407631386321898,0.004459795118903454,0.001051806521254618,,,,,,,,,,,,,,,,,,,,,,,,,,,,,,,,,,,,,,,,,,,,,,,,,,5.006624941127351,0.0
