i,y,B_histmean,date,raw_Ridge_CTRL,Ridge_CTRL,raw_ENet_CTRL,ENet_CTRL,raw_Ridge_CTRL_SUP,Ridge_CTRL_SUP,raw_ENet_CTRL_SUP,ENet_CTRL_SUP,raw_Ridge_CTRL_SUP_GPRX,Ridge_CTRL_SUP_GPRX,raw_ENet_CTRL_SUP_GPRX,ENet_CTRL_SUP_GPRX
200,-0.015829008337973,0.005857032517324537,2018-11-09,0.004875471863755896,0.004875471863755896,0.005893048392247773,0.005893048392247773,0.009193553838379569,0.009193553838379569,0.00777337122874641,0.00777337122874641,0.010532507818939867,0.010532507818939867,0.013595381093872153,0.013595381093872153
201,0.0498845127504683,0.005749141766800669,2018-11-16,0.003778902014473989,0.003778902014473989,0.005778116875156658,0.005778116875156658,0.017198456529548406,0.017198456529548406,0.007552788242141556,0.007552788242141556,-0.041149286474986335,-0.041149286474986335,-0.05039654345035196,-0.05039654345035196
202,0.0133039656263629,0.00596763370236338,2018-11-23,2.4658318603706236e-06,2.4658318603706236e-06,0.006010255800816193,0.006010255800816193,0.0032546561593090944,0.0032546561593090944,0.007944748654255693,0.007944748654255693,0.014476346957725962,0.014476346957725962,0.015708826173831358,0.015708826173831358
203,-0.0044150182091167,0.006003773268491457,2018-11-30,-0.0018653645734713386,-0.0018653645734713386,0.006048442763253611,0.006048442763253611,-0.010689474439419816,-0.010689474439419816,0.007993915782440164,0.007993915782440164,-0.06659488203542957,-0.06659488203542957,-0.05528754478655609,-0.05528754478655609
204,0.1308729949579126,0.00595270076124828,2018-12-07,-0.011840349554456338,-0.011840349554456338,0.005993945570689181,0.005993945570689181,-0.007997415462326475,-0.007997415462326475,0.007881107291607828,0.007881107291607828,-0.011846978863162215,-0.011846978863162215,0.005729793551947427,0.005729793551947427
205,0.0459022359154857,0.006562068050012496,2018-12-14,0.002649269136081988,0.002649269136081988,0.006640987277358733,0.006640987277358733,-0.004218906515766474,-0.004218906515766474,0.008989142315628591,0.008989142315628591,-0.00406166604153315,-0.00406166604153315,0.0008262526042719567,0.0008262526042719567
206,0.001852195380414,0.006753039738679841,2018-12-21,0.00352850543472987,0.00352850543472987,0.006843364847658357,0.006843364847658357,0.005007591722229136,0.005007591722229136,0.009318723508484459,0.009318723508484459,0.010350756609892584,0.010350756609892584,0.008667501101611567,0.008667501101611567
207,-0.0516439733445621,0.006729364162069862,2018-12-28,0.0038652557019826245,0.0038652557019826245,0.006817769106800694,0.006817769106800694,-0.029723448337650633,-0.029723448337650633,0.009252648038324542,0.009252648038324542,-0.030482359085408663,-0.030482359085408663,-0.03827258608558002,-0.03827258608558002
208,-0.0454442481194798,0.0064487231163648994,2019-01-04,0.0015903548262551342,0.0015903548262551342,0.006519494910620271,0.006519494910620271,-0.02693769506339145,-0.02693769506339145,0.008718467149000975,0.008718467149000975,-0.026445283088063258,-0.026445283088063258,-0.03889455067838579,-0.03889455067838579
210,-0.0363259210040802,0.006563997375439283,2019-01-18,-0.0016832271782607749,-0.0016832271782607749,0.006641040621817795,0.006641040621817795,-0.0014561214074840251,-0.0014561214074840251,0.008247487016231578,0.008247487016231578,-0.005609805067668653,-0.005609805067668653,0.007023478436240346,0.007023478436240346
211,-0.0865866583593337,0.00636072762008611,2019-01-25,-0.0009168526962625252,-0.0009168526962625252,0.006425126241788157,0.006425126241788157,0.011683679357802929,0.011683679357802929,0.007863233498815098,0.007863233498815098,0.009429873556364196,0.009429873556364196,0.009097085311785437,0.009097085311785437
212,0.0151709610078065,0.0059222965541454505,2019-02-01,0.01944724615533722,0.01944724615533722,0.005960067318782549,0.005960067318782549,0.014768916422852961,0.014768916422852961,0.007055969465839467,0.007055969465839467,0.006640064432935959,0.006640064432935959,0.007734349537543707,0.007734349537543707
213,-0.0814377971855195,0.005965717514021794,2019-02-08,0.011902942883999408,0.011902942883999408,0.008006588067432693,0.008006588067432693,0.021939271656124176,0.021939271656124176,0.007124740580601899,0.007124740580601899,0.023856597924893082,0.023856597924893082,0.019850165605656417,0.019850165605656417
214,-0.0758545754551831,0.00555728987523889,2019-02-15,0.012903230946392803,0.012903230946392803,0.007202087019945309,0.007202087019945309,0.026578249164375716,0.026578249164375716,0.006380517574163904,0.006380517574163904,0.03071572323394409,0.03071572323394409,0.006380517574163904,0.006380517574163904
215,0.1497356616181413,0.005178630036492741,2019-02-22,0.011206844230889976,0.011206844230889976,0.006460266622420819,0.006460266622420819,0.02493755925036287,0.02493755925036287,0.0056952251322526775,0.0056952251322526775,0.025476822074046945,0.025476822074046945,0.0056952251322526775,0.0056952251322526775
216,0.0327490406203385,0.00584787555307445,2019-03-01,0.020481690579048476,0.020481690579048476,0.008273821067307072,0.008273821067307072,0.027384038026510217,0.027384038026510217,0.006885641962714567,0.006885641962714567,0.04826044294268261,0.04826044294268261,0.006885641962714567,0.006885641962714567
217,-0.0247741819855793,0.00597184405568857,2019-03-08,0.011275603519853425,0.011275603519853425,0.00851928511219852,0.00851928511219852,0.013396948677161763,0.013396948677161763,0.007097637033678697,0.007097637033678697,0.01053872862649478,0.01053872862649478,0.007097637033678697,0.007097637033678697
218,-0.0841271245157613,0.005830807238985506,2019-03-15,0.009986936320024196,0.009986936320024196,0.008112268508198964,0.008112268508198964,0.00881794372572546,0.00881794372572546,0.006838516553847331,0.006838516553847331,0.0062195972677648636,0.0062195972677648636,0.006838516553847331,0.006838516553847331
219,0.0370495398672594,0.0054200404273199955,2019-03-22,0.0089604672772595,0.0089604672772595,0.007054224140214265,0.007054224140214265,0.007492556913233786,0.007492556913233786,0.006104922674253713,0.006104922674253713,0.009660016284123852,0.009660016284123852,0.006104922674253713,0.006104922674253713
220,0.1266056242715625,0.00556381087931972,2019-03-29,0.01114592303724207,0.01114592303724207,0.007352866388778294,0.007352866388778294,0.00888766739565309,0.00888766739565309,0.006352479611797759,0.006352479611797759,0.009874858723883332,0.009874858723883332,0.006352479611797759,0.006352479611797759
221,0.0715122177898051,0.006111511392406792,2019-04-05,0.015788767558025277,0.015788767558025277,0.00792445237580589,0.00792445237580589,0.015382954217900029,0.015382954217900029,0.007306869648780019,0.007306869648780019,-0.0016698212074027965,-0.0016698212074027965,0.007306869648780019,0.007306869648780019
222,0.0114368651909462,0.006406109168971649,2019-04-12,0.008514460142613374,0.008514460142613374,0.008408434673306368,0.008408434673306368,0.008750095745168808,0.008750095745168808,0.007812423571150295,0.007812423571150295,0.02547095831724094,0.02547095831724094,0.007812423571150295,0.007812423571150295
223,-0.0380273955892396,0.006428668613016378,2019-04-19,0.006831389676508943,0.006831389676508943,0.008416333825831849,0.008416333825831849,-0.004177794496317508,-0.004177794496317508,0.00784073952130495,0.00784073952130495,0.00827364475815502,0.00827364475815502,0.00784073952130495,0.00784073952130495
224,-0.0299760173552137,0.006230204040684877,2019-04-26,0.007499751994447553,0.007499751994447553,0.008041337533050873,0.008041337533050873,0.013446377168599274,0.013446377168599274,0.00748517258246352,0.00748517258246352,0.05554898528360224,0.05554898528360224,0.00748517258246352,0.00748517258246352
225,0.0124741742251757,0.00606928750114755,2019-05-03,0.014045428394750146,0.014045428394750146,0.008509784702471757,0.008509784702471757,0.02356789604023849,0.02356789604023849,0.007197009582942926,0.007197009582942926,0.021762356277071036,0.021762356277071036,0.007197009582942926,0.007197009582942926
226,-0.0251059211310762,0.006097627707891038,2019-05-10,0.013733230717775515,0.013733230717775515,0.00852106901501067,0.00852106901501067,0.02847754608256369,0.02847754608256369,0.007237293282501955,0.007237293282501955,0.05726105008407749,0.05726105008407749,0.007237293282501955,0.007237293282501955
227,0.0183211231475963,0.005960167140318494,2019-05-17,0.014087194196514682,0.014087194196514682,0.008119856377940143,0.008119856377940143,0.01717130565231101,0.01717130565231101,0.006992268930883938,0.006992268930883938,0.011891136793134794,0.011891136793134794,0.006992268930883938,0.006992268930883938
228,-0.0381622719869541,0.0060143818596486605,2019-05-24,0.013356343408539296,0.013356343408539296,0.008198960199521382,0.008198960199521382,0.02534637514623235,0.02534637514623235,0.007077448285896813,0.007077448285896813,0.014848170890931158,0.014848170890931158,0.007077448285896813,0.007077448285896813
229,0.0082176161909588,0.00582147070748009,2019-05-31,0.012894553765493474,0.012894553765493474,0.007669981423166905,0.007669981423166905,0.019786755654288803,0.019786755654288803,0.006739838433114344,0.006739838433114344,0.012650196986451949,0.012650196986451949,0.006739838433114344,0.006739838433114344
230,0.0189158313234414,0.005831888731321302,2019-06-07,0.017654217204797366,0.017654217204797366,0.006423909193219681,0.006423909193219681,0.016669176770111562,0.016669176770111562,0.006750784935024303,0.006750784935024303,0.010501558290430795,0.010501558290430795,0.006750784935024303,0.006750784935024303
231,0.0102721085832473,0.005888529175443034,2019-06-14,0.00803666579943697,0.00803666579943697,0.006483720710133881,0.006483720710133881,0.011162924763473615,0.011162924763473615,0.00684023380552737,0.00684023380552737,0.010962851267714045,0.010962851267714045,0.00684023380552737,0.00684023380552737
232,0.0400647055783465,0.005907423914269776,2019-06-21,0.008240355544976055,0.008240355544976055,0.006498553100305117,0.006498553100305117,0.0073671955527012615,0.0073671955527012615,0.00686528398638664,0.00686528398638664,0.005952915767423806,0.005952915767423806,0.00686528398638664,0.00686528398638664
233,0.0061627891263089,0.00605402168965208,2019-06-28,0.007512613771383313,0.007512613771383313,0.006665419793014763,0.006665419793014763,0.00867935374069328,0.00867935374069328,0.007105859505168957,0.007105859505168957,0.01322694414629946,0.01322694414629946,0.007105859505168957,0.007105859505168957
234,0.0894779145613751,0.006054486507757451,2019-07-05,0.024591372337238956,0.024591372337238956,0.00776154499101899,0.00776154499101899,0.036946944263933794,0.036946944263933794,0.007099074826184352,0.007099074826184352,0.02505050860892384,0.02505050860892384,0.007099074826184352,0.007099074826184352
235,0.0039577888074169,0.006409479818623909,2019-07-12,0.010783922289709317,0.010783922289709317,0.00847620713832192,0.00847620713832192,0.012257744230538395,0.012257744230538395,0.007687495110007145,0.007687495110007145,0.011251606495138016,0.011251606495138016,0.007687495110007145,0.007687495110007145
236,-0.0209553651759879,0.0063990912973899815,2019-07-19,0.01091915601627939,0.01091915601627939,0.008409556052753609,0.008409556052753609,0.010270337423977666,0.010270337423977666,0.007661043292258278,0.007661043292258278,0.007809499974850685,0.007809499974850685,0.007661043292258278,0.007661043292258278
237,0.0284976209656822,0.0062836716498229864,2019-07-26,0.011684576977678756,0.011684576977678756,0.008112404230698865,0.008112404230698865,0.016404264606822316,0.016404264606822316,0.007459519288960769,0.007459519288960769,0.030150236673186302,0.030150236673186302,0.007459519288960769,0.007459519288960769
238,-0.0416935492110064,0.006377007571318193,2019-08-02,0.008468353014306424,0.008468353014306424,0.0075635069284714996,0.0075635069284714996,0.010692276446806736,0.010692276446806736,0.007606638881105674,0.007606638881105674,0.010125160184141297,0.010125160184141297,0.007606638881105674,0.007606638881105674
239,-0.0782561573663702,0.0061758755345720645,2019-08-09,0.012637631846703303,0.012637631846703303,0.007626143059956141,0.007626143059956141,0.02320102941759143,0.02320102941759143,0.007264276463799342,0.007264276463799342,0.03496117760974964,0.03496117760974964,0.007264276463799342,0.007264276463799342
240,-0.0340920823040562,0.005824075397484805,2019-08-16,0.0129377519664611,0.0129377519664611,0.006920553561659243,0.006920553561659243,0.021041565768691203,0.021041565768691203,0.018418857621735604,0.018418857621735604,0.015930408032806497,0.015930408032806497,0.006674480368418861,0.006674480368418861
241,0.0421625589766998,0.005658448187104967,2019-08-23,0.012497271233944961,0.012497271233944961,0.0065771854263240665,0.0065771854263240665,0.023249361254598196,0.023249361254598196,0.01764809010336124,0.01764809010336124,0.0258105227424767,0.0258105227424767,0.006395257336415608,0.006395257336415608
242,-0.0494297548532118,0.005809291620119821,2019-08-30,0.012665458814522558,0.012665458814522558,0.006840440318412343,0.006840440318412343,0.020864850816694074,0.020864850816694074,0.017574264613748107,0.017574264613748107,0.01842809135957721,0.01842809135957721,0.006638572313560398,0.006638572313560398
243,0.0497950516609266,0.005581970441217222,2019-09-06,0.01777395228933696,0.01777395228933696,0.007452014293729997,0.007452014293729997,0.03152300411438055,0.03152300411438055,0.018214041811744353,0.018214041811744353,0.028580897329776905,0.028580897329776905,0.0062597322651362615,0.0062597322651362615
244,0.0076405683688918,0.005763171593757015,2019-09-13,0.0072769717983912135,0.0072769717983912135,0.00595484465035774,0.00595484465035774,0.005558324968609963,0.005558324968609963,0.009525620586247435,0.009525620586247435,0.004396719521105807,0.004396719521105807,0.006551915616785861,0.006551915616785861
245,-0.0463646919140594,0.005770834437737157,2019-09-20,0.006565072768057293,0.006565072768057293,0.005960451178221993,0.005960451178221993,0.004056078237931282,0.004056078237931282,0.007865909346906595,0.007865909346906595,0.016474450651353764,0.016474450651353764,0.006559173301799901,0.006559173301799901
246,-0.0967919148449016,0.005558901403786764,2019-09-27,0.00688493977708818,0.00688493977708818,0.005716783783195888,0.005716783783195888,0.006368397843218581,0.006368397843218581,0.010856938994959323,0.010856938994959323,-0.0015511830851572357,-0.0015511830851572357,0.006208684128184938,0.006208684128184938
247,0.0588763480987917,0.005144525629500576,2019-10-04,0.012522868968447193,0.012522868968447193,0.006911840761800358,0.006911840761800358,0.016064771131507533,0.016064771131507533,0.015912845655177976,0.015912845655177976,0.010178777215232311,0.010178777215232311,0.005531048608625158,0.005531048608625158
248,0.0552287579477859,0.005361186203973524,2019-10-11,0.009222204784200841,0.009222204784200841,0.005803283520776486,0.005803283520776486,0.015454868951809041,0.015454868951809041,0.013094221985635146,0.013094221985635146,0.020697669022217695,0.020697669022217695,0.005879710696796182,0.005879710696796182
249,-0.0380273955892391,0.005561457576438636,2019-10-18,0.00873092265638494,0.00873092265638494,0.006084761949857349,0.006084761949857349,0.014097315172138074,0.014097315172138074,0.011671905635119585,0.011671905635119585,0.019166200997079566,0.019166200997079566,0.006200159055568842,0.006200159055568842
250,0.0084909811567874,0.005387102163775925,2019-10-25,0.008258576290137935,0.008258576290137935,0.005819479105075001,0.005819479105075001,0.012455787625821623,0.012455787625821623,0.010887371607315462,0.010887371607315462,0.0024427538383498854,0.0024427538383498854,0.005914819993344276,0.005914819993344276
251,-0.0178368435750253,0.005399468215540911,2019-11-01,0.0006908912058774279,0.0006908912058774279,0.003972512396369706,0.003972512396369706,-0.005367692883237607,-0.005367692883237607,0.0041176370933612445,0.0041176370933612445,-0.006809988590056672,-0.006809988590056672,0.00593133384695609,0.00593133384695609
252,-0.039502442976246,0.00530726062907041,2019-11-08,0.009226012552532317,0.009226012552532317,0.005307984470014236,0.005307984470014236,0.012002589164485522,0.012002589164485522,0.011185491247169164,0.011185491247169164,0.011525378605187734,0.011525378605187734,0.005779944181847928,0.005779944181847928
253,0.0296733880239448,0.005130147176084969,2019-11-15,0.010451101797433582,0.010451101797433582,0.005122049086419795,0.005122049086419795,0.015776345817415934,0.015776345817415934,0.005493346794771385,0.005493346794771385,0.018815197711482275,0.018815197711482275,0.005493346794771385,0.005493346794771385
254,0.0245866043312652,0.005226774108556859,2019-11-22,0.009444955380246204,0.009444955380246204,0.0052235009002112205,0.0052235009002112205,0.012117461877915375,0.012117461877915375,0.005645422525772476,0.005645422525772476,0.012023130617654122,0.012023130617654122,0.005645422525772476,0.005645422525772476
255,-0.0100737000665374,0.005302695011391009,2019-11-29,0.009302953723586702,0.009302953723586702,0.005303184453425434,0.005303184453425434,0.010567636575472703,0.010567636575472703,0.0057638049120568025,0.0057638049120568025,0.004948116873318481,0.004948116873318481,0.0057638049120568025,0.0057638049120568025
256,-0.0385044588212419,0.005242630968117849,2019-12-06,-0.023869549376503787,-0.023869549376503787,0.005240164434900997,0.005240164434900997,-0.019973859628126138,-0.019973859628126138,0.005665435315916466,0.005665435315916466,-0.01870913398438309,-0.01870913398438309,0.005665435315916466,0.005665435315916466
257,0.0963765327946362,0.00507240882885964,2019-12-13,0.008437076364245769,0.008437076364245769,0.005061614952222862,0.005061614952222862,0.0068962593824073715,0.0068962593824073715,0.005392781648403143,0.005392781648403143,0.005851125412058682,0.005851125412058682,0.005392781648403143,0.005392781648403143
258,0.0014689683140982,0.005426300782215363,2019-12-20,0.008748463808008028,0.008748463808008028,0.005432813805240803,0.005432813805240803,0.006589616888760267,0.006589616888760267,0.005950964170772671,0.005950964170772671,0.007963937378825154,0.007963937378825154,0.005950964170772671,0.005950964170772671
259,-0.0663750689448727,0.0054110215062766875,2019-12-27,0.00915057187109654,0.00915057187109654,0.005416765847786784,0.005416765847786784,-0.022648189043948372,-0.022648189043948372,0.005923634927744168,0.005923634927744168,-0.025321331634263873,-0.025321331634263873,0.005923634927744168,0.005923634927744168
260,-0.0306613706310554,0.005134921158387651,2020-01-03,0.01881144032598098,0.01881144032598098,0.005127282642977675,0.005127282642977675,-0.015894842043400647,-0.015894842043400647,0.005485460964879823,0.005485460964879823,-0.0034651649910239207,-0.0034651649910239207,0.005485460964879823,0.005485460964879823
262,-0.0432797678593437,0.005165431582790328,2020-01-17,0.009651478356262209,0.009651478356262209,0.005159318675874961,0.005159318675874961,0.01585569380644841,0.01585569380644841,0.005267708967313949,0.005267708967313949,0.007468191361937647,0.007468191361937647,0.005267708967313949,0.005267708967313949
263,-0.0227744694872815,0.00498122930354267,2020-01-24,0.009934012157720808,0.009934012157720808,0.004966334267368113,0.004966334267368113,0.014952055997865775,0.014952055997865775,0.004977005513262106,0.004977005513262106,0.00184426681644927,0.00184426681644927,0.004977005513262106,0.004977005513262106
264,-0.0233052578473813,0.004876094080850154,2020-01-31,0.008772584853337062,0.008772584853337062,0.00485625171278617,0.00485625171278617,0.013996193142176771,0.013996193142176771,0.004811818162068394,0.004811818162068394,0.012043339331841787,0.012043339331841787,0.004811818162068394,0.004811818162068394
265,0.0396254895198682,0.0047697493565926775,2020-02-07,0.019832220417352903,0.019832220417352903,0.004744941398319104,0.004744941398319104,0.024457334817816177,0.024457334817816177,0.004645444931243249,0.004645444931243249,0.029289283407120652,0.029289283407120652,0.004645444931243249,0.004645444931243249
266,0.0520416990059553,0.004900785973747848,2020-02-14,0.006281098651529451,0.006281098651529451,0.004882266390923628,0.004882266390923628,0.012774828265820597,0.012774828265820597,0.004851209899411631,0.004851209899411631,0.007096907283051397,0.007096907283051397,0.004851209899411631,0.004851209899411631
267,-0.0803629023546363,0.005077343700460236,2020-02-21,0.004892402701421538,0.004892402701421538,0.005067205342355125,0.005067205342355125,0.000691915426719928,0.000691915426719928,0.005127177671964517,0.005127177671964517,0.009038061541337827,0.009038061541337827,0.005127177671964517,0.005127177671964517
268,-0.0079415255411867,0.00475853681219495,2020-02-28,0.005552731687721876,0.005552731687721876,0.004733493984163753,0.004733493984163753,0.010782396740186318,0.010782396740186318,0.004630142322972652,0.004630142322972652,0.009957170539695193,0.009957170539695193,0.004630142322972652,0.004630142322972652
269,-0.0627775882268717,0.004711324684487212,2020-03-06,0.002290094300733437,0.002290094300733437,0.004684174842041766,0.004684174842041766,-0.007882610663970857,-0.007882610663970857,0.0045574737226017886,0.0045574737226017886,-0.003969002415755133,-0.003969002415755133,0.0045574737226017886,0.0045574737226017886
270,-0.2844106940695985,0.004461365747778475,2020-03-13,-0.018670678635870838,-0.018670678635870838,0.004422695140224272,0.004422695140224272,-0.02910304888123246,-0.02910304888123246,0.004170490607949643,0.004170490607949643,-0.030262795227689515,-0.030262795227689515,0.004170490607949643,0.004170490607949643
271,0.0159060790899214,0.0033954171875667516,2020-03-20,-0.029942891447973984,-0.029942891447973984,0.0033075083092983164,0.0033075083092983164,-0.05502916225150663,-0.05502916225150663,0.002521455266935082,0.002521455266935082,-0.05904971019049457,-0.05904971019049457,0.002521455266935082,0.002521455266935082
272,0.090463428551895,0.003441412268090115,2020-03-27,-0.0269095218021218,-0.0269095218021218,0.003355964350762251,0.003355964350762251,-0.035962822873797665,-0.035962822873797665,0.0025975042659293224,0.0025975042659293224,-0.030988588156190988,-0.030988588156190988,0.0025975042659293224,0.0025975042659293224
273,0.1545319662923954,0.0037601742324996565,2020-04-03,-0.013500588544404233,-0.013500588544404233,0.00368970942432981,0.00368970942432981,-0.00131501128850476,-0.00131501128850476,0.0030939219172624616,0.0030939219172624616,0.0036545198035374603,0.0036545198035374603,0.0030939219172624616,0.0030939219172624616
274,0.0279675422770977,0.004310436247316795,2020-04-10,-0.02561619704048642,-0.02561619704048642,0.004265443229169755,0.004265443229169755,-0.040265823977047144,-0.040265823977047144,0.003944697447459838,0.003944697447459838,-0.04167669301314457,-0.04167669301314457,0.003944697447459838,0.003944697447459838
275,-0.0431787136492185,0.004396462087425088,2020-04-17,-0.027230195222607265,-0.027230195222607265,0.004355565278781648,0.004355565278781648,-0.04704449453602792,-0.04704449453602792,0.004078903284496921,0.004078903284496921,-0.052033711066544294,-0.052033711066544294,0.004078903284496921,0.004078903284496921
276,-0.0837653736757819,0.0042240882622923215,2020-04-24,-0.026829072492542804,-0.026829072492542804,0.004175511191933163,0.004175511191933163,-0.04088123857864466,-0.04088123857864466,0.003816360968198502,0.003816360968198502,-0.04358693154545635,-0.04358693154545635,0.003816360968198502,0.003816360968198502
277,0.0185144142656308,0.003906436775151259,2020-05-01,-0.0013976986893874171,-0.0013976986893874171,0.0038436587962059365,0.0038436587962059365,-0.010297989945941414,-0.010297989945941414,0.003332483981215185,0.003332483981215185,-0.012860424922344139,-0.012860424922344139,0.003332483981215185,0.003332483981215185
278,-0.0104660810828027,0.003958983456771689,2020-05-08,-0.010824413856445027,-0.010824413856445027,-0.0005680662625709076,-0.0005680662625709076,-0.0028824606366904164,-0.0028824606366904164,0.0034159011805801054,0.0034159011805801054,-0.003521747551738844,-0.003521747551738844,0.0034159011805801054,0.0034159011805801054
279,0.1059114660611846,0.003907280716486477,2020-05-15,-0.00952360249031403,-0.00952360249031403,-0.000659169717838803,-0.000659169717838803,-0.0034515293458783755,-0.0034515293458783755,0.003340043354004243,0.003340043354004243,-0.008136677877775602,-0.008136677877775602,0.003340043354004243,0.003340043354004243
280,-0.0004507550222814,0.004271581378431827,2020-05-22,-0.010815615871036199,-0.010815615871036199,0.0016966009412358162,0.0016966009412358162,-0.013476750662324063,-0.013476750662324063,-0.002932774634689969,-0.002932774634689969,-0.0035718135385241078,-0.0035718135385241078,-0.00022778172287148124,-0.00022778172287148124
281,0.0796958347296166,0.004254775910813631,2020-05-29,-0.013868722386992615,-0.013868722386992615,0.0017664070571840498,0.0017664070571840498,-0.033710816258597266,-0.033710816258597266,-0.0071808345987715815,-0.0071808345987715815,-0.044496670153162624,-0.044496670153162624,-0.008053544681189071,-0.008053544681189071
282,-0.0530038586328016,0.00452229739598669,2020-06-05,-0.02784031850045162,-0.02784031850045162,-0.009286350393389813,-0.009286350393389813,-0.0304537278346551,-0.0304537278346551,-0.01878050980018601,-0.01878050980018601,-0.026593736384080375,-0.026593736384080375,-0.018642763751385072,-0.018642763751385072
283,0.0897877359002166,0.0043190247598425624,2020-06-12,-0.010781026130051337,-0.010781026130051337,0.0033051778426046105,0.0033051778426046105,-0.021391598197916036,-0.021391598197916036,-0.003110852864927901,-0.003110852864927901,-0.02329066345113793,-0.02329066345113793,-0.0032152061248432876,-0.0032152061248432876
284,0.0214378992100079,0.004619970925829795,2020-06-19,-0.007703866325542454,-0.007703866325542454,0.0045127052355197934,0.0045127052355197934,-0.010152207365800586,-0.010152207365800586,0.001532128799645236,0.001532128799645236,-0.007242897913175552,-0.007242897913175552,0.0015478315622668168,0.0015478315622668168
285,0.1176957489631842,0.004678981200511122,2020-06-26,-0.008315712683240675,-0.008315712683240675,0.0045751529995675805,0.0045751529995675805,-0.010204870206416534,-0.010204870206416534,0.001719907297280645,0.001719907297280645,-0.014090672247853528,-0.014090672247853528,0.001675264302976081,0.001675264302976081
286,0.0390326851634181,0.005074144724156832,2020-07-03,-0.03991496962978473,-0.03991496962978473,-0.001970060165403827,-0.001970060165403827,-0.03808302176256105,-0.03808302176256105,-0.0055789123476459425,-0.0055789123476459425,-0.0385541869287262,-0.0385541869287262,-0.0055789123476459425,-0.0055789123476459425
287,-0.0348514944030169,0.0051924671647117495,2020-07-10,-0.012738445901165817,-0.012738445901165817,0.005142864598913335,0.005142864598913335,-0.015813724624463246,-0.015813724624463246,0.0003669299394720828,0.0003669299394720828,8.870417514093235e-05,8.870417514093235e-05,0.00036692993947208107,0.00036692993947208107
288,-0.0531983359953489,0.00505342563149047,2020-07-17,-0.009978985292011841,-0.009978985292011841,0.004998060198155661,0.004998060198155661,-0.009259218047713208,-0.009259218047713208,0.004152956186740439,0.004152956186740439,-0.009673117721015766,-0.009673117721015766,0.004152956186740439,0.004152956186740439
289,-0.0018351996341769,0.004851862442470264,2020-07-24,-0.00934715036765774,-0.00934715036765774,0.004788052531709158,0.004788052531709158,-0.011266247721398222,-0.011266247721398222,0.006458233121480559,0.006458233121480559,-0.005688908084512278,-0.005688908084512278,0.006458233121480559,0.006458233121480559
290,0.0036670374792691,0.004828803607723206,2020-07-31,-0.005511602734652174,-0.005511602734652174,0.004764356112593639,0.004764356112593639,0.007653970390911449,0.007653970390911449,0.01103291768058259,0.01103291768058259,0.007930329458798777,0.007930329458798777,0.01103291768058259,0.01103291768058259
291,-0.0357713250682825,0.0048248112842577285,2020-08-07,0.0016162169679537052,0.0016162169679537052,0.00480468343367983,0.00480468343367983,0.013852560740056325,0.013852560740056325,0.01089963405362265,0.01089963405362265,0.01000436922739362,0.01000436922739362,0.01089963405362265,0.01089963405362265
292,0.0045420214345006,0.0046857834200367,2020-08-14,0.0012993053218367094,0.0012993053218367094,0.004659769117601392,0.004659769117601392,0.008387062248682253,0.008387062248682253,0.011263076724757798,0.011263076724757798,0.01727626413177144,0.01727626413177144,0.011263076724757798,0.011263076724757798
293,0.1373947660988195,0.004685292764795961,2020-08-21,5.468600923603205e-06,5.468600923603205e-06,0.0046593500867006775,0.0046593500867006775,0.003961345645980941,0.003961345645980941,0.009116845895250969,0.009116845895250969,0.012686622136334313,0.012686622136334313,0.009116845895250969,0.009116845895250969
294,-0.0769478746658611,0.005136685531238218,2020-08-28,-0.0013797037187252593,-0.0013797037187252593,0.0051300430512826595,0.0051300430512826595,-0.00228172291019712,-0.00228172291019712,0.004664358651586818,0.004664358651586818,-0.001531448269382554,-0.001531448269382554,0.004178224302816459,0.004178224302816459
295,0.0301143204317986,0.004858432784807374,2020-09-04,-0.030098960592378442,-0.030098960592378442,0.004840015073483565,0.004840015073483565,-0.02567059172629284,-0.02567059172629284,0.004864671841424044,0.004864671841424044,-0.026411967607076575,-0.026411967607076575,0.004834018657643927,0.004834018657643927
296,-0.0107509272021446,0.004943756729560723,2020-09-11,-0.0015240469115952483,-0.0015240469115952483,0.0049290091064353786,0.0049290091064353786,0.00223905750235073,0.00223905750235073,0.00456227135759941,0.00456227135759941,0.005157227285620092,0.005157227285620092,0.005258984629965565,0.005258984629965565
297,-0.0696655423894041,0.004890912675918617,2020-09-18,-0.0011809895552373486,-0.0011809895552373486,0.004873991786054396,0.004873991786054396,0.00029650645700341795,0.00029650645700341795,0.005080979361551788,0.005080979361551788,-0.0022240500721096446,-0.0022240500721096446,0.004772762537040259,0.004772762537040259
298,0.0309189148871791,0.004640723229390689,2020-09-25,0.0029474357273508904,0.0029474357273508904,0.004613364044182164,0.004613364044182164,0.00803431284434614,0.00803431284434614,0.013286336031099664,0.013286336031099664,0.004033207856296878,0.004033207856296878,0.011947359430634838,0.011947359430634838
299,-0.0501684241533064,0.004728610158012054,2020-10-02,-0.0063387689603165735,-0.0063387689603165735,0.00470502101576055,0.00470502101576055,-0.0013873206688465338,-0.0013873206688465338,0.013307174112519669,0.013307174112519669,0.002803403727899087,0.002803403727899087,0.014581978188052333,0.014581978188052333
300,-0.0325357900513973,0.004545620043640993,2020-10-09,0.0004894731482457566,0.0004894731482457566,0.004514488220034624,0.004514488220034624,0.004691755208911054,0.004691755208911054,0.01025322639624638,0.01025322639624638,0.0019696881727527303,0.0019696881727527303,0.010081288492069043,0.010081288492069043
301,0.0225778372179625,0.0044224259901691045,2020-10-16,0.0004995280381424358,0.0004995280381424358,0.004386286565116174,0.004386286565116174,0.00511892497782697,0.00511892497782697,0.010396293847661185,0.010396293847661185,0.004544975969886331,0.004544975969886331,0.010268265598361293,0.010268265598361293
302,-0.0713876866205174,0.004482543245890275,2020-10-23,-0.0015716300472434124,-0.0015716300472434124,0.004449016050125989,0.004449016050125989,-0.0012688040828699038,-0.0012688040828699038,0.006918099884647302,0.006918099884647302,0.00018695045727649962,0.00018695045727649962,0.006928008160851059,0.006928008160851059
303,0.0663712763325024,0.004232146447651306,2020-10-30,0.000753578613088978,0.000753578613088978,0.004188408824453676,0.004188408824453676,0.005998144245846654,0.005998144245846654,0.00984197011546594,0.00984197011546594,0.009204067226635183,0.009204067226635183,0.010052089031633323,0.010052089031633323
304,0.0316036200929845,0.004436551480167262,2020-11-06,-0.013167863691076823,-0.013167863691076823,0.007181732785083448,0.007181732785083448,-0.017223593184958842,-0.017223593184958842,0.009605463194910555,0.009605463194910555,-0.01865989791051752,-0.01865989791051752,0.00939559980641072,0.00939559980641072
305,0.0174628253325215,0.00452562383627486,2020-11-13,-0.008561958635119174,-0.008561958635119174,0.004443370633393523,0.004443370633393523,-0.01271330267658382,-0.01271330267658382,0.0035074759837204162,0.0035074759837204162,-0.01392534955609983,-0.01392534955609983,0.003159328853778915,0.003159328853778915
306,0.0516799599542761,0.0045679022725371035,2020-11-20,-0.009802027424032387,-0.009802027424032387,0.004487835179255033,0.004487835179255033,-0.00926037084125152,-0.00926037084125152,0.0039729357654656,0.0039729357654656,-0.008188473377795583,-0.008188473377795583,0.003951522580378475,0.003951522580378475
307,0.0669621295685227,0.004721361743813126,2020-11-27,-0.01188034097341783,-0.01188034097341783,0.004648031349592069,0.004648031349592069,-0.016232199103839433,-0.016232199103839433,-0.0002394326891477453,-0.0002394326891477453,-0.015233750013252731,-0.015233750013252731,-0.0005720041298769062,-0.0005720041298769062
308,0.0133226990859793,0.0049234421588284175,2020-12-04,-0.02039882760582097,-0.02039882760582097,-0.0021547937181870796,-0.0021547937181870796,-0.029837397191340514,-0.029837397191340514,-0.00777893481887346,-0.00777893481887346,-0.024211341212174303,-0.024211341212174303,-0.007456420311708392,-0.007456420311708392
309,0.0121913604934844,0.004950624220081333,2020-12-11,-0.003029469643923305,-0.003029469643923305,0.004913005519188654,0.004913005519188654,-0.001624015704294917,-0.001624015704294917,0.002367167416724143,0.002367167416724143,-0.010774791855509195,-0.010774791855509195,0.0020284596933969642,0.0020284596933969642
310,0.0329338216712487,0.004973981433866504,2020-12-18,-0.003306410931259892,-0.003306410931259892,0.004937514986434808,0.004937514986434808,-0.01510761082082502,-0.01510761082082502,0.003007999755079806,0.003007999755079806,-0.012995214685686953,-0.012995214685686953,0.0029390992170381146,0.0029390992170381146
311,0.0162207075960383,0.005063884457137829,2020-12-25,-0.0022351073388221544,-0.0022351073388221544,0.005031239933705903,0.005031239933705903,-0.04389873777992356,-0.04389873777992356,-0.0319416160645002,-0.0319416160645002,-0.04218611537434525,-0.04218611537434525,-0.03203561489138431,-0.03203561489138431
312,0.0646523580094569,0.005099643505659946,2021-01-01,-0.016711768871221548,-0.016711768871221548,0.002826549029511715,0.002826549029511715,-0.06440665706904965,-0.06440665706904965,-0.029179824902907627,-0.029179824902907627,-0.06299512980519567,-0.06299512980519567,-0.029203899999887633,-0.029203899999887633
313,-0.0948549618608769,0.005289907769250352,2021-01-08,-0.0005376151670734393,-0.0005376151670734393,0.0052754488806849124,0.0052754488806849124,-0.02759704208537398,-0.02759704208537398,-0.02100937525354511,-0.02100937525354511,-0.01905934343328974,-0.01905934343328974,-0.021009375239934278,-0.021009375239934278
314,0.0750238765615938,0.004970975063421921,2021-01-15,0.0026039703606637638,0.0026039703606637638,0.004943931640107562,0.004943931640107562,-0.024807926508631048,-0.024807926508631048,-0.0214277309897176,-0.0214277309897176,-0.02189575954784862,-0.02189575954784862,-0.0214277309897176,-0.0214277309897176
315,-0.0375617126973693,0.005193365226908181,2021-01-22,0.001345745320005906,0.001345745320005906,0.0051752838007841084,0.0051752838007841084,-0.022177271385317554,-0.022177271385317554,-0.016639385957819962,-0.016639385957819962,-0.023776418635047696,-0.023776418635047696,-0.016639385957819962,-0.016639385957819962
317,0.047016663273609,0.005505487235309658,2021-02-05,-0.00963085758443212,-0.00963085758443212,0.003799647413881085,0.003799647413881085,-0.004300705272469236,-0.004300705272469236,0.002672692043201509,0.002672692043201509,-0.0016296843207882867,-0.0016296843207882867,0.002672692043201509,0.002672692043201509
318,-0.0661949733963966,0.005636025524738273,2021-02-12,-0.0034139116180492363,-0.0034139116180492363,0.005641672101519136,0.005641672101519136,-0.009135004771943643,-0.009135004771943643,9.96613835366044e-05,9.96613835366044e-05,-0.0123873167627993,-0.0123873167627993,9.96613835366044e-05,9.96613835366044e-05
319,-0.0026560440581162,0.0054108499795309534,2021-02-19,-0.0005129574593086897,-0.0005129574593086897,0.005407705093387049,0.005407705093387049,-0.0007994417934838582,-0.0007994417934838582,0.004515001135302987,0.004515001135302987,-0.0013324670367230972,-0.0013324670367230972,0.004490335789603741,0.004490335789603741
320,0.0457460217882039,0.005385640935663306,2021-02-26,-0.0015413034019111094,-0.0015413034019111094,0.005381555787071842,0.005381555787071842,-0.008385742726949409,-0.008385742726949409,0.00492202059856885,0.00492202059856885,-0.005177305213649929,-0.005177305213649929,0.00492202059856885,0.00492202059856885
321,0.092858914788557,0.005511374209347233,2021-03-05,-0.0012383556910385077,-0.0012383556910385077,0.0018562499416923837,0.0018562499416923837,-0.005092909126484756,-0.005092909126484756,0.005104270603879721,0.005104270603879721,-0.007790694365901049,-0.007790694365901049,0.005104270603879721,0.005104270603879721
322,-0.0205855222406334,0.005782639863319935,2021-03-12,0.0031057875578825926,0.0031057875578825926,0.005804508212567768,0.005804508212567768,0.005762531786357229,0.005762531786357229,0.005494291244700509,0.005494291244700509,-0.006538842065222226,-0.006538842065222226,0.005494291244700509,0.005494291244700509
323,-0.0052132819494969,0.005701004686527509,2021-03-19,0.001950310769424611,0.001950310769424611,0.005719635182365514,0.005719635182365514,-0.0031187484296547052,-0.0031187484296547052,0.005378893839898146,0.005378893839898146,0.01333411794182144,0.01333411794182144,0.005378893839898146,0.005378893839898146
324,0.0169615373743754,0.005667318616663236,2021-03-26,0.0020023572487133405,0.0020023572487133405,0.005684576467617656,0.005684576467617656,0.0009287330763685124,0.0009287330763685124,0.005332232272543984,0.005332232272543984,-0.0023678041189555046,-0.0023678041189555046,0.005332232272543984,0.005332232272543984
325,0.0280994996108079,0.005702070058994658,2021-04-02,0.009216818470333999,0.009216818470333999,0.006235392893063922,0.006235392893063922,0.0033432106464501747,0.0033432106464501747,0.0053832379966748225,0.0053832379966748225,0.006211692483747207,0.006211692483747207,0.0053832379966748225,0.0053832379966748225
326,0.0173369196532768,0.005770773830625987,2021-04-09,0.007297396172232127,0.007297396172232127,0.005790235251866881,0.005790235251866881,0.009866081084135097,0.009866081084135097,0.005482435645644836,0.005482435645644836,0.008772978253264233,0.008772978253264233,0.005482435645644836,0.005482435645644836
327,0.0559920593097,0.005806144307147856,2021-04-16,0.006207979053497293,0.006207979053497293,0.005826884354037613,0.005826884354037613,0.008310619006641342,0.008310619006641342,0.0055339768804606275,0.0055339768804606275,0.01699297817341605,0.01699297817341605,0.0055339768804606275,0.0055339768804606275
328,0.039926701505395,0.00595915014557027,2021-04-23,0.004666743738338344,0.004666743738338344,0.0059856279992132316,0.0059856279992132316,0.003419712464890055,0.003419712464890055,0.005752410137730061,0.005752410137730061,0.003572600472637644,0.003572600472637644,0.005752410137730061,0.005752410137730061
329,0.0323252406604788,0.0060623949825302234,2021-04-30,0.002888769801254112,0.002888769801254112,0.006092690715254981,0.006092690715254981,0.0022640215672029528,0.0022640215672029528,0.0058997131177631,0.0058997131177631,-0.00560607578267559,-0.00560607578267559,0.0058997131177631,0.0058997131177631
330,0.1166260955244973,0.0061419793633724915,2021-05-07,-0.007111254673515518,-0.007111254673515518,0.005271127847717527,0.005271127847717527,-0.0028893323566636236,-0.0028893323566636236,0.006013127399062309,0.006013127399062309,0.0018960210263833594,0.0018960210263833594,0.006013127399062309,0.006013127399062309
331,-0.0875992898365694,0.006475768233949908,2021-05-14,0.00024800704436017153,0.00024800704436017153,0.006523470672257979,0.006523470672257979,-0.00016869011727284854,-0.00016869011727284854,0.006485832391051348,0.006485832391051348,0.0036761821478266165,0.0036761821478266165,0.006485832391051348,0.006485832391051348
332,-0.0163449461312428,0.006192409625303766,2021-05-21,0.003923762090228412,0.003923762090228412,0.006229310352450132,0.006229310352450132,0.008555404828358123,0.008555404828358123,0.006085470168806153,0.006085470168806153,0.03162448858232552,0.03162448858232552,0.006085470168806153,0.006085470168806153
333,-0.0217549001010275,0.0061247298782871095,2021-05-28,0.005329930831535594,0.005329930831535594,0.0061589610926639764,0.0061589610926639764,0.0072931658550355535,0.0072931658550355535,0.005990426031941539,0.005990426031941539,0.0057109582203176985,0.0057109582203176985,0.005990426031941539,0.005990426031941539
334,0.0502326964876327,0.006041257932241257,2021-06-04,0.001776298017027251,0.001776298017027251,0.005809310965539492,0.005809310965539492,-9.597225725868283e-05,-9.597225725868283e-05,0.005873357145304538,0.005873357145304538,-0.004572933386837086,-0.004572933386837086,0.005873357145304538,0.005873357145304538
335,-0.0153805367473371,0.006173172674197649,2021-06-11,0.007916180952744056,0.007916180952744056,0.006209613525771527,0.006209613525771527,0.014411766361890357,0.014411766361890357,0.006059740924053816,0.006059740924053816,0.022468772815333275,0.022468772815333275,0.006059740924053816,0.006059740924053816
336,0.0597913353541645,0.006109024729490701,2021-06-18,0.005990884806907982,0.005990884806907982,0.006142946596744053,0.006142946596744053,0.008950082786714518,0.008950082786714518,0.005970032649278123,0.005970032649278123,0.012517925504751589,0.012517925504751589,0.005970032649278123,0.005970032649278123
337,0.0402738991379392,0.006268319419771632,2021-06-25,0.004593196267797857,0.004593196267797857,0.006307991467383561,0.006307991467383561,3.3338658408879444e-05,3.3338658408879444e-05,0.006194288077215148,0.006194288077215148,0.0008196185249882675,0.0008196185249882675,0.006194288077215148,0.006194288077215148
338,-0.0549813816776625,0.006368927643789879,2021-07-02,0.006550387884313313,0.006550387884313313,0.005340058919722524,0.005340058919722524,-0.002517211452882066,-0.002517211452882066,0.006335697251740975,0.006335697251740975,-0.005748487354110007,-0.005748487354110007,0.006335697251740975,0.006335697251740975
339,-0.025754086674774,0.006187953280009784,2021-07-09,0.0062074375565889205,0.0062074375565889205,0.006229082523575987,0.006229082523575987,0.0037201210054011035,0.0037201210054011035,0.006082320892528564,0.006082320892528564,0.005954007157785068,0.005954007157785068,0.006082320892528564,0.006082320892528564
340,-0.0386503052962088,0.0060940061036721845,2021-07-16,0.006157535015299649,0.006157535015299649,0.006131512126294541,0.006131512126294541,0.005730341096520639,0.005730341096520639,0.005951306869617853,0.005951306869617853,0.01619183111048876,0.01619183111048876,0.005951306869617853,0.005951306869617853
341,0.0463160434985532,0.005962791114229719,2021-07-23,0.00833332237214675,0.00833332237214675,0.005995334663081784,0.005995334663081784,0.007827140702378606,0.007827140702378606,0.005768513377134957,0.005768513377134957,0.010408195441954843,0.010408195441954843,0.005768513377134957,0.005768513377134957
342,0.0601753190500482,0.006080783080265753,2021-07-30,0.008664081014888345,0.008664081014888345,0.006117470063688044,0.006117470063688044,0.011033991795348086,0.011033991795348086,0.005934013500079521,0.005934013500079521,0.012880935852303637,0.012880935852303637,0.005934013500079521,0.005934013500079521
343,-0.0227040614307245,0.006238493097670365,2021-08-06,0.0021540450334863607,0.0021540450334863607,0.006272778630751087,0.006272778630751087,0.003342117212681316,0.003342117212681316,0.006154506612071264,0.006154506612071264,0.012590225282308534,0.012590225282308534,0.006154506612071264,0.006154506612071264
344,-0.0184687487395072,0.006154357764738985,2021-08-13,0.004166759823949052,0.004166759823949052,0.006185498992011702,0.006185498992011702,0.00755043201370529,0.00755043201370529,0.006037670304205694,0.006037670304205694,0.00830647641775803,0.00830647641775803,0.006037670304205694,0.006037670304205694
345,0.0807172439554371,0.006082986441538271,2021-08-20,0.003535557495415444,0.003535557495415444,0.0061114622120371715,0.0061114622120371715,0.005555251029639168,0.005555251029639168,0.005938854098384271,0.005938854098384271,0.009122192663734313,0.009122192663734313,0.005938854098384271,0.005938854098384271
346,0.0382022477044197,0.006298692388110233,2021-08-27,0.0033484554519984697,0.0033484554519984697,0.006334832816059326,0.006334832816059326,0.0068020616663748415,0.0068020616663748415,0.006239168917087294,0.006239168917087294,0.010222725038484582,0.010222725038484582,0.006239168917087294,0.006239168917087294
347,-0.0066748314568849,0.00639063346971343,2021-09-03,0.004779507061821158,0.004779507061821158,0.006429959427666373,0.006429959427666373,0.006350419615719558,0.006350419615719558,0.006367021232236624,0.006367021232236624,0.004130243087851114,0.004130243087851114,0.006367021232236624,0.006367021232236624
348,-0.0231338803154645,0.006353089030269182,2021-09-10,0.0031878644762122934,0.0031878644762122934,0.006390957073843302,0.006390957073843302,-0.00034861229069405204,-0.00034861229069405204,0.006315061659770004,0.006315061659770004,-0.01011493775506182,-0.01011493775506182,0.006315061659770004,0.006315061659770004
349,0.0563872855854121,0.006268599146757051,2021-09-17,0.0028119828062514738,0.0028119828062514738,0.006303346280403219,0.006303346280403219,-0.0032447616203125605,-0.0032447616203125605,0.0061982007789159,0.0061982007789159,-0.0030482745135378556,-0.0030482745135378556,0.0061982007789159,0.0061982007789159
350,-0.0133611022156276,0.006411795393724637,2021-09-24,0.004307425565458438,0.004307425565458438,0.006451523615625139,0.006451523615625139,0.003503184142505695,0.003503184142505695,0.0063965766081905875,0.0063965766081905875,0.001365401239263422,0.001365401239263422,0.0063965766081905875,0.0063965766081905875
351,-0.0609048852659102,0.00635546235210255,2021-10-01,-0.009430789775274482,-0.009430789775274482,0.006393079291639143,0.006393079291639143,-0.008552015810958258,-0.008552015810958258,0.006318790471088942,0.006318790471088942,-0.010918338059381655,-0.010918338059381655,0.006318790471088942,0.006318790471088942
352,0.0173770715871368,0.006164381819096834,2021-10-08,0.003919901038839513,0.003919901038839513,0.006195144101763997,0.006195144101763997,0.0070286450619783765,0.0070286450619783765,0.006055168213296788,0.006055168213296788,0.02098459092165214,0.02098459092165214,0.006055168213296788,0.006055168213296788
353,-0.0194213653144172,0.006196145812774001,2021-10-15,0.002901987435080592,0.002901987435080592,0.006227935677967437,0.006227935677967437,0.0028744278414259148,0.0028744278414259148,0.00609939439835085,0.00609939439835085,0.00012636994121177636,0.00012636994121177636,0.00609939439835085,0.00609939439835085
354,0.0074754000847834,0.006123779962132218,2021-10-22,0.00440411837408302,0.00440411837408302,0.006152937721849353,0.006152937721849353,0.003941973289619213,0.003941973289619213,0.006000091831375099,0.006000091831375099,0.005532240961945334,0.005532240961945334,0.006000091831375099,0.006000091831375099
355,0.0109419490810358,0.006127587342759404,2021-10-29,0.003603526663139129,0.003603526663139129,0.006156793297251493,0.006156793297251493,0.008513232174634709,0.008513232174634709,0.006005810080419317,0.006005810080419317,0.0085338254773873,0.0085338254773873,0.006005810080419317,0.006005810080419317
356,0.0624645487384416,0.006141110830788271,2021-11-05,-0.005530953235122411,-0.005530953235122411,0.005376676607141576,0.005376676607141576,-0.015500349582902272,-0.015500349582902272,0.006024868532159149,0.006024868532159149,-0.016758042344240248,-0.016758042344240248,0.006024868532159149,0.006024868532159149
357,0.0911837447431578,0.0062988795644231535,2021-11-12,0.003882536504685181,0.003882536504685181,0.006343021019688328,0.006343021019688328,0.0002892835944255361,0.0002892835944255361,0.006241944225260236,0.006241944225260236,-5.479032722880729e-05,-5.479032722880729e-05,0.006241944225260236,0.006241944225260236
358,0.0486192269200804,0.0065359881263749265,2021-11-19,0.0031719080804409367,0.0031719080804409367,0.006588178768551831,0.006588178768551831,-0.0012204781028206197,-0.0012204781028206197,0.006567391736823062,0.006567391736823062,0.012628865256278916,0.012628865256278916,0.006567391736823062,0.006567391736823062
359,0.0727785486930159,0.006653211632764079,2021-11-26,0.003352225901844567,0.003352225901844567,0.006709247880851927,0.006709247880851927,-0.0021499904813835347,-0.0021499904813835347,0.0067278949245454175,0.0067278949245454175,-0.015709499038702272,-0.015709499038702272,0.0067278949245454175,0.0067278949245454175
360,0.0703314123386249,0.0068368931245981115,2021-12-03,-0.00011331883148185846,-0.00011331883148185846,0.008576108054234149,0.008576108054234149,0.0025180369202464385,0.0025180369202464385,0.00697903809476774,0.00697903809476774,0.0032121317283112473,0.0032121317283112473,0.00697903809476774,0.00697903809476774
361,-0.1308765612195257,0.007012778219373809,2021-12-10,-0.0005248008243049999,-0.0005248008243049999,0.00707725881900131,0.00707725881900131,-0.0028677311632140864,-0.0028677311632140864,0.0072190092093278035,0.0072190092093278035,0.00903270092448119,0.00903270092448119,0.0072190092093278035,0.0072190092093278035
362,0.0304686643435321,0.006631868441918286,2021-12-17,0.003123230760057889,0.003123230760057889,0.00668306642102456,0.00668306642102456,0.0009354021049869437,0.0009354021049869437,0.0066978938492189225,0.0066978938492189225,-0.010345742545082994,-0.010345742545082994,0.0066978938492189225,0.0066978938492189225
363,0.0553148132696756,0.006697534546330445,2021-12-24,0.003913425340877689,0.003913425340877689,0.006750801958404878,0.006750801958404878,0.005355319507377301,0.005355319507377301,0.006787257648069723,0.006787257648069723,0.002909742778493867,0.002909742778493867,0.006787257648069723,0.006787257648069723
364,0.0574614608421022,0.006831098498867107,2021-12-31,0.004710167743959695,0.004710167743959695,0.00688873965865465,0.00688873965865465,-0.02363611705001493,-0.02363611705001493,0.006969008792719934,0.006969008792719934,-0.030087962619256437,-0.030087962619256437,0.006969008792719934,0.006969008792719934
365,-0.0398858839908609,0.006969811820355423,2022-01-07,-0.0041129231887180725,-0.0041129231887180725,0.0058726902745009765,0.0058726902745009765,-0.028564024006491773,-0.028564024006491773,0.007157413464545986,0.007157413464545986,-0.026559238346788402,-0.026559238346788402,0.007157413464545986,0.007157413464545986
367,0.0547087879607133,0.006901355560642547,2022-01-21,0.00815959979268569,0.00815959979268569,0.006964865391862501,0.006964865391862501,0.003047257941616731,0.003047257941616731,0.006982531317871612,0.006982531317871612,-0.0003235363520344573,-0.0003235363520344573,0.006982531317871612,0.006982531317871612
368,0.0779195096516192,0.007031267061729694,2022-01-28,0.008582222219991352,0.008582222219991352,0.007098934653123005,0.007098934653123005,0.0045002162592720114,0.0045002162592720114,0.007159295231363618,0.007159295231363618,0.0012684328378177404,0.0012684328378177404,0.007159295231363618,0.007159295231363618
369,-0.0378240735638204,0.00722337612023888,2022-02-04,0.007593969662157962,0.007593969662157962,0.007288269979400057,0.007288269979400057,-0.0022712332183625816,-0.0022712332183625816,0.007420403033652385,0.007420403033652385,-0.011299323222577339,-0.011299323222577339,0.007420403033652385,0.007420403033652385
370,-0.0372972922284127,0.0071016262562279085,2022-02-11,0.0025159755731071617,0.0025159755731071617,0.007162257846597765,0.007162257846597765,0.0025162248589481176,0.0025162248589481176,0.007254063046161676,0.007254063046161676,-0.006179946990690655,-0.006179946990690655,0.007254063046161676,0.007254063046161676
371,-0.0149769141456639,0.006981952621498419,2022-02-18,0.0040210750576025025,0.0040210750576025025,0.007038415088728655,0.007038415088728655,0.005529303676224123,0.005529303676224123,0.007090871268599132,0.007090871268599132,0.006092158222754177,0.006092158222754177,0.007090871268599132,0.007090871268599132
372,-0.3030019101993169,0.006922923409758736,2022-02-25,0.005518246453770503,0.005518246453770503,0.006977261396410898,0.006977261396410898,0.009278102331404404,0.009278102331404404,0.007010331905773355,0.007010331905773355,0.005546583896820677,0.005546583896820677,0.007010331905773355,0.007010331905773355
373,0.1647591219249751,0.006092025732522608,2022-03-04,0.004314546971477105,0.004314546971477105,0.006118593331048771,0.006118593331048771,0.007286864129920431,0.007286864129920431,0.005883014661754845,0.005883014661754845,-0.04712991771068485,-0.04712991771068485,0.005883014661754845,0.005883014661754845
374,0.0273708059674993,0.0065162693052297,2022-03-11,0.014228670563472389,0.014228670563472389,0.006556826835451883,0.006556826835451883,0.027152376508570452,0.027152376508570452,0.006458652731549121,0.006458652731549121,0.0042611225762808685,0.0042611225762808685,0.006458652731549121,0.006458652731549121
375,-0.0036827776718375,0.006571881402995752,2022-03-18,0.012499715150255894,0.012499715150255894,0.0066141656209396165,0.0066141656209396165,0.0098360003336211,0.0098360003336211,0.0065341478695850426,0.0065341478695850426,-0.011780115201389316,-0.011780115201389316,0.0065341478695850426,0.0065341478695850426
376,-0.0014004712964386,0.00654460837354141,2022-03-25,0.011568981289242827,0.011568981289242827,0.0065858773151902285,0.0065858773151902285,0.009116458284777227,0.009116458284777227,0.0064973963388605,0.0064973963388605,-0.008069120625487456,-0.008069120625487456,0.0064973963388605,0.0064973963388605
377,0.020179774196869,0.006523533891658173,2022-04-01,-0.007520967644176442,-0.007520967644176442,0.006563996908035081,0.006563996908035081,-0.012847965092198505,-0.012847965092198505,0.006469088569558353,0.006469088569558353,-0.024016981333154625,-0.024016981333154625,0.006469088569558353,0.006469088569558353
378,-0.0014994379917929,0.006559661511513229,2022-04-08,0.009223690997511098,0.009223690997511098,0.006601198485326977,0.006601198485326977,0.007011843380524148,0.007011843380524148,0.006518055303941605,0.006518055303941605,-0.0027551273255013433,-0.0027551273255013433,0.006518055303941605,0.006518055303941605
379,0.1068724395249729,0.00653839739672878,2022-04-15,0.009901089245514194,0.009901089245514194,0.006579125906370247,0.006579125906370247,0.008019319868785879,0.008019319868785879,0.006489523299330451,0.006489523299330451,-0.00012252117118433537,-0.00012252117118433537,0.006489523299330451,0.006489523299330451
380,-0.0523643606149617,0.006802434349697843,2022-04-22,0.008396922376271746,0.008396922376271746,0.0068516620846816685,0.0068516620846816685,-0.000532627490767882,-0.000532627490767882,0.006845491087364644,0.006845491087364644,-0.00843751806769501,-0.00843751806769501,0.006845491087364644,0.006845491087364644
381,0.0806163919716871,0.00664714092459375,2022-04-29,0.008661561482620608,0.008661561482620608,0.006691185058395372,0.006691185058395372,0.009495097113191516,0.009495097113191516,0.0066362689965437024,0.0066362689965437024,0.002679124495601778,0.002679124495601778,0.0066362689965437024,0.0066362689965437024
382,-0.0339994974514716,0.006840777707439544,2022-05-06,0.013835062310945775,0.013835062310945775,0.0068909829149177825,0.0068909829149177825,0.008036942513628437,0.008036942513628437,0.00689676238730125,0.00689676238730125,0.004261952831499595,0.004261952831499595,0.00689676238730125,0.00689676238730125
383,-0.0958867474341556,0.006734145135223066,2022-05-13,0.008163203684132142,0.008163203684132142,0.00678076598670649,0.00678076598670649,0.004688573239695556,0.004688573239695556,0.006753266738744152,0.006753266738744152,0.003295088489070637,0.003295088489070637,0.006753266738744152,0.006753266738744152
384,0.0463051309084123,0.006466903227490307,2022-05-20,0.013252619012845405,0.013252619012845405,0.006504778047403097,0.006504778047403097,0.011976604972291176,0.011976604972291176,0.006394385570307439,0.006394385570307439,0.008855682784431874,0.008855682784431874,0.006394385570307439,0.006394385570307439
385,0.0312178270235472,0.0065703791435446504,2022-05-27,0.006315617627624965,0.006315617627624965,0.006611481406279798,0.006611481406279798,0.015751643720804193,0.015751643720804193,0.006533447400753798,0.006533447400753798,0.015012672897462519,0.015012672897462519,0.006533447400753798,0.006533447400753798
386,-0.0594022772075719,0.006634232635461756,2022-06-03,0.011142929883052533,0.011142929883052533,0.006677273774240406,0.006677273774240406,0.007851468189476678,0.007851468189476678,0.010397959993126144,0.010397959993126144,0.002601890865802408,0.002601890865802408,0.010397959993126144,0.010397959993126144
387,0.0062108218889003,0.0064635956591231674,2022-06-10,0.009786640629803174,0.009786640629803174,0.006501061638288906,0.006501061638288906,0.015108157111506542,0.015108157111506542,0.012884577948851714,0.012884577948851714,0.010963316835980761,0.010963316835980761,0.012884577948851714,0.012884577948851714
388,0.012786663960826,0.006462944180333933,2022-06-17,0.006263253355646016,0.006263253355646016,0.00650028972406181,0.00650028972406181,0.009297898448939457,0.009297898448939457,0.008177023089367933,0.008177023089367933,0.006779315687253106,0.006779315687253106,0.008177023089367933,0.008177023089367933
389,0.0254436540746878,0.006479200529384041,2022-06-24,0.007453116227435118,0.007453116227435118,0.006516964456785322,0.006516964456785322,0.010918288301477423,0.010918288301477423,0.00971454551762165,0.00971454551762165,0.00874125490195167,0.00874125490195167,0.00971454551762165,0.00971454551762165
390,-0.0331443298379561,0.006527827333346359,2022-07-01,0.0048522633029251675,0.0048522633029251675,0.006567035064240091,0.006567035064240091,0.010496877965038334,0.010496877965038334,0.010769141412515712,0.010769141412515712,0.013619932274518042,0.013619932274518042,0.010769141412515712,0.010769141412515712
391,0.0308046001791009,0.006426364015772695,2022-07-08,0.004392270536344001,0.004392270536344001,0.006462255737321368,0.006462255737321368,0.006923115609518423,0.006923115609518423,0.008665087865905467,0.008665087865905467,-0.0011306704003214464,-0.0011306704003214464,0.008665087865905467,0.008665087865905467
392,-0.1124389430394048,0.0064885533937403695,2022-07-15,0.0029498109717605065,0.0029498109717605065,0.006526314538483946,0.006526314538483946,0.003622995268117408,0.003622995268117408,0.007634809210984497,0.007634809210984497,0.003125927439072484,0.003125927439072484,0.007634809210984497,0.007634809210984497
393,0.0290624264112189,0.006185938898999542,2022-07-22,0.0070011938984533865,0.0070011938984533865,0.006214069767938306,0.006214069767938306,0.009706639149749653,0.009706639149749653,0.012853967124554479,0.012853967124554479,0.006173828372512498,0.006173828372512498,0.012853967124554479,0.012853967124554479
394,0.0760883686984685,0.006244001050045783,2022-07-29,0.006535939799120279,0.006535939799120279,0.006273882219884066,0.006273882219884066,0.012637345170679591,0.012637345170679591,0.012787926750355023,0.012787926750355023,0.009417420969072762,0.009417420969072762,0.012787926750355023,0.012787926750355023
395,0.0473508943502851,0.006420822233965841,2022-08-05,0.0019291729578642513,0.0019291729578642513,0.0064561654743973415,0.0064561654743973415,0.008989668519407976,0.008989668519407976,0.009052844124599464,0.009052844124599464,0.01529435915859425,0.01529435915859425,0.009052844124599464,0.009052844124599464
396,0.097894886530705,0.006524181001936345,2022-08-12,0.00628726632255504,0.00628726632255504,0.006562662164178297,0.006562662164178297,0.007864898231504177,0.007864898231504177,0.007407634693185293,0.007407634693185293,0.0015993708923201701,0.0015993708923201701,0.007407634693185293,0.007407634693185293
397,-0.0818213180183811,0.006754333912588155,2022-08-19,-0.0003263987207188677,-0.0003263987207188677,0.006799888720974471,0.006799888720974471,0.0005389021406557387,0.0005389021406557387,-0.00213203895548716,-0.00213203895548716,-0.0037375930476742907,-0.0037375930476742907,-0.00213203895548716,-0.00213203895548716
398,-0.1479506213308505,0.006531782023314363,2022-08-26,0.0035396434015375405,0.0035396434015375405,0.006570300102478731,0.006570300102478731,-0.0022159896122329725,-0.0022159896122329725,0.0023456425847216507,0.0023456425847216507,-0.004527593505567281,-0.004527593505567281,0.0023456425847216507,0.0023456425847216507
399,-0.164431445719134,0.006144608080070842,2022-09-02,0.013731279050488085,0.013731279050488085,0.006171021235725942,0.006171021235725942,0.011454411869615731,0.011454411869615731,0.015572638856114509,0.015572638856114509,0.006397111898537354,0.006397111898537354,0.015572638856114509,0.015572638856114509
400,0.1032851189591497,0.00571816794557283,2022-09-09,0.018166218196086194,0.018166218196086194,0.005731324155945375,0.005731324155945375,0.030226879562584907,0.030226879562584907,0.023286037738653675,0.023286037738653675,0.026629001415944376,0.026629001415944376,0.023286037738653675,0.023286037738653675
401,-0.1079874408586132,0.005961477050344842,2022-09-16,0.02036500255365854,0.02036500255365854,0.005982105119449756,0.005982105119449756,0.029523056164127776,0.029523056164127776,0.02512016235109709,0.02512016235109709,0.02788399090383189,0.02788399090383189,0.025115823733258876,0.025115823733258876
402,0.0144908196022557,0.005678022030670817,2022-09-23,0.018694717367348335,0.018694717367348335,0.0056898755143778,0.0056898755143778,0.024628206450000956,0.024628206450000956,0.022449794264422333,0.022449794264422333,0.02540217759322201,0.02540217759322201,0.02241588317819839,0.02241588317819839
403,0.0456954587874554,0.005699890014719415,2022-09-30,0.012686458324524228,0.012686458324524228,0.005712384322786695,0.005712384322786695,0.011957600736237792,0.011957600736237792,0.01474649248780521,0.01474649248780521,0.005377002508255111,0.005377002508255111,0.014600028927061002,0.014600028927061002
404,-0.0265483061239208,0.005798888947325197,2022-10-07,0.015983581515102298,0.015983581515102298,0.0058143819617271775,0.0058143819617271775,0.0062159173393109765,0.0062159173393109765,0.005817463194762928,0.005817463194762928,0.0004678544676945005,0.0004678544676945005,0.005603817418587263,0.005603817418587263
405,0.0102384980969505,0.00571901932986533,2022-10-14,0.008196993305696822,0.008196993305696822,0.005732034154893468,0.005732034154893468,0.01414825794744706,0.01414825794744706,0.011295215109330804,0.011295215109330804,0.012657900019196273,0.012657900019196273,0.011515409514644605,0.011515409514644605
406,0.1669981146183188,0.005730151050966525,2022-10-21,0.0037421238582343213,0.0037421238582343213,0.00574347188063473,0.00574347188063473,0.0002939772223959254,0.0002939772223959254,0.005867150909721623,0.005867150909721623,-0.004730002406037893,-0.004730002406037893,0.005642862297173361,0.005642862297173361
407,-0.0615793934367721,0.006126386833687292,2022-10-28,0.0010268041955470066,0.0010268041955470066,0.006151711482502284,0.006151711482502284,0.0021005798271832364,0.0021005798271832364,-0.00044454140302378764,-0.00044454140302378764,0.0012461707579747095,0.0012461707579747095,-0.00044454140302378764,-0.00044454140302378764
408,-0.0068331409107802,0.0059604412938087156,2022-11-04,0.030990171531061664,0.030990171531061664,0.005980673338766743,0.005980673338766743,0.021896808603085828,0.021896808603085828,0.0039237266151143785,0.0039237266151143785,0.023522917671831026,0.023522917671831026,0.0039237266151143785,0.0039237266151143785
409,-0.0454531748255764,0.005929161141719256,2022-11-11,0.005054934164627253,0.005054934164627253,0.005948396728566372,0.005948396728566372,-0.005696532515355663,-0.005696532515355663,0.003074135113899721,0.003074135113899721,-0.010533089293825253,-0.010533089293825253,0.003074135113899721,0.003074135113899721
410,0.0858953503882995,0.005803838371067315,2022-11-18,0.0066235912498194775,0.0066235912498194775,0.0058192470512946565,0.0058192470512946565,0.004788873123833094,0.004788873123833094,0.005519855256109606,0.005519855256109606,0.0023746603414602583,0.0023746603414602583,0.005519855256109606,0.005519855256109606
411,0.1080414824110835,0.005998708229990021,2022-11-25,0.010042560092880959,0.010042560092880959,0.006019939039607952,0.006019939039607952,0.019047585778847645,0.019047585778847645,0.009664077881217911,0.009664077881217911,0.01195429108097536,0.01195429108097536,0.009664077881217911,0.009664077881217911
412,-0.0028455997802812,0.006246384866351899,2022-12-02,0.0027439154277269914,0.0027439154277269914,0.006274992898036642,0.006274992898036642,0.004245664660145039,0.004245664660145039,0.001980149913992005,0.001980149913992005,0.005416053972960438,0.005416053972960438,0.0021094374855847933,0.0021094374855847933
413,-0.0472639158236791,0.006224370375682085,2022-12-09,0.0033227860452774674,0.0033227860452774674,0.006252248277891211,0.006252248277891211,-0.001147489682855155,-0.001147489682855155,0.0015723801933684913,0.0015723801933684913,-0.0001881813080220618,-0.0001881813080220618,0.0016364489165745285,0.0016364489165745285
414,0.0371824923705013,0.00609517161674643,2022-12-16,0.0024633395081498023,0.0024633395081498023,0.0061191234915688964,0.0061191234915688964,0.000837515826196086,0.000837515826196086,0.0013609074638482313,0.0013609074638482313,-0.0014250107268102379,-0.0014250107268102379,0.0014384307872385513,0.0014384307872385513
415,-0.089684124434024,0.006170080823381984,2022-12-23,0.004591106476504538,0.004591106476504538,0.006196203811367736,0.006196203811367736,-0.011264434325282319,-0.011264434325282319,0.003979891996678397,0.003979891996678397,-0.020544603491419972,-0.020544603491419972,0.003262973415996427,0.003262973415996427
416,-0.0497036795343417,0.005939662060743988,2022-12-30,0.012894697178435117,0.012894697178435117,0.005958876266205875,0.005958876266205875,-0.009862976868130844,-0.009862976868130844,-0.0021119568390493533,-0.0021119568390493533,-0.01287482911323931,-0.01287482911323931,-0.002071657356307129,-0.002071657356307129
417,0.0216047683119819,0.005806224790731792,2023-01-06,0.013197720407065495,0.013197720407065495,0.005821437856821808,0.005821437856821808,-0.011443574815236517,-0.011443574815236517,-0.001882056320508251,-0.001882056320508251,-0.013983987210014138,-0.013983987210014138,-0.0018272609551824017,-0.0018272609551824017
419,0.0512085450337131,0.005991433722060481,2023-01-20,0.010444484057179685,0.010444484057179685,0.006012032736660973,0.006012032736660973,0.021285610710311785,0.021285610710311785,0.011820916762480042,0.011820916762480042,0.02273431795248905,0.02273431795248905,0.012355147782794017,0.012355147782794017
420,0.044541775622787,0.006099093510897749,2023-01-27,0.004648034855542562,0.004648034855542562,0.006122808502094923,0.006122808502094923,0.006589141219090775,0.006589141219090775,0.004289203776705633,0.004289203776705633,0.005952651784430891,0.005952651784430891,0.004427092302719569,0.004427092302719569
421,-0.005073353773664,0.0061904062950115,2023-02-03,0.011982461477669126,0.011982461477669126,0.006216742407035491,0.006216742407035491,0.006823591751420655,0.006823591751420655,-0.0007046535935333392,-0.0007046535935333392,0.009164547196469211,0.009164547196469211,-0.0007303377129603428,-0.0007303377129603428
422,0.0314549521678868,0.00616371492044118,2023-02-10,0.0036486572948683012,0.0036486572948683012,0.006189205587082565,0.006189205587082565,-0.002874087849065776,-0.002874087849065776,-1.8515706890445682e-05,-1.8515706890445682e-05,-0.00609829825116254,-0.00609829825116254,-0.0003099175626086557,-0.0003099175626086557
423,0.0155223188872941,0.006223505079418592,2023-02-17,0.005025816701003108,0.005025816701003108,0.006250679423045593,0.006250679423045593,0.004286497674859556,0.004286497674859556,0.003096340254980369,0.003096340254980369,0.001429225808532126,0.001429225808532126,0.003269902198706277,0.003269902198706277
424,-0.0599984332736793,0.006245436244059809,2023-02-24,0.005812917618776005,0.005812917618776005,0.00627318340232775,0.00627318340232775,0.002665826002683498,0.002665826002683498,0.0035031016486502253,0.0035031016486502253,-5.587416040292708e-05,-5.587416040292708e-05,0.00306263670119956,0.00306263670119956
425,0.0812913784321693,0.006089568315782775,2023-03-03,0.010024748270588694,0.010024748270588694,0.006112719439431849,0.006112719439431849,0.017683442767624517,0.017683442767624517,0.00960102918535412,0.00960102918535412,0.014333486261627731,0.014333486261627731,0.009700575634655652,0.009700575634655652
426,-0.1236221091934766,0.006266098386478518,2023-03-10,0.00577893078681793,0.00577893078681793,0.006294310403182422,0.006294310403182422,0.0016205904420015984,0.0016205904420015984,0.004246929128367077,0.004246929128367077,-0.0017809904459206482,-0.0017809904459206482,0.003904001100512842,0.003904001100512842
427,-0.0019886536354389,0.005961910546712816,2023-03-17,0.012996677974764339,0.012996677974764339,0.005981258789696497,0.005981258789696497,0.01564528719347838,0.01564528719347838,0.012971739377084167,0.012971739377084167,0.013151767391994942,0.013151767391994942,0.01302908527006293,0.01302908527006293
428,0.0717213861401555,0.0059433344621750775,2023-03-24,0.013110956117709311,0.013110956117709311,0.005962100346366844,0.005962100346366844,0.023021500989373216,0.023021500989373216,0.014453874162699044,0.014453874162699044,0.022545154933489943,0.022545154933489943,0.014631665593183775,0.014631665593183775
429,0.0530628449752113,0.006096663253965242,2023-03-31,0.007719526803500215,0.007719526803500215,0.006119796475368735,0.006119796475368735,0.011200369443002355,0.011200369443002355,0.007862633720855838,0.007862633720855838,0.012105674320737607,0.012105674320737607,0.007989835179739873,0.007989835179739873
430,-0.0276660210391943,0.006205886932386744,2023-04-07,0.01879605779154629,0.01879605779154629,0.006232100419148262,0.006232100419148262,0.025114829711564594,0.025114829711564594,0.009020013671517942,0.009020013671517942,0.026713019040619932,0.026713019040619932,0.009094237881901123,0.009094237881901123
431,-0.0462114072286832,0.006127297818763586,2023-04-14,0.005055692938297666,0.005055692938297666,0.006151197981300189,0.006151197981300189,-0.0003541234114715318,-0.0003541234114715318,0.0024827352460854483,0.0024827352460854483,-0.0017565554649402468,-0.0017565554649402468,0.0022721107472765713,0.0022721107472765713
432,-0.0249012922747704,0.006006143408931534,2023-04-21,0.006830544147151186,0.006830544147151186,0.00602652511175261,0.00602652511175261,0.007880184874509234,0.007880184874509234,0.005782530112259579,0.005782530112259579,0.0075242135645624195,0.0075242135645624195,0.005800295617999938,0.005800295617999938
433,-0.0311710538736145,0.005934763649846771,2023-04-28,0.01084960887657407,0.01084960887657407,0.005953062362615976,0.005953062362615976,0.015541023625452788,0.015541023625452788,0.011222299276007479,0.011222299276007479,0.014542521449114046,0.014542521449114046,0.011350551066473763,0.011350551066473763
434,0.0456689859179197,0.005849266374447091,2023-05-05,0.013963640435798548,0.013963640435798548,0.005865090523193628,0.005865090523193628,0.008532144438083172,0.008532144438083172,0.01109117639052756,0.01109117639052756,0.010333679191396368,0.010333679191396368,0.010466485713293484,0.010466485713293484
435,0.0056066529465415,0.0059408059596044996,2023-05-12,0.012638372337576873,0.012638372337576873,0.005959189566679978,0.005959189566679978,0.02427820904220188,0.02427820904220188,0.013336270074105176,0.013336270074105176,0.02650097976146729,0.02650097976146729,0.013836533255882659,0.013836533255882659
436,-0.0730505488150932,0.005940039553611236,2023-05-19,0.010300642436358368,0.010300642436358368,0.005958358112387199,0.005958358112387199,0.0059524852064863016,0.0059524852064863016,0.007751598203424755,0.007751598203424755,0.0025363681564867205,0.0025363681564867205,0.007565927385884729,0.007565927385884729
437,-0.0570522781347362,0.005759283058488342,2023-05-26,0.01210250311651961,0.01210250311651961,0.005772454801969598,0.005772454801969598,0.01750352281613241,0.01750352281613241,0.011198965270106699,0.011198965270106699,0.016438887666184242,0.016438887666184242,0.011324472401812693,0.011324472401812693
438,0.0926205102177037,0.005615877667636231,2023-06-02,0.02272814195168645,0.02272814195168645,0.005624978903057143,0.005624978903057143,0.025826556813674434,0.025826556813674434,0.01115231277169686,0.01115231277169686,0.025653153041486874,0.025653153041486874,0.011029506240324756,0.011029506240324756
439,0.0649447539145358,0.005814065896679666,2023-06-09,0.009032049305376075,0.009032049305376075,0.005828715510351397,0.005828715510351397,0.014832111696553844,0.014832111696553844,0.010419383306650834,0.010419383306650834,0.01319681611558972,0.01319681611558972,0.01063696219285382,0.01063696219285382
440,-0.0487085748086393,0.005948453823992975,2023-06-16,0.006896811663843697,0.006896811663843697,0.005966837095407903,0.005966837095407903,0.008356190561938297,0.008356190561938297,0.006447944662853516,0.006447944662853516,0.008173407114333866,0.008173407114333866,0.006388141684488556,0.006388141684488556
441,0.0228103837552433,0.005824514983556167,2023-06-23,0.005465589029547972,0.005465589029547972,0.005839388582811056,0.005839388582811056,0.014720428057707048,0.014720428057707048,0.008028290572589355,0.008028290572589355,0.017571320013036743,0.017571320013036743,0.008722509762467953,0.008722509762467953
442,-0.0389304795131657,0.005862944550912926,2023-06-30,0.0018044635541890801,0.0018044635541890801,0.00587885601344462,0.00587885601344462,-0.0004207881807565079,-0.0004207881807565079,0.0006049625529035161,0.0006049625529035161,-0.002980892535020315,-0.002980892535020315,0.0004749866408433707,0.0004749866408433707
443,0.0023188416187496,0.005761830726840513,2023-07-07,0.012485374599710098,0.012485374599710098,0.005774890037744828,0.005774890037744828,0.012521281430897434,0.012521281430897434,0.007006116003456822,0.007006116003456822,0.01060602647235507,0.01060602647235507,0.006824090163845658,0.006824090163845658
444,0.0614213342283882,0.005754076246867335,2023-07-14,0.01314744999049272,0.01314744999049272,0.005766889925663821,0.005766889925663821,0.018339926415511496,0.018339926415511496,0.011741006082727353,0.011741006082727353,0.01744638827806106,0.01744638827806106,0.011891705091445435,0.011891705091445435
445,-0.0345702495055419,0.005879171208623562,2023-07-21,0.008727932850663596,0.008727932850663596,0.00589542212959621,0.00589542212959621,0.007948193198033703,0.007948193198033703,0.005234747221282912,0.005234747221282912,0.005746146711099314,0.005746146711099314,0.005177250066369031,0.005177250066369031
446,-0.0614916830620142,0.00578847744020615,2023-07-28,0.011114198551990058,0.011114198551990058,0.005802183254860868,0.005802183254860868,0.006345478250972887,0.006345478250972887,0.007300376134913364,0.007300376134913364,0.005296195458009851,0.005296195458009851,0.0070879971934936364,0.0070879971934936364
447,0.0398384154127846,0.005637962539753755,2023-08-04,0.005003178158281141,0.005003178158281141,0.0064787391941303965,0.0064787391941303965,0.010148049441720132,0.010148049441720132,0.007514552331343514,0.007514552331343514,0.011901723778522258,0.011901723778522258,0.007195292901901514,0.007195292901901514
448,0.0142982132759108,0.005714302836345343,2023-08-11,0.009529748492843193,0.009529748492843193,0.006002128415702962,0.006002128415702962,0.010634783060661046,0.010634783060661046,0.006748246819131408,0.006748246819131408,0.010440930216599802,0.010440930216599802,0.0065880603317760526,0.0065880603317760526
449,-0.0323167187785893,0.005733420676967983,2023-08-18,0.011302148860030704,0.011302148860030704,0.006731052360652092,0.006731052360652092,0.014332520562189593,0.014332520562189593,0.01022000544913067,0.01022000544913067,0.013414227788524082,0.013414227788524082,0.01024635520145363,0.01024635520145363
450,0.0045643475578556,0.005648864811511189,2023-08-25,0.010747142901398925,0.010747142901398925,0.006578301207324101,0.006578301207324101,0.014465661319956205,0.014465661319956205,0.009700199444194754,0.009700199444194754,0.01373387693434525,0.01373387693434525,0.009677395613033801,0.009677395613033801
451,-0.0480781337438225,0.005646460116935456,2023-09-01,0.002861814276682253,0.002861814276682253,0.005609249277669945,0.005609249277669945,0.017856965327431456,0.017856965327431456,0.009342573575347665,0.009342573575347665,0.023031738256796507,0.023031738256796507,0.009925085409831023,0.009925085409831023
452,0.0058636864807235,0.005527600396004575,2023-09-08,0.01011132408356683,0.01011132408356683,0.006762387459649044,0.006762387459649044,0.018389790918108294,0.018389790918108294,0.012199722360095151,0.012199722360095151,0.011946763513286333,0.011946763513286333,0.01250716709212973,0.01250716709212973
453,0.0382364380392505,0.0055283423078913724,2023-09-15,0.010297096980893303,0.010297096980893303,0.006874884051017203,0.006874884051017203,0.004699455415929129,0.004699455415929129,0.0088551918468078,0.0088551918468078,0.0016662283149490023,0.0016662283149490023,0.008176493370305708,0.008176493370305708
454,-0.0461851194495794,0.0056003865716168335,2023-09-22,0.007418755203614264,0.007418755203614264,0.00593710298480196,0.00593710298480196,0.013987245171514144,0.013987245171514144,0.0077436847012022055,0.0077436847012022055,0.009056964793994222,0.009056964793994222,0.007866966447267598,0.007866966447267598
455,-0.0102425773590342,0.005486572272669149,2023-09-29,0.009482700153105462,0.009482700153105462,0.006553928596781592,0.006553928596781592,0.014179446669654563,0.014179446669654563,0.010033301846174104,0.010033301846174104,0.006933477720386811,0.006933477720386811,0.01004260994654475,0.01004260994654475
456,0.060639214498205,0.005452078523476817,2023-10-06,-0.0002197726137527006,-0.0002197726137527006,0.005955590137946093,0.005955590137946093,0.0040844784571672154,0.0040844784571672154,0.008138687307541751,0.008138687307541751,0.004282917837251878,0.004282917837251878,0.008207704866925656,0.008207704866925656
457,-0.0476992348170401,0.005572838120795697,2023-10-13,0.005224488142335197,0.005224488142335197,0.005289362569716159,0.005289362569716159,0.00795042534159668,0.00795042534159668,0.005506243967609908,0.005506243967609908,0.0025183041694922473,0.0025183041694922473,0.0056932004090419625,0.0056932004090419625
458,-0.0286922743935669,0.005456523551062431,2023-10-20,0.008882338703195998,0.008882338703195998,0.006430273163889815,0.006430273163889815,0.01056391466403728,0.01056391466403728,0.00926198091706224,0.00926198091706224,-0.002381133138583549,-0.002381133138583549,0.009042087061335472,0.009042087061335472
459,-0.0275950059458871,0.005382125298459753,2023-10-27,0.00754033459177181,0.00754033459177181,0.0060739512245936555,0.0060739512245936555,0.009323947580549205,0.009323947580549205,0.008385721406117057,0.008385721406117057,-0.005113440532010727,-0.005113440532010727,0.008315678733538119,0.008315678733538119
460,0.0166991677576326,0.005310435882711173,2023-11-03,0.00992553437958185,0.00992553437958185,0.005310908706082172,0.005310908706082172,0.015620348817328891,0.015620348817328891,0.009433858995991832,0.009433858995991832,0.0019380020921758688,0.0019380020921758688,0.009544305278488669,0.009544305278488669
461,-0.029343538788181,0.005335140290248963,2023-11-10,0.008946804865916789,0.008946804865916789,0.00533627231198763,0.00533627231198763,0.019257800425658417,0.019257800425658417,0.01185752835599216,0.01185752835599216,0.008316316366119486,0.008316316366119486,0.012033476133310468,0.012033476133310468
462,0.0030126422680849,0.005260078214321625,2023-11-17,0.0077847829143909445,0.0077847829143909445,0.005259206065098366,0.005259206065098366,0.01182578745887039,0.01182578745887039,0.010362762785698122,0.010362762785698122,0.0035863653175663888,0.0035863653175663888,0.010354131586734667,0.010354131586734667
463,-0.0538710595015752,0.0052552241410036196,2023-11-24,0.006345958252008451,0.006345958252008451,0.005254224770648225,0.005254224770648225,0.008955132604728116,0.008955132604728116,0.008419059802362457,0.008419059802362457,0.0010869177922904643,0.0010869177922904643,0.008229183684937084,0.008229183684937084
464,-0.0543126313363879,0.005127796805567028,2023-12-01,0.01372193313681493,0.01372193313681493,0.0051234166196034835,0.0051234166196034835,0.027648654216382403,0.027648654216382403,0.010713748992550027,0.010713748992550027,0.018508894560427175,0.018508894560427175,0.0111701359596692,0.0111701359596692
465,-0.0154199398662209,0.004999967927842393,2023-12-08,0.012215253088422843,0.012215253088422843,0.004992211215727123,0.004992211215727123,0.01855052077881419,0.01855052077881419,0.013101444399962912,0.013101444399962912,0.014757419239282666,0.014757419239282666,0.013249645535525668,0.013249645535525668
466,0.1298617997600661,0.00495614838321994,2023-12-15,0.010839805816253729,0.010839805816253729,0.004947250530524593,0.004947250530524593,0.014636695900582714,0.014636695900582714,0.012187990120948466,0.012187990120948466,0.007429715761789044,0.007429715761789044,0.012350627350695566,0.012350627350695566
467,0.0134264862303021,0.0052236123047977685,2023-12-22,0.008738773235177162,0.008738773235177162,0.0052217880013587506,0.0052217880013587506,0.012214933571808553,0.012214933571808553,0.006593262268859541,0.006593262268859541,0.010467233635580967,0.010467233635580967,0.006673770802654197,0.006673770802654197
468,-0.052792777954675,0.005241139813185598,2023-12-29,0.005802537697213096,0.005802537697213096,0.00523978076063275,0.00523978076063275,-0.021899789493430077,-0.021899789493430077,-0.009951093681492395,-0.009951093681492395,-0.026557908258555325,-0.026557908258555325,-0.009954099846474317,-0.009954099846474317
469,-0.1479064152490323,0.00511740011645242,2024-01-05,0.010432346615482705,0.010432346615482705,0.0051127948553476125,0.0051127948553476125,-0.019535704370238282,-0.019535704370238282,-0.01145625439360112,-0.01145625439360112,-0.025126286033921988,-0.025126286033921988,-0.01145943654271708,-0.01145943654271708
470,-0.0059739212405425,0.00479181753056841,2024-01-12,0.011716732341081025,0.011716732341081025,0.004778691776517088,0.004778691776517088,-0.017205334736864374,-0.017205334736864374,-0.009973828119219161,-0.009973828119219161,-0.023904632726629807,-0.023904632726629807,-0.009951231314808927,-0.009951231314808927
472,0.006319136351478,0.004748139446109272,2024-01-26,0.018375983092489064,0.018375983092489064,0.0047339313322635876,0.0047339313322635876,0.025320362935471987,0.025320362935471987,0.017703373134284515,0.017703373134284515,0.019434855257208887,0.019434855257208887,0.017871576739499087,0.017871576739499087
473,-0.0768980509940648,0.0047514607926322505,2024-02-02,0.015520104642195713,0.015520104642195713,0.004737369954864921,0.004737369954864921,0.014836399238398438,0.014836399238398438,0.013814322244304398,0.013814322244304398,0.004393534219887806,0.004393534219887806,0.013487298676944138,0.013487298676944138
474,-0.0291626222278091,0.004579204438651877,2024-02-09,0.011635725450320801,0.011635725450320801,0.004560669909520917,0.004560669909520917,0.01932084332689531,0.01932084332689531,0.01107882008738056,0.01107882008738056,0.01074983363813105,0.01074983363813105,0.011541248282718004,0.011541248282718004
475,-0.0839756050270037,0.004508169014090907,2024-02-16,0.012322038349792421,0.012322038349792421,0.004487833425423011,0.004487833425423011,0.019698971268148822,0.019698971268148822,0.011338979788648517,0.011338979788648517,0.01577012821430325,0.01577012821430325,0.011595681788384065,0.011595681788384065
476,0.0698685116167587,0.00432227873249197,2024-02-23,0.015070263048818514,0.015070263048818514,0.004297179463241058,0.004297179463241058,0.020451993484125536,0.020451993484125536,0.013985250818491293,0.013985250818491293,0.013859040627037172,0.013859040627037172,0.014194025206498082,0.014194025206498082
477,0.0381546149712841,0.004459692218622507,2024-03-01,0.0161725011086013,0.0161725011086013,0.004438193080775505,0.004438193080775505,0.018319650831338123,0.018319650831338123,0.011335317690467622,0.011335317690467622,0.011871406515300562,0.011871406515300562,0.011221302771586728,0.011221302771586728
478,0.0149307150978028,0.004530183688816359,2024-03-08,0.00940413518642445,0.00940413518642445,0.0045105459174504155,0.0045105459174504155,0.007952860626962634,0.007952860626962634,0.006425091514052534,0.006425091514052534,0.003446197292086414,0.003446197292086414,0.006456962111016058,0.006456962111016058
479,0.0350797054768587,0.004551896698020924,2024-03-15,0.006028390197250407,0.006028390197250407,0.004532858913553954,0.004532858913553954,0.009084582851157387,0.009084582851157387,0.004476925799409243,0.004476925799409243,0.0033025919945970637,0.0033025919945970637,0.004553673322116938,0.004553673322116938
480,0.0069675401374968,0.004615496299643503,2024-03-22,0.0013217915945525102,0.0013217915945525102,0.004598129953219135,0.004598129953219135,-0.004753401271883121,-0.004753401271883121,-0.0010567325848196097,-0.0010567325848196097,-0.015237408975976646,-0.015237408975976646,-0.001151475998113877,-0.001151475998113877
481,-0.0149669297862082,0.0046203862036723045,2024-03-29,0.003938027714380976,0.003938027714380976,0.004603182000520367,0.004603182000520367,0.00279463676831922,0.00279463676831922,0.0021841492505985938,0.0021841492505985938,-0.0019949726899172017,-0.0019949726899172017,0.0023604654423790023,0.0023604654423790023
482,0.1606157920287501,0.0045797486186310585,2024-04-05,0.0016464157329070042,0.0016464157329070042,0.004561543464803923,0.004561543464803923,0.0019326563851926413,0.0019326563851926413,0.004183187488720196,0.004183187488720196,-0.0125614608716123,-0.0125614608716123,0.004059629004696093,0.004059629004696093
483,-0.0445279037365917,0.0049028046091281995,2024-04-12,0.0012259854390093143,0.0012259854390093143,0.00489286883330487,0.00489286883330487,0.006459698698480967,0.006459698698480967,-0.001467952491604631,-0.001467952491604631,0.0007723264907068218,0.0007723264907068218,-0.0010417458877906138,-0.0010417458877906138
484,-0.0148499384021398,0.004800675046430431,2024-04-19,0.004449258211792057,0.004449258211792057,0.004788163806673733,0.004788163806673733,-0.00846581890936815,-0.00846581890936815,0.0015408167638613869,0.0015408167638613869,-0.027494774721483404,-0.027494774721483404,0.0010872188451973904,0.0010872188451973904
485,0.0621656889401647,0.004760158317670492,2024-04-26,0.005304628555006224,0.005304628555006224,0.004746645620185755,0.004746645620185755,0.0036912154834432684,0.0036912154834432684,0.002526452550685022,0.002526452550685022,-0.008037193794047569,-0.008037193794047569,0.002483876710337234,0.002483876710337234
486,-0.0034860245858503,0.004878276693436941,2024-05-03,-0.00041748497213794054,-0.00041748497213794054,0.004867782842379803,0.004867782842379803,-0.007650813644710136,-0.007650813644710136,-0.0007802000669333703,-0.0007802000669333703,-0.022693899574661926,-0.022693899574661926,-0.0010520366837610132,-0.0010520366837610132
487,-0.0150590418784242,0.00486110153680596,2024-05-10,0.007855968968305434,0.007855968968305434,0.004850195879373003,0.004850195879373003,0.01284916544010568,0.01284916544010568,0.006727557790772354,0.006727557790772354,0.011733873169644297,0.011733873169644297,0.007086242109826835,0.007086242109826835
488,0.0719380480607849,0.004820281570791144,2024-05-17,0.005705378442713895,0.005705378442713895,0.004808369749629731,0.004808369749629731,0.0006813726818526589,0.0006813726818526589,0.005281027789676769,0.005281027789676769,-0.007988465860738314,-0.007988465860738314,0.0049745802606024295,0.0049745802606024295
489,-0.0228238135652567,0.004957536716987451,2024-05-24,0.002275532067203304,0.002275532067203304,0.004949102827850183,0.004949102827850183,-0.00047964897032613894,-0.00047964897032613894,0.0015699892285149794,0.0015699892285149794,-0.006605108674852283,-0.006605108674852283,0.0015699883844380166,0.0015699883844380166
490,-0.0364326498588951,0.004900840083758381,2024-05-31,0.005949239576583283,0.005949239576583283,0.00489100049229975,0.00489100049229975,0.006620047172958424,0.006620047172958424,0.005311318190291907,0.005311318190291907,0.004233635731878298,0.004233635731878298,0.005311318177733854,0.005311318177733854
491,-0.0413063365685708,0.004816657823182712,2024-06-07,0.010509797887170576,0.010509797887170576,0.004804729823508111,0.004804729823508111,0.008765493211189268,0.008765493211189268,0.006684670255995487,0.006684670255995487,0.006589766173699663,0.006589766173699663,0.006684670316829558,0.006684670316829558
492,-0.0070288765002572,0.004722911899622238,2024-06-14,0.009145541542188605,0.009145541542188605,0.004708665101857948,0.004708665101857948,0.01736894950574204,0.01736894950574204,0.007723358323060523,0.007723358323060523,0.01835280828658155,0.01835280828658155,0.007726631642444542,0.007726631642444542
493,-0.0101913591634037,0.004699074600636681,2024-06-21,0.012462465805132494,0.012462465805132494,0.004684262728464777,0.004684262728464777,0.005753891600833933,0.005753891600833933,0.011200498527826723,0.011200498527826723,-0.0022942670052239853,-0.0022942670052239853,0.011200498527826723,0.011200498527826723
494,0.0434314136263269,0.004668932022166964,2024-06-28,0.011772156988088835,0.011772156988088835,0.004653400442382062,0.004653400442382062,0.014349862319348702,0.014349862319348702,0.0104992181254643,0.0104992181254643,0.012377323994986523,0.012377323994986523,0.0104992181254643,0.0104992181254643
495,-0.014316636799557,0.004747240065811732,2024-07-05,0.0009500177591307982,0.0009500177591307982,0.004733686183963729,0.004733686183963729,0.00426051759011777,0.00426051759011777,0.007092022321295237,0.007092022321295237,0.004738178805430704,0.004738178805430704,0.007092022321295237,0.007092022321295237
496,-0.0495114047344156,0.004708804830196068,2024-07-12,0.0035217363386619467,0.0035217363386619467,0.004694326012510173,0.004694326012510173,0.005995743467980232,0.005995743467980232,0.005824711455542588,0.005824711455542588,0.008367703301874141,0.008367703301874141,0.005824711455542588,0.005824711455542588
497,0.0279393686892417,0.004599709841132463,2024-07-19,0.005407163412739578,0.005407163412739578,0.0045825616192175424,0.0045825616192175424,0.010099613623285594,0.010099613623285594,0.007554359903769311,0.007554359903769311,0.011137659297615496,0.011137659297615496,0.007554359903769311,0.007554359903769311
498,0.039152707531457,0.004646576625968023,2024-07-26,0.003433297555174581,0.003433297555174581,0.0046306208930241765,0.0046306208930241765,0.00769841175275213,0.00769841175275213,0.0059202972495555565,0.0059202972495555565,0.01142649966428733,0.01142649966428733,0.0059202972495555565,0.0059202972495555565
499,-0.0062535735350914,0.0047157271889048755,2024-08-02,0.008462992170463873,0.008462992170463873,0.0047015081345815335,0.0047015081345815335,0.011023244508190033,0.011023244508190033,0.00619834726756066,0.00619834726756066,0.011559421263701401,0.011559421263701401,0.00619834726756066,0.00619834726756066
500,0.0333691411746182,0.004693788587456883,2024-08-09,0.004409860278355617,0.004409860278355617,0.004679059196733843,0.004679059196733843,0.007156893009053496,0.007156893009053496,0.005803717567464646,0.005803717567464646,0.0023739706682841368,0.0023739706682841368,0.005803717567464646,0.005803717567464646
501,-0.0193531971412266,0.004751024820165787,2024-08-16,0.00040562090417094535,0.00040562090417094535,0.004737730121023996,0.004737730121023996,-0.0004942517254878237,-0.0004942517254878237,0.002196352439329202,0.002196352439329202,-0.00896151268327676,-0.00896151268327676,0.002196352439329202,0.002196352439329202
502,-0.0117373899288049,0.004703008441756639,2024-08-23,0.002312444569643662,0.002312444569643662,0.0046885649633459335,0.0046885649633459335,0.00471456956353174,0.00471456956353174,0.00423144857216711,0.00423144857216711,0.00015510739353687998,0.00015510739353687998,0.00423144857216711,0.00423144857216711
503,-0.0555698511548108,0.004670323753147173,2024-08-30,0.004266466225349291,0.004266466225349291,0.004655110880062531,0.004655110880062531,0.006450736698840859,0.006450736698840859,0.006458249419208256,0.006458249419208256,-0.0014028727306653792,-0.0014028727306653792,0.006458249419208256,0.006458249419208256
504,-0.0229685357555506,0.004550799596583766,2024-09-06,0.004326990821299635,0.004326990821299635,0.004532702420642056,0.004532702420642056,0.007665553228678379,0.007665553228678379,0.008466407104657094,0.008466407104657094,0.0006720991038748313,0.0006720991038748313,0.008466407104657094,0.008466407104657094
505,-0.024927291610183,0.004496305863213203,2024-09-13,0.008680933501454649,0.008680933501454649,0.004476918976065601,0.004476918976065601,0.013098803054205466,0.013098803054205466,0.010807124201881709,0.010807124201881709,0.007656574473026338,0.007656574473026338,0.010807124201881709,0.010807124201881709
506,0.04533616324139,0.0044381564610918665,2024-09-20,0.008723065646212612,0.008723065646212612,0.00441739628257117,0.00441739628257117,0.016356832762522068,0.016356832762522068,0.010817801356158278,0.010817801356158278,0.012961981307977221,0.012961981307977221,0.010817801356158278,0.010817801356158278
507,-0.0667017718868487,0.004518823141131902,2024-09-27,0.0065958131326762735,0.0065958131326762735,0.004500060458245552,0.004500060458245552,0.012125332458046683,0.012125332458046683,0.0085270176395151,0.0085270176395151,0.008083620529058148,0.008083620529058148,0.0085270176395151,0.0085270176395151
508,0.0405834487457363,0.004378625119423279,2024-10-04,0.0113155512398351,0.0113155512398351,0.004356508376904635,0.004356508376904635,0.012684506903191008,0.012684506903191008,0.008705048691780926,0.008705048691780926,0.007171781233983218,0.007171781233983218,0.008705048691780926,0.008705048691780926
509,-0.0368836134305547,0.004449754438924876,2024-10-11,0.0034277829071081706,0.0034277829071081706,0.004429399605010937,0.004429399605010937,0.007486911410420609,0.007486911410420609,0.006110140169893399,0.006110140169893399,0.006864988025538388,0.006864988025538388,0.006110140169893399,0.006110140169893399
510,0.0726044109561616,0.004368708619572955,2024-10-18,0.00369130963533313,0.00369130963533313,0.004346441747509801,0.004346441747509801,0.005263615274620187,0.005263615274620187,0.006497658073317609,0.006497658073317609,0.004556936166435131,0.004556936166435131,0.006497658073317609,0.006497658073317609
511,-0.0473949903484616,0.00450224228363673,2024-10-25,0.0034887986825814896,0.0034887986825814896,0.004483231264962009,0.004483231264962009,0.005735947751300643,0.005735947751300643,0.00551348606325928,0.00551348606325928,-5.243737228340399e-05,-5.243737228340399e-05,0.00551348606325928,0.00551348606325928
512,0.0629520120055522,0.004400880501152162,2024-11-01,-0.0003767125253719599,-0.0003767125253719599,0.004379474821735162,0.004379474821735162,-0.001483114454619852,-0.001483114454619852,0.004548056305470421,0.004548056305470421,-0.00705882078609075,-0.00705882078609075,0.004548056305470421,0.004548056305470421
513,-0.0001470263915024,0.004515015260419998,2024-11-08,0.0007540218105881653,0.0007540218105881653,0.0044963860735990685,0.0044963860735990685,0.0013593576390667295,0.0013593576390667295,0.003744823946201833,0.003744823946201833,0.003573116607472913,0.003573116607472913,0.003744823946201833,0.003744823946201833
514,0.0183571588469666,0.004505945140474624,2024-11-15,-0.0008331840484571617,-0.0008331840484571617,0.004487136247971376,0.004487136247971376,-0.00407082630315979,-0.00407082630315979,0.002169861816906123,0.002169861816906123,-0.0024037714465820056,-0.0024037714465820056,0.002169861816906123,0.002169861816906123
515,-0.0021677875387133,0.004532840701069754,2024-11-22,0.0017278733387243836,0.0017278733387243836,0.004514710845583692,0.004514710845583692,0.0022024823521208255,0.0022024823521208255,0.004522919362934892,0.004522919362934892,0.0013847482086261778,0.0013847482086261778,0.004522919362934892,0.004522919362934892
516,-0.0017376198985408,0.004519854987426763,2024-11-29,-0.0005844383158428706,-0.0005844383158428706,0.004501451920218023,0.004501451920218023,-0.002084736968239835,-0.002084736968239835,0.0025924184683189374,0.0025924184683189374,-0.007977831292079652,-0.007977831292079652,0.0025924184683189374,0.0025924184683189374
517,-0.0580283573484887,0.00450775155437847,2024-12-06,0.0025294633804628947,0.0025294633804628947,0.004489097322557115,0.004489097322557115,0.0027114981690924455,0.0027114981690924455,0.005314736288208161,0.005314736288208161,-0.002488695807016065,-0.002488695807016065,0.005314736288208161,0.005314736288208161
518,0.0263731562991811,0.004387025475415407,2024-12-13,0.006122010972439579,0.006122010972439579,0.0043655450405985265,0.0043655450405985265,0.005847812521581463,0.005847812521581463,0.0075896819307981435,0.0075896819307981435,0.0011888620467817952,0.0011888620467817952,0.0075896819307981435,0.0075896819307981435
519,0.0481845030005176,0.004429387962551756,2024-12-20,0.005756079356459554,0.005756079356459554,0.004408952557873837,0.004408952557873837,0.0069792180871337435,0.0069792180871337435,0.007307052786046538,0.007307052786046538,-0.004068062001344363,-0.004068062001344363,0.007307052786046538,0.007307052786046538
520,0.0594919525815482,0.0045135324145478455,2024-12-27,0.003463952214301621,0.003463952214301621,0.004495124901264869,0.004495124901264869,-0.025390716366167725,-0.025390716366167725,-0.012213131436213064,-0.012213131436213064,-0.0356575405814552,-0.0356575405814552,-0.012213131436213064,-0.012213131436213064
521,-0.0150215964868376,0.004619057213332874,2025-01-03,0.0022999183432215495,0.0022999183432215495,0.004603173678632813,0.004603173678632813,-0.02497063245634208,-0.02497063245634208,-0.011712049320755348,-0.011712049320755348,-0.03289152038124182,-0.03289152038124182,-0.011712049320755348,-0.011712049320755348
523,0.0298340120907898,0.004680628061578551,2025-01-17,-0.0018730470870080562,-0.0018730470870080562,0.004666252584115962,0.004666252584115962,-0.00703727315563912,-0.00703727315563912,-0.0005659460239677118,-0.0005659460239677118,-0.005146156110005938,-0.005146156110005938,-0.0005659460239677118,-0.0005659460239677118
524,0.0276322008804452,0.004728630702855672,2025-01-24,-0.0011831517159198827,-0.0011831517159198827,0.004715408364402434,0.004715408364402434,-0.0038343746226509445,-0.0038343746226509445,0.0003925105104135079,0.0003925105104135079,-0.0034786412404730557,-0.0034786412404730557,0.0003925105104135079,0.0003925105104135079
525,-0.0189148355891903,0.004772256550812985,2025-01-31,0.00022818687891949536,0.00022818687891949536,0.004760080474570159,0.004760080474570159,0.0005486891855030016,0.0005486891855030016,0.0018588650041714777,0.0018588650041714777,-0.00019636624520679834,-0.00019636624520679834,0.0018588650041714777,0.0018588650041714777
526,-0.03187269856274,0.004727224056250242,2025-02-07,0.00032961535822672184,0.00032961535822672184,0.004714020326586189,0.004714020326586189,-0.0014029526267885888,-0.0014029526267885888,0.0019512154295702926,0.0019512154295702926,-0.0033088700777417265,-0.0033088700777417265,0.0019512154295702926,0.0019512154295702926
527,-0.0764542571304414,0.004657774487713259,2025-02-14,0.004344192824851863,0.004344192824851863,0.004642978153985556,0.004642978153985556,0.002651539899346791,0.002651539899346791,0.0055763797442171725,0.0055763797442171725,0.0044321286035542825,0.0044321286035542825,0.0055763797442171725,0.0055763797442171725
528,-0.0396021593919542,0.004504153215709177,2025-02-21,0.008618266803195463,0.008618266803195463,0.004485812969325814,0.004485812969325814,0.010597710742970595,0.010597710742970595,0.009835101981450291,0.009835101981450291,0.012816559019324936,0.012816559019324936,0.009835101981450291,0.009835101981450291
529,-0.0343676435042077,0.004420776443293935,2025-02-28,0.010913904868174513,0.010913904868174513,0.004400536427040939,0.004400536427040939,0.016256175276046423,0.016256175276046423,0.012309262949791048,0.012309262949791048,0.0189418608937769,0.0189418608937769,0.012309262949791048,0.012309262949791048
530,0.0415299717874662,0.004347590745279781,2025-03-07,0.011827609228471297,0.011827609228471297,0.0043256943808416175,0.0043256943808416175,0.01690604167490408,0.01690604167490408,0.01245730225253363,0.01245730225253363,0.01581616764882781,0.01581616764882781,0.01245730225253363,0.01245730225253363
531,0.0064025259616089,0.004417614061743408,2025-03-14,0.007492397941684969,0.007492397941684969,0.004397378923050914,0.004397378923050914,0.009818324159368558,0.009818324159368558,0.009771915949934654,0.009771915949934654,-0.005796828211256785,-0.005796828211256785,0.009771915949934654,0.009771915949934654
532,-0.0375712446052496,0.004421345099149171,2025-03-21,0.0038867380919742523,0.0038867380919742523,0.004401234975048141,0.004401234975048141,0.004299638735168073,0.004299638735168073,0.006447111606282453,0.006447111606282453,-0.0033651897429531155,-0.0033651897429531155,0.006447111606282453,0.006447111606282453
533,-0.0737795370308624,0.004342559752611838,2025-03-28,0.003088951325561624,0.003088951325561624,0.004320673593895937,0.004320673593895937,0.003331881678515855,0.003331881678515855,0.00623739117966708,0.00623739117966708,-0.0017990899230409603,-0.0017990899230409603,0.00623739117966708,0.00623739117966708
534,0.0157285406652665,0.004196263691219564,2025-04-04,0.004902276453064396,0.004902276453064396,0.004171056332162684,0.004171056332162684,0.0065269218794342275,0.0065269218794342275,0.007528752044481172,0.007528752044481172,0.004234186426749293,0.004234186426749293,0.007528752044481172,0.007528752044481172
535,0.0160994189341812,0.0042178193491149785,2025-04-11,0.0038561714155598463,0.0038561714155598463,0.004193154772570148,0.004193154772570148,0.0076707465389587665,0.0076707465389587665,0.008547961091626494,0.008547961091626494,0.0019699862093116903,0.0019699862093116903,0.008547961091626494,0.008547961091626494
536,0.008714985210096,0.004239986512519953,2025-04-18,0.003450858425164368,0.003450858425164368,0.004215876650741162,0.004215876650741162,0.003912701450474575,0.003912701450474575,0.008195403530524252,0.008195403530524252,0.000326709189906483,0.000326709189906483,0.008195403530524252,0.008195403530524252
537,0.0345609982717256,0.004248319843427916,2025-04-25,0.0014542818824716695,0.0014542818824716695,0.004224446381330409,0.004224446381330409,0.004685849248603388,0.004685849248603388,0.006400499151614477,0.006400499151614477,0.0007624558194383613,0.0007624558194383613,0.006400499151614477,0.006400499151614477
538,0.023256862164267,0.0043046631118819996,2025-05-02,0.00827625626049865,0.00827625626049865,0.003877488387268879,0.003877488387268879,0.005113760028627044,0.005113760028627044,0.002273687703370361,0.002273687703370361,0.0028265728337729373,0.0028265728337729373,0.002273687703370361,0.002273687703370361
539,0.0080137807235534,0.004339824891199968,2025-05-09,-0.002375625769681846,-0.002375625769681846,0.0038755517703485676,0.0038755517703485676,-0.002635335499714113,-0.002635335499714113,0.0020477940658362725,0.0020477940658362725,-0.004314014888584832,-0.004314014888584832,0.0020477940658362725,0.0020477940658362725
540,0.0085155212276575,0.004346628513111734,2025-05-16,-0.0026265714831131097,-0.0026265714831131097,0.003943441687703699,0.003943441687703699,-0.006775910077587109,-0.006775910077587109,0.0023794175383643006,0.0023794175383643006,-0.013530100361009595,-0.013530100361009595,0.0023794175383643006,0.0023794175383643006
541,-0.0163856341110095,0.0043543344146173635,2025-05-23,-0.002716828178640528,-0.002716828178640528,0.003958444697982065,0.003958444697982065,-0.004746708024214699,-0.004746708024214699,0.0024067912192050826,0.0024067912192050826,-0.011261818412446018,-0.011261818412446018,0.0024067912192050826,0.0024067912192050826
542,0.0430204094479691,0.0043160687900313365,2025-05-30,-0.001012391987664874,-0.001012391987664874,0.004255065971173928,0.004255065971173928,-0.0018682259391996055,-0.0018682259391996055,0.004310648382134413,0.004310648382134413,-0.007767776546593911,-0.007767776546593911,0.004310648382134413,0.004310648382134413
543,0.0440149101751119,0.00438734750210857,2025-06-06,-0.0015151117561200064,-0.0015151117561200064,0.0041974733435936155,0.0041974733435936155,-0.002920926239982645,-0.002920926239982645,0.0036445891518110058,0.0036445891518110058,-0.00990612925435268,-0.00990612925435268,0.0036445891518110058,0.0036445891518110058
544,-0.0398951570261276,0.004460192286433944,2025-06-13,-0.0009629972748885617,-0.0009629972748885617,0.004045212769692209,0.004045212769692209,-0.0017028996236690668,-0.0017028996236690668,0.002371977749562249,0.002371977749562249,-0.006223548454820591,-0.006223548454820591,0.002371977749562249,0.002371977749562249
545,-0.0279320597762051,0.004378806324392547,2025-06-20,0.0006417855363132084,0.0006417855363132084,0.00427029251132464,0.00427029251132464,-0.0005333129819532463,-0.0005333129819532463,0.0036327475046541136,0.0036327475046541136,-0.005100348860026728,-0.005100348860026728,0.0036327475046541136,0.0036327475046541136
546,0.0099559120045045,0.0043196289139518914,2025-06-27,-0.00010012799336184784,-0.00010012799336184784,0.004288176533046235,0.004288176533046235,-0.001171393797979503,-0.001171393797979503,0.0035618153534611716,0.0035618153534611716,-0.015371954718632426,-0.015371954718632426,0.0035618153534611716,0.0035618153534611716
547,-0.015750571707005,0.004329932904976668,2025-07-04,-0.002300354095359762,-0.002300354095359762,0.004522021272162099,0.004522021272162099,0.0009484029268475402,0.0009484029268475402,0.0035761518930375017,0.0035761518930375017,-0.004296459739436622,-0.004296459739436622,0.0035761518930375017,0.0035761518930375017
548,-0.0093991008097855,0.00429328964838546,2025-07-11,0.0043547522859389695,0.0043547522859389695,0.004875271178678316,0.004875271178678316,0.0063744610942051355,0.0063744610942051355,0.0035329153749166014,0.0035329153749166014,0.00521490687843191,0.00521490687843191,0.0035329153749166014,0.0035329153749166014
549,0.0205346024417076,0.00426834904645801,2025-07-18,0.003059424295729,0.003059424295729,0.0046316492342810545,0.0046316492342810545,0.007132923812396704,0.007132923812396704,0.003504049267361463,0.003504049267361463,0.006841188154328218,0.006841188154328218,0.003504049267361463,0.003504049267361463
550,-0.0042140812468307,0.00429792405263119,2025-07-25,0.001134240955519133,0.001134240955519133,0.00435386166073037,0.00435386166073037,0.0020725864113510534,0.0020725864113510534,0.0035419792298878464,0.0035419792298878464,0.0004059956395734295,0.0004059956395734295,0.0035419792298878464,0.0035419792298878464
551,0.0300889249746365,0.004282475767151223,2025-08-01,-0.001727559660278359,-0.001727559660278359,0.004427866615374325,0.004427866615374325,-0.001707031894118562,-0.001707031894118562,0.003524743539939583,0.003524743539939583,-0.00446202761024122,-0.00446202761024122,0.003524743539939583,0.003524743539939583
552,-0.0351693762070555,0.0043292265809329,2025-08-08,8.377916547971584e-06,8.377916547971584e-06,0.004181334882531631,0.004181334882531631,0.001200767709926576,0.001200767709926576,0.0035836441639633012,0.0035836441639633012,-0.001256952388973344,-0.001256952388973344,0.0035836441639633012,0.0035836441639633012
553,0.0258376219238254,0.004257800536108328,2025-08-15,0.0009797376105093953,0.0009797376105093953,0.004275113932658683,0.004275113932658683,-5.179962956580221e-05,-5.179962956580221e-05,0.003497907393230959,0.003497907393230959,-0.0021583523249375696,-0.0021583523249375696,0.003497907393230959,0.003497907393230959
554,0.0063221760882195,0.004296753282295542,2025-08-22,0.0010275755123502232,0.0010275755123502232,0.004280338157771236,0.004280338157771236,0.0009713623425990437,0.0009713623425990437,0.003547222436344854,0.003547222436344854,-0.0019997217846024254,-0.0019997217846024254,0.003547222436344854,0.003547222436344854
555,0.0409370721566881,0.004300402692756666,2025-08-29,0.0003368355250053688,0.0003368355250053688,0.004216088495478197,0.004216088495478197,-2.0103728466431322e-05,-2.0103728466431322e-05,0.003553334669058234,0.003553334669058234,-0.0025964358227021575,-0.0025964358227021575,0.003553334669058234,0.003553334669058234
556,-0.0035570816769467,0.004366295983159421,2025-09-05,0.003877871725193263,0.003877871725193263,0.004215471429455577,0.004215471429455577,0.0018499066359387425,0.0018499066359387425,0.0036354967294706074,0.0036354967294706074,0.0010300345276369862,0.0010300345276369862,0.0036354967294706074,0.0036354967294706074
557,0.0232204536792659,0.00435207088861704,2025-09-12,-0.0013464399191678881,-0.0013464399191678881,0.004001132406089229,0.004001132406089229,-0.0002355698625965655,-0.0002355698625965655,0.00361972353121092,0.00361972353121092,-0.0006851684065955596,-0.0006851684065955596,0.00361972353121092,0.00361972353121092
558,-0.0204527418630684,0.004385885194693471,2025-09-19,-0.0012046706180249061,-0.0012046706180249061,0.004062358936926193,0.004062358936926193,-0.0004941074937389856,-0.0004941074937389856,0.0036626135315348915,0.0036626135315348915,-0.0009607019126873844,-0.0009607019126873844,0.0036626135315348915,0.0036626135315348915
559,0.0410009729748859,0.0043414511570230565,2025-09-26,-0.00013279341138693838,-0.00013279341138693838,0.004179427442990834,0.004179427442990834,-0.0029880226908362327,-0.0029880226908362327,0.0036099599171361945,0.0036099599171361945,-0.005272140518863572,-0.005272140518863572,0.0036099599171361945,0.0036099599171361945
560,0.0065474925419772,0.0044069145888406686,2025-10-03,0.0008972789773040598,0.0008972789773040598,0.004249810213826297,0.004249810213826297,0.003516057899940646,0.003516057899940646,0.003691421819222795,0.003691421819222795,-0.00022555570393521275,-0.00022555570393521275,0.003691421819222795,0.003691421819222795
561,-0.0027648628898901,0.004410730235815956,2025-10-10,0.00017537516925728112,0.00017537516925728112,0.004193807145268304,0.004193807145268304,0.0010660814077134042,0.0010660814077134042,0.003697630668620087,0.003697630668620087,-0.0022549205343378688,-0.0022549205343378688,0.003697630668620087,0.003697630668620087
562,-0.0144507521641976,0.004397962276517547,2025-10-17,0.0012123307414554124,0.0012123307414554124,0.004338850309976688,0.004338850309976688,0.0028089613119589513,0.0028089613119589513,0.003683612244415076,0.003683612244415076,-0.0010477936852440056,-0.0010477936852440056,0.003683612244415076,0.003683612244415076
563,0.0028050509276091,0.004364483210015389,2025-10-24,0.0009308315017501744,0.0009308315017501744,0.004268695583333176,0.004268695583333176,0.0016052985302378799,0.0016052985302378799,0.0036443603734007627,0.0036443603734007627,-0.0021220457784156288,-0.0021220457784156288,0.0036443603734007627,0.0036443603734007627
564,0.011771542802224,0.0043617182591600585,2025-10-31,0.002380462909210284,0.002380462909210284,0.004495457359360093,0.004495457359360093,0.0045358049845765636,0.0045358049845765636,0.0036425476100189233,0.0036425476100189233,0.002011364855327607,0.002011364855327607,0.0036425476100189233,0.0036425476100189233
565,0.0182049915555229,0.0043748329928645965,2025-11-07,0.0037779105192387898,0.0037779105192387898,0.0044769852596372875,0.0044769852596372875,0.005510905664220318,0.005510905664220318,0.0036600669962090207,0.0036600669962090207,0.0044982153044004405,0.0044982153044004405,0.0036600669962090207,0.0036600669962090207
566,-0.0064460369475529,0.0043992679019859,2025-11-14,0.0010442734696436136,0.0010442734696436136,0.0043764030171311264,0.0043764030171311264,0.004802792146579805,0.004802792146579805,0.003691346403863459,0.003691346403863459,0.006069439589303736,0.006069439589303736,0.003691346403863459,0.003691346403863459
567,0.0348296952067714,0.004380140380205409,2025-11-21,0.0007311777576363165,0.0007311777576363165,0.004309396333826597,0.004309396333826597,0.003766962290069277,0.003766962290069277,0.0036695923623368144,0.0036695923623368144,0.00744020186732465,0.00744020186732465,0.0036695923623368144,0.0036695923623368144
568,-0.0085640714006922,0.00443374875137894,2025-11-28,-0.0004462189549518016,-0.0004462189549518016,0.004177277150254901,0.004177277150254901,0.0011087449241363543,0.0011087449241363543,0.00373631635129706,0.00373631635129706,-0.0017888365274734155,-0.0017888365274734155,0.00373631635129706,0.00373631635129706
569,0.0216891852444369,0.004410905482218886,2025-12-05,0.0016066474379370318,0.0016066474379370318,0.004273003408584272,0.004273003408584272,0.0028162411247342244,0.0028162411247342244,0.0037100334714851167,0.0037100334714851167,-0.0001578126292559297,-0.0001578126292559297,0.0037100334714851167,0.0037100334714851167
570,0.0120185257192417,0.004441218253731549,2025-12-12,0.00020251907523449568,0.00020251907523449568,0.004285850049576786,0.004285850049576786,0.0035477671519342662,0.0035477671519342662,0.003748368549892264,0.003748368549892264,0.004098821186818728,0.004098821186818728,0.003748368549892264,0.003748368549892264
571,0.0111811087975155,0.004454488494476751,2025-12-19,-0.0006505364115322225,-0.0006505364115322225,0.0041954717240071685,0.0041954717240071685,-0.0020134395174962617,-0.0020134395174962617,0.0037659646289759856,0.0037659646289759856,-0.003974005430274902,-0.003974005430274902,0.0037659646289759856,0.0037659646289759856
572,0.003584026034284,0.004466248320181364,2025-12-26,0.00010700528631355996,0.00010700528631355996,0.004345052312998559,0.004345052312998559,-0.024753692495234923,-0.024753692495234923,0.003781708034853989,0.003781708034853989,-0.02742706928935675,-0.02742706928935675,0.003781708034853989,0.003781708034853989
573,0.0142090164149379,0.004464708665232154,2026-01-02,0.003334354169282498,0.003334354169282498,0.004276324837066508,0.004276324837066508,-0.02138522369686304,-0.02138522369686304,0.0037812892170561714,0.0037812892170561714,-0.02349479532169341,-0.02349479532169341,0.0037812892170561714,0.0037812892170561714
575,-0.0403102839436488,0.0045220917228108014,2026-01-16,0.00019336654359937248,0.00019336654359937248,0.004297301448273931,0.004297301448273931,-0.001973551670746369,-0.001973551670746369,0.0038033351519354136,0.0038033351519354136,-0.008157176350419112,-0.008157176350419112,0.0038033351519354136,0.0038033351519354136
576,-0.0839679032003903,0.004444257737278755,2026-01-23,0.0025390599241797993,0.0025390599241797993,0.004498929128883116,0.004498929128883116,0.004342347542926231,0.004342347542926231,0.0037102684449827044,0.0037102684449827044,0.0008363406552207549,0.0008363406552207549,0.0037102684449827044,0.0037102684449827044
577,-0.0315708501156333,0.00429103042196217,2026-01-30,0.00671447980507886,0.00671447980507886,0.004269754243805037,0.004269754243805037,0.00498590958344833,0.00498590958344833,0.0035256828204661295,0.0035256828204661295,0.0009128608955406331,0.0009128608955406331,0.0035256828204661295,0.0035256828204661295
578,-0.1073455851397771,0.004228985645945569,2026-02-06,-0.003308968942166422,-0.003308968942166422,0.004206431621261861,0.004206431621261861,0.0019401443866030503,0.0019401443866030503,0.0034519506084155008,0.0034519506084155008,-0.0010806231754548297,-0.0010806231754548297,0.0034519506084155008,0.0034519506084155008
579,0.0435310646544033,0.004036283451151574,2026-02-13,0.012762573798237897,0.012762573798237897,0.004009690850960204,0.004009690850960204,0.017647207868933146,0.017647207868933146,0.003219670659257864,0.003219670659257864,0.012730726608836765,0.012730726608836765,0.003219670659257864,0.003219670659257864
580,-0.0430991924818515,0.004104377901502009,2026-02-20,0.010008766776103342,0.010008766776103342,0.004079270734416969,0.004079270734416969,0.01912726376655865,0.01912726376655865,0.0033040041194987544,0.0033040041194987544,0.02423572719224789,0.02423572719224789,0.0033040041194987544,0.0033040041194987544
581,0.0031613763935736,0.004023132513578853,2026-02-27,0.008152832093580906,0.008152832093580906,0.0039963560363215946,0.0039963560363215946,0.00994207072677987,0.00994207072677987,0.003207128970017856,0.003207128970017856,0.011283246999419044,0.011283246999419044,0.003207128970017856,0.003207128970017856
582,-0.0202905511897339,0.004021651832960287,2026-03-06,0.008051272711461388,0.008051272711461388,0.00399489115975537,0.00399489115975537,0.012294646013210958,0.012294646013210958,0.0032070336521502637,0.0032070336521502637,0.006499656040058809,0.006499656040058809,0.0032070336521502637,0.0032070336521502637
583,-0.023255139661229,0.003979949940983111,2026-03-13,0.0038372100016327857,0.0038372100016327857,0.0039523597370767554,0.0039523597370767554,0.003864809658263459,0.003864809658263459,0.003158182124412459,0.003158182124412459,-0.012827454499177281,-0.012827454499177281,0.003158182124412459,0.003158182124412459
584,0.0568003565053158,0.0039333145135820625,2026-03-20,0.0061109386781587425,0.0061109386781587425,0.0039047941786881086,0.0039047941786881086,0.011461787892154834,0.011461787892154834,0.0031033827016206717,0.0031033827016206717,-0.004389330382676238,-0.004389330382676238,0.0031033827016206717,0.0031033827016206717
585,0.0005661712819318,0.004023685525533744,2026-03-27,0.003154426097406785,0.003154426097406785,0.003997107550985889,0.003997107550985889,0.0056351710121383,0.0056351710121383,0.003214556560427494,0.003214556560427494,-0.008518012273018023,-0.008518012273018023,0.003214556560427494,0.003214556560427494
586,0.0164202692911814,0.004017785330578792,2026-04-03,-0.03774281541487123,-0.03774281541487123,0.003991130310099035,0.003991130310099035,-0.03646849165670522,-0.03646849165670522,0.003209084690017379,0.003209084690017379,-0.05398038707347246,-0.05398038707347246,0.003209084690017379,0.003209084690017379
